pid,stimuli,scanpath
1,13,<=.1_result.1_int.1_diff.1_int.3_return.1_result.2_result.3_back.1_-=.1_result.3_back.1_while.1_result.3_back.1_diff.2_result.3_back.1_diff.2_result.3_back.1_-=.1_result.3_back.1_-=.1_result.3_back.1_<=.1_result.3_back.1_diff.2_<=.1_result.3_back.1_start.3_result.3_back.1_start.3_<=.1_start.3_result.3_back.1_<=.1_result.3_back.1_diff.2_result.3_back.1_diff.2_result.3_back.1_<=.1_diff.2_result.3_back.1_diff.2_start.3_result.3_back.1_end.3_<=.1_result.3_back.1_diff.2_result.3_back.1_diff.2_result.3_back.1_diff.2_result.3_back.1_diff.2_result.3_back.1_diff.2_result.3_back.1_start.3_result.3_back.1_diff.2_result.3_back.1_diff.2_result.3_back.1_diff.2_result.3_back.1_diff.2_result.3_back.1_diff.2_result.3_back.1_diff.2_result.3_back.1_-=.1_result.3_back.1_-=.1_result.3_back.1_diff.2_result.3_back.1_-=.1_result.3_back.1_-=.1_result.3_back.1_-=.1_result.3_back.1_diff.2_result.3_back.1_diff.2_result.3_back.1_diff.2_<=.1_diff.2_result.3_back.1_diff.2_result.3_back.1_diff.2_result.3_back.1_diff.2_result.3_back.1_diff.2_result.3_back.1_start.3_result.3_back.1_diff.2_result.3_back.1_start.3_result.3_back.1_diff.2_result.3_back.1_diff.2_result.3_back.1_diff.2_result.3_back.1_diff.2_result.3_back.1_<=.1_result.3_back.1_diff.2_result.3_back.1_diff.2_result.3_back.1_diff.2_result.3_back.1_diff.2_result.3_back.1_end.3_result.3_back.1_end.3_result.3_back.1_diff.2_result.3_back.1_end.5_result.3_back.1_start.3_result.3_back.1_end.3_result.3_back.1_end.3_result.3_back.1_diff.2_result.3_back.1_<=.1_result.3_back.1_diff.2_result.3_back.1_diff.2_result.3_back.1_diff.2_result.3_back.1_diff.2_result.3_back.1_<=.1_result.3_back.1_diff.2_result.3_back.1_diff.2_result.3_back.1_diff.2_result.3_back.1_-=.1_result.3_back.1_start.3_result.3_back.1_-=.1_<=.1_result.3_back.1_diff.2_result.3_back.1_diff.2_result.3_back.1_<=.1_result.3_back.1_diff.2_result.3_back.1
2,13,result.1_sequence.1_result.1_sequence.1_result.1_return.1_>.1_result.2_return.1_result.2_std::vector<int>.2_if.1_start.2_return.1_result.2_start.1_int.2_end.1_result.3_back.1_diff.2_result.3_back.1_start.3_result.3_back.1_start.3_<=.1_result.3_back.1_<=.1_result.3_back.1_<=.1_diff.2_result.3_back.1_end.5_result.3_back.1_end.5_result.3_back.1_end.5_result.3_back.1_-=.1_result.3_back.1_start.3_start.3_result.3_back.1_start.3_result.3_back.1_end.3_result.3_back.1_end.3_start.3_result.3_back.1_diff.2_result.3_back.1_<=.1_result.3_back.1_end.5_result.3_back.1_end.5_result.3_back.1_end.3_<=.1_result.3_back.1_<=.1_result.3_back.1_diff.2_result.3_back.1_diff.2_result.3_back.1_-=.1_<=.1_result.3_back.1_<=.1_result.3_back.1_<=.1_-=.1_end.5_result.3_back.1_end.5_result.3_back.1_diff.2_result.3_back.1_start.3_while.1_result.3_back.1_<=.1_result.3_back.1_diff.2_result.3_back.1_diff.2_result.3_back.1_-=.1_result.3_back.1_diff.2_result.3_back.1_-=.1_result.3_back.1_diff.2_result.3_back.1_diff.2_result.3_back.1_diff.2
3,13,result.1_sequence.1_std::vector<int>.2_return.1_end.5_diff.2_while.1_result.3_back.1_<=.1_end.2_start.2_return.1_while.1_start.3_end.5_result.3_back.1_diff.2_result.3_back.1_end.5_start.3_result.3_back.1_while.1_start.3_while.1_result.3_back.1_<=.1_result.3_back.1_start.3_while.1_std::vector<int>.2_diff.1_end.3_result.2_start.3_result.2_start.3_<=.1_start.3_while.1_result.3_back.1_start.3_result.3_back.1_end.5_result.3_back.1_end.5_return.2_result.3_back.1_start.3_end.2_start.3_result.3_back.1_start.3_result.3_back.1_start.3_result.2_start.3_<=.1_start.3_start.3_start.3_result.2_start.3_<=.1_diff.2_result.3_back.1_diff.2_end.5_result.3_back.1
4,13,return.1_start.3_start.3_start.3_result.3_back.1
5,13,start.2_return.1_result.2_<=.1_result.3_back.1_return.1_result.2_<=.1_result.3_back.1_result.2_start.3_result.2_if.1_result.1_>.1_std::vector<int>.2_>.1_result.1_return.1_start.3_<=.1_start.3_start.3_start.3_-=.1_result.3_back.1_diff.2_result.3_back.1_diff.2_result.3_back.1_diff.2_result.3_back.1_diff.2_result.3_back.1_diff.2
6,13,result.3_back.1_start.2_if.1_end.2_<=.1_result.3_back.1_diff.2_result.3_back.1_end.5_result.3_back.1_end.5_result.3_back.1_-=.1_diff.2_result.3_back.1_start.3_return.2_result.3_back.1_diff.2_result.3_back.1_end.3_result.3_back.1_end.3_result.3_back.1_diff.2_result.3_back.1_diff.2_result.3_back.1
7,13,std::vector<int>.1_std::vector<int>.2_std::vector<int>.1_sequence.1_start.2_>.1_end.2_>.1_end.2_start.2_sequence.1_result.2_<=.1_start.3_result.3_back.1_start.3_result.3_back.1_end.3_start.3_result.3_back.1_start.3_result.3_back.1_diff.2_result.3_back.1_diff.2_result.3_back.1_diff.2_result.3_back.1_diff.2_>.1_return.1_>.1_std::vector<int>.2_start.2_return.1_std::vector<int>.2_start.2_return.1_start.2_return.1_>.1_result.1_sequence.1_std::vector<int>.2_std::vector<int>.1_std::vector<int>.2_result.2_return.1_result.3_back.1_end.3_result.3_back.1_diff.1_end.1_diff.1_end.1_result.3_back.1_start.3_result.3_back.1_start.3_start.3_start.3_<=.1_end.3_result.3_back.1_end.3_<=.1_result.2_<=.1
8,13,else.1_while.1_start.2_if.1_std::vector<int>.2_result.1_else.1_start.3_result.3_back.1_start.3_result.3_back.1_<=.1_result.3_back.1_<=.1_result.3_back.1_while.1_result.3_back.1_while.1_result.3_back.1_end.3_result.3_back.1_end.3_result.3_back.1_end.5_result.3_back.1_-=.1_result.3_back.1_-=.1_result.3_back.1_-=.1_result.3_back.1_diff.2_result.3_back.1_diff.2_result.3_back.1_diff.2_result.3_back.1_diff.2_return.2_while.1_start.3_result.3_back.1_start.3_result.3_back.1_start.3_result.3_back.1_end.3_result.3_back.1_<=.1_result.3_back.1_<=.1_result.3_back.1_start.3_result.3_back.1_start.3_result.3_back.1_start.3_result.3_back.1_diff.2_result.3_back.1_end.5_result.3_back.1_-=.1_return.2_result.3_back.1_-=.1_result.3_back.1_end.5_-=.1_return.2
9,13,result.1_sequence.1_result.1_std::vector<int>.2_end.1_sequence.1_<=.1_start.3_<=.1_end.3_<=.1_result.3_back.1_start.3_start.3_start.3_result.2_<=.1_result.2_end.3_result.2_<=.1_result.3_back.1_start.3_<=.1_result.3_back.1_start.3_result.2_result.3_back.1_end.3_result.3_back.1_<=.1_result.3_back.1_diff.2_result.3_back.1_diff.2_<=.1_result.3_back.1_<=.1_result.3_back.1_<=.1_result.3_back.1_<=.1_diff.2_end.1_<=.1_result.3_back.1_<=.1_result.3_back.1_<=.1_result.3_back.1_diff.2_result.3_back.1_<=.1_result.3_back.1_end.3_result.3_back.1_start.3_result.3_back.1_start.3_result.3_back.1_<=.1_result.2_end.2_result.2_diff.2_result.3_back.1_start.3_start.3_result.3_back.1_start.3_start.3_result.2_<=.1_result.3_back.1_end.3_<=.1_result.3_back.1_start.3_-=.1_result.3_back.1_-=.1_result.3_back.1_-=.1_start.3_std::vector<int>.2_result.2_std::vector<int>.1_std::vector<int>.2_result.2_sequence.1_end.2_std::vector<int>.2_result.2_diff.2_result.3_back.1_diff.2_<=.1_result.3_back.1_diff.2_start.3_result.3_back.1_start.3_result.3_back.1_start.3_result.3_back.1_start.3_result.3_back.1_start.3_start.3_result.3_back.1_start.3_result.3_back.1_diff.2_result.3_back.1_<=.1_result.3_back.1_<=.1_start.3_result.2_end.2_std::vector<int>.2_result.3_back.1_result.1_-=.1_result.2_end.2_result.3_back.1_result.2_std::vector<int>.2_end.2_<=.1_start.3_result.3_back.1_start.3_-=.1_result.3_back.1_diff.2_result.3_back.1_diff.2_result.3_back.1_diff.2_result.3_back.1_end.3_result.3_back.1_end.3_result.3_back.1_diff.2
10,13,start.3_result.3_back.1_start.3_std::vector<int>.1_int.1_result.1_start.3_result.3_back.1_-=.1_result.3_back.1_-=.1_result.3_back.1_start.3_result.3_back.1_start.3_result.3_back.1_start.3_result.3_back.1_start.3_result.3_back.1_end.3_result.3_back.1_-=.1_result.3_back.1_-=.1_result.3_back.1_-=.1_diff.2_result.3_back.1_diff.2_result.3_back.1_-=.1_diff.2_result.3_back.1_diff.2_result.3_back.1_diff.2_result.3_back.1_diff.2_result.3_back.1
11,13,result.3_back.1_result.2_return.1_start.2_return.1_start.2_return.1_-=.1_result.3_back.1_<=.1_result.3_back.1_<=.1_result.3_back.1_<=.1_result.3_back.1_start.3_-=.1_result.3_back.1_-=.1_diff.2_result.3_back.1_diff.2_result.3_back.1_diff.2_result.3_back.1_diff.2_result.3_back.1_diff.2_result.3_back.1_end.3_result.3_back.1_diff.2_result.3_back.1_diff.2_result.3_back.1_<=.1_result.3_back.1_start.3_result.3_back.1_start.3_result.3_back.1_start.3_result.3_back.1_diff.2_result.3_back.1_diff.2_return.2_diff.2_int.3_result.3_back.1_end.3_result.3_back.1
12,13,<=.1_result.3_back.1_std::vector<int>.2_return.1_start.2_result.2_end.2_std::vector<int>.2_result.2_start.3_start.3_result.2_<=.1_result.2_std::vector<int>.2_end.2_result.3_back.1_diff.2_result.3_back.1_start.3_<=.1_start.3_end.3_result.3_back.1_<=.1_diff.1_sequence.1_result.2_result.3_back.1_start.3_result.2_result.3_back.1_start.3_result.2_end.2_result.2_end.2_start.2_return.1_std::vector<int>.2_start.2_result.2_>.1_result.3_back.1_end.3_result.3_back.1_end.3_result.3_back.1_result.2_start.3_<=.1_end.3_start.3_while.1_start.3_result.3_back.1_start.3_result.3_back.1_end.3_result.3_back.1_<=.1_result.3_back.1_start.3_result.3_back.1_<=.1_result.3_back.1_<=.1_result.3_back.1_<=.1_result.3_back.1_<=.1_result.3_back.1_start.3_result.3_back.1_<=.1_result.3_back.1_<=.1_result.3_back.1_<=.1_result.3_back.1_<=.1_result.3_back.1_end.5_result.3_back.1_diff.2_result.3_back.1_-=.1_start.3_end.5_result.3_back.1_while.1_start.3_<=.1_result.3_back.1_<=.1_result.3_back.1_start.3_start.3_result.3_back.1_diff.2_result.3_back.1_end.5_result.3_back.1_start.3_result.3_back.1_end.3_diff.2_result.3_back.1_diff.2_result.3_back.1_start.3_result.3_back.1_diff.2_result.3_back.1_-=.1
13,13,result.3_back.1_diff.2_result.3_back.1_diff.2_result.3_back.1_diff.2_start.3_result.3_back.1_diff.2_result.3_back.1_diff.2
14,13,std::vector<int>.2_std::vector<int>.1_std::vector<int>.2_std::vector<int>.1_int.3_diff.1_end.1_start.3_result.3_back.1_start.3_result.3_back.1_start.3_result.3_back.1_start.3_-=.1_result.3_back.1_diff.2_int.2_diff.2_end.5_result.3_back.1_<=.1_result.3_back.1_<=.1_start.3_end.3_result.3_back.1_start.3_result.3_back.1_diff.2_int.3_diff.2
15,13,else.1_std::vector<int>.1_result.1_sequence.1_result.1_int.2_diff.1_-=.1_result.3_back.1_-=.1_result.3_back.1_-=.1_result.3_back.1_diff.2_while.1_return.1_start.2_result.2_end.3_result.2_start.3_while.1_<=.1_start.3_<=.1_result.3_back.1_diff.2_result.3_back.1_end.5_while.1_start.3_result.3_back.1_start.3_end.5_result.3_back.1_end.5_result.3_back.1_start.3_<=.1_result.3_back.1_<=.1_result.3_back.1_<=.1_result.3_back.1_<=.1_result.3_back.1_<=.1_result.3_back.1_end.5_result.3_back.1_diff.2_result.3_back.1_diff.2_result.3_back.1_diff.2
17,13,result.3_back.1_std::vector<int>.2_>.1_std::vector<int>.2_result.2_end.3_start.3_<=.1_end.3_result.3_back.1_start.3_result.3_back.1_start.3_result.3_back.1_<=.1_result.3_back.1_diff.2_result.3_back.1_diff.2_-=.1_result.3_back.1_start.3_-=.1_result.3_back.1_end.3_result.3_back.1_diff.2_result.3_back.1_diff.2_result.3_back.1_diff.2_result.3_back.1_diff.2_result.3_back.1_<=.1_result.3_back.1_diff.2_result.3_back.1_end.5_result.3_back.1_diff.2
20,13,result.3_back.1_diff.2_int.1_result.1_int.1_result.1_int.1_int.2_end.1_diff.1_int.3_result.3_back.1_diff.2_result.3_back.1_diff.2_result.3_back.1_diff.2_result.3_back.1_start.3_result.3_back.1_start.3_<=.1_result.3_back.1_diff.2_result.3_back.1_start.3_result.3_back.1_diff.2_result.3_back.1_diff.2_result.3_back.1_end.3_result.3_back.1_diff.2_result.3_back.1_diff.2_result.3_back.1_diff.2_result.3_back.1_diff.2_result.3_back.1_diff.2_result.3_back.1_diff.2_result.3_back.1_diff.2_result.3_back.1_diff.2_start.3_start.3_start.3_result.3_back.1_start.3_result.3_back.1_diff.2_result.3_back.1_diff.2_result.3_back.1_diff.2_result.3_back.1_start.3_result.3_back.1_start.3_result.3_back.1_start.3_<=.1_result.3_back.1_<=.1_result.3_back.1_end.5
21,13,if.1_std::vector<int>.1_std::vector<int>.2_end.2_sequence.1_end.1_result.3_back.1_start.3_end.3_-=.1_diff.2_result.3_back.1_diff.2_result.3_back.1_-=.1_result.3_back.1_diff.2_result.3_back.1_end.5_diff.2_diff.1_result.3_back.1_diff.1_end.1_diff.2_result.3_back.1_diff.2_result.3_back.1_diff.2_diff.1_result.3_back.1_-=.1_result.3_back.1_<=.1
22,13,result.1_std::vector<int>.2_sequence.1_std::vector<int>.2_int.1_int.2_std::vector<int>.2_start.2_std::vector<int>.1_start.1_end.1_int.3_std::vector<int>.1_std::vector<int>.2_std::vector<int>.1_std::vector<int>.2_return.1_sequence.1_result.1_sequence.1_std::vector<int>.1_result.1_std::vector<int>.2_int.1_int.2_diff.1_int.2_end.1_diff.1_sequence.1_start.1_int.2_int.1_end.1_result.2_end.2_start.3_result.3_back.1_-=.1_result.3_back.1_-=.1_result.3_back.1_diff.1_result.2_<=.1_end.3_result.3_back.1_end.3_result.3_back.1_end.3_start.3_<=.1_end.3_<=.1_start.3_<=.1_start.3_<=.1_start.3_start.3_start.3_start.3_<=.1_result.3_back.1_<=.1_result.3_back.1_<=.1_result.3_back.1_<=.1_result.3_back.1_diff.2_result.3_back.1_result.2_<=.1_end.3_result.3_back.1_start.3_result.3_back.1_start.3_<=.1_result.3_back.1_<=.1_result.3_back.1_diff.2_result.3_back.1_<=.1_result.3_back.1_start.3_result.3_back.1_end.3_<=.1_result.3_back.1_diff.2_result.3_back.1_diff.2_<=.1_result.3_back.1_<=.1_result.3_back.1_<=.1_result.3_back.1_<=.1_result.3_back.1_<=.1_diff.2_result.3_back.1_diff.2_end.3_result.3_back.1
23,13,result.3_back.1_<=.1_result.3_back.1_end.3_result.3_back.1_end.3_result.3_back.1_end.3_result.3_back.1_diff.2_result.3_back.1_diff.2_result.3_back.1_diff.2_result.3_back.1_diff.2_result.3_back.1_diff.2_result.3_back.1_end.3_result.3_back.1_diff.2_result.3_back.1_diff.2_result.3_back.1
24,13,std::vector<int>.1_sequence.1_end.1_start.1_int.2_result.2_end.2_result.2_result.3_back.1_start.3_result.3_back.1_<=.1_int.2_result.3_back.1_end.3_<=.1_result.3_back.1_diff.2_result.3_back.1_diff.2_result.3_back.1_diff.2_result.3_back.1_diff.2_result.3_back.1_<=.1_result.3_back.1_end.3_result.3_back.1_result.1_end.3_result.3_back.1_<=.1_result.3_back.1_<=.1_result.3_back.1_diff.2_start.1_end.3_result.3_back.1_diff.2_result.3_back.1
25,13,int.1_result.1_int.1_std::vector<int>.2_std::vector<int>.1_std::vector<int>.2_std::vector<int>.1_std::vector<int>.2_end.2_std::vector<int>.2_end.2_std::vector<int>.2_end.2_result.2_end.2_result.2_end.2_result.2_end.2_std::vector<int>.2_result.2_end.2_result.2_end.2_result.2_end.2_result.2_end.2_result.2_end.2_>.1_result.2_start.3_result.2_end.2_start.3_result.2_start.3_result.3_back.1_end.3_result.3_back.1_<=.1_result.3_back.1_end.3_result.3_back.1_diff.2_<=.1_result.2_result.3_back.1_end.3_result.3_back.1_sequence.1_result.3_back.1_diff.2_result.3_back.1_diff.2_result.3_back.1_end.3_result.3_back.1_std::vector<int>.2_return.1_std::vector<int>.2_return.1_result.2_end.2_result.2_end.2_result.2_end.2_result.2_end.2_result.2_result.3_back.1_result.2_start.3_result.2_start.3_result.2
26,13,std::vector<int>.2_std::vector<int>.1_diff.1_<=.1_start.3_diff.2_result.3_back.1_end.5_result.3_back.1_diff.2_result.3_back.1_diff.2_end.3_result.3_back.1_end.3_result.3_back.1_diff.2_result.3_back.1_<=.1_diff.2_result.3_back.1_<=.1_result.3_back.1_<=.1_result.3_back.1_<=.1_result.3_back.1_<=.1_start.3_result.3_back.1_diff.2
27,13,start.3_result.3_back.1_while.1_end.3_<=.1_start.3_else.1_<=.1_-=.1_diff.2_end.5_diff.2_end.5_diff.2_result.3_back.1_-=.1_result.3_back.1_-=.1_diff.2_return.2
28,13,return.1_result.2_end.2_result.2_return.1_diff.2_result.3_back.1_diff.2_result.3_back.1_diff.2_result.3_back.1_diff.2_result.3_back.1_start.3
29,13,std::vector<int>.1_result.3_back.1_<=.1_result.3_back.1_<=.1_result.3_back.1_<=.1_result.3_back.1_diff.2_std::vector<int>.1_std::vector<int>.2_start.1_end.1_diff.1_diff.2_result.3_back.1_start.3_diff.2_<=.1_result.2_result.3_back.1_-=.1_result.3_back.1_-=.1_diff.2_result.3_back.1_-=.1_start.3_result.3_back.1_-=.1_diff.2_result.3_back.1_diff.2_result.3_back.1_<=.1_result.3_back.1_<=.1_result.3_back.1_diff.2_result.2_end.3_<=.1_return.1_else.1_int.3_diff.1_diff.2_-=.1_result.3_back.1_-=.1_result.3_back.1_return.2_result.3_back.1_diff.2_result.3_back.1_diff.2_result.3_back.1_diff.2_result.3_back.1_start.3_result.3_back.1_start.3_result.3_back.1_end.3_diff.2_-=.1_result.3_back.1_-=.1_result.3_back.1_-=.1_end.5
30,13,return.1_std::vector<int>.1_int.3_result.2_end.2_return.1_start.2_return.1_start.2_return.1_start.3_result.3_back.1_diff.2_result.3_back.1_diff.2_result.3_back.1_diff.2_result.3_back.1_<=.1_result.3_back.1_diff.2_result.3_back.1_diff.2_result.3_back.1_diff.2_result.3_back.1_diff.2_diff.1_result.3_back.1_-=.1_result.3_back.1_diff.2_result.3_back.1_start.3_result.3_back.1_-=.1_result.3_back.1_diff.2_result.3_back.1_diff.2_result.3_back.1_diff.2_result.3_back.1_diff.2_result.3_back.1_diff.2_result.3_back.1_diff.2_result.3_back.1_<=.1_result.3_back.1_<=.1_result.3_back.1_<=.1_result.3_back.1_diff.2_result.3_back.1_-=.1_result.3_back.1_diff.2_result.3_back.1_start.3_result.3_back.1_end.2_std::vector<int>.2_result.2_start.3_end.2_start.3_result.3_back.1_start.3_result.3_back.1_start.3_start.3_result.3_back.1_start.3_result.3_back.1_start.3_<=.1_result.2_end.1_int.1_int.2_diff.2_result.3_back.1_diff.2_result.3_back.1_diff.2_result.3_back.1_<=.1_result.2_result.3_back.1_-=.1_start.3_result.3_back.1_-=.1_result.3_back.1_-=.1_result.3_back.1_start.3_result.3_back.1_start.3_result.3_back.1_start.3_result.3_back.1_start.3_result.3_back.1_start.3_result.3_back.1_start.3_result.3_back.1_<=.1_result.3_back.1_-=.1_result.3_back.1_start.3_diff.2_result.3_back.1_<=.1_result.3_back.1_diff.2_result.3_back.1_<=.1_result.3_back.1_-=.1_result.3_back.1_diff.2_result.3_back.1_diff.2_result.3_back.1_diff.2_result.3_back.1_diff.2_result.3_back.1_-=.1_result.3_back.1_-=.1_start.3_result.3_back.1_-=.1_diff.2_result.3_back.1_<=.1_result.3_back.1_<=.1_start.3_result.3_back.1_start.3_result.3_back.1_start.3_result.3_back.1_diff.2_result.3_back.1_<=.1_result.3_back.1_<=.1_result.3_back.1_-=.1_result.3_back.1_<=.1_result.3_back.1_<=.1_diff.2_result.3_back.1_<=.1_diff.2_result.3_back.1_diff.2_<=.1_result.3_back.1_<=.1
31,13,return.1_start.2_std::vector<int>.2_std::vector<int>.1_start.2_if.1_result.1_end.2_std::vector<int>.2_end.2_start.3_result.3_back.1_-=.1_result.3_back.1_-=.1_result.3_back.1_diff.2_result.3_back.1_start.3_result.3_back.1_start.3_diff.2_result.3_back.1_diff.2_result.3_back.1_start.3_result.3_back.1
32,13,result.3_back.1_<=.1_result.3_back.1_start.2_return.1_start.2_return.1_end.2_std::vector<int>.2_end.2_sequence.1_result.1_int.3_result.3_back.1_start.3_result.3_back.1_start.3_end.3_result.3_back.1_end.3_result.3_back.1_diff.2_result.3_back.1_diff.2_result.3_back.1_-=.1_result.3_back.1_diff.2_end.5_diff.2_result.3_back.1
33,13,diff.2_result.3_back.1_diff.2_result.3_back.1_if.1_start.3_result.3_back.1_diff.2_start.3_end.3_result.3_back.1_diff.2_result.3_back.1_diff.2_result.3_back.1_-=.1_diff.2_result.3_back.1_diff.2_result.3_back.1_diff.2_end.3_diff.2_result.3_back.1_diff.2_result.3_back.1_end.5_result.3_back.1_end.5_result.3_back.1_end.5_<=.1_result.3_back.1_<=.1_result.3_back.1_diff.2_end.5_result.3_back.1_end.5_-=.1_result.3_back.1_diff.2_result.3_back.1_end.3_result.3_back.1_end.3_result.3_back.1
34,13,
35,13,result.3_back.1_end.2_<=.1_result.3_back.1_diff.2_result.3_back.1_diff.2_result.3_back.1_diff.2_result.3_back.1_diff.2_result.3_back.1_diff.2_result.3_back.1_diff.2_<=.1_end.3
36,13,return.1_start.2_result.3_back.1_diff.2_result.3_back.1_diff.2_-=.1_result.3_back.1_start.3_result.3_back.1_end.3_<=.1_result.3_back.1_-=.1_result.3_back.1_-=.1_result.3_back.1_diff.2_result.3_back.1_diff.2_result.3_back.1_-=.1_result.3_back.1_diff.2_result.3_back.1
37,13,result.3_back.1_while.1_start.3_result.3_back.1_-=.1_result.3_back.1_-=.1_diff.2_result.3_back.1_-=.1_diff.2_result.3_back.1_<=.1_end.3_diff.2_result.3_back.1_diff.2_result.3_back.1_diff.2_result.3_back.1_diff.2_result.3_back.1_diff.2
38,13,std::vector<int>.1_std::vector<int>.2_std::vector<int>.1_start.1_end.1_start.1_end.1_start.1_int.2_diff.1_return.1_start.3_<=.1_start.3_<=.1_start.3_result.3_back.1_start.3_result.3_back.1_result.2_end.2_result.2_start.3_<=.1_result.2_result.3_back.1_diff.2_-=.1_result.3_back.1_start.3_result.3_back.1_diff.2_result.3_back.1_diff.2_result.3_back.1
40,13,start.2_std::vector<int>.2_start.2_std::vector<int>.2_end.2_std::vector<int>.2_result.3_back.1_<=.1_result.2_result.3_back.1_end.3_start.3_end.3_result.3_back.1_end.3_result.3_back.1_end.5_diff.2_result.3_back.1_diff.2_result.3_back.1_diff.2_result.3_back.1_end.5_-=.1_diff.2_start.3_result.3_back.1_start.3_result.3_back.1_start.3_result.2_result.3_back.1_end.3_result.3_back.1_end.3_result.3_back.1_result.1_end.3_<=.1_start.3_start.3_start.3_start.3_result.3_back.1_diff.2_result.3_back.1_diff.2_-=.1_diff.2_result.3_back.1_diff.2_result.3_back.1_diff.2_result.3_back.1_end.3
43,13,int.1_sequence.1_start.1_diff.1_start.1_int.1_sequence.1_int.2_result.2_end.2_result.2_result.1_end.2_result.2_end.2_result.2_end.2_result.2_end.2_result.2_result.1_end.2_result.2_result.3_back.1_end.3_result.3_back.1_end.3_result.3_back.1_>.1_start.2_std::vector<int>.2_start.2_std::vector<int>.1_std::vector<int>.2_end.3_start.3_result.2_<=.1_start.3_start.3_result.3_back.1_<=.1_end.3_result.3_back.1_<=.1_end.2_result.2_end.2_result.2_result.3_back.1_<=.1_result.3_back.1_start.3_start.3_start.3_result.3_back.1_start.3_start.3_start.3_result.3_back.1
44,13,result.3_back.1_start.3_while.1_else.1_start.3_end.5_result.3_back.1_end.5_result.3_back.1_end.3_result.3_back.1_end.3_result.3_back.1_diff.2_result.3_back.1_diff.2_-=.1_result.3_back.1_end.3_start.3_diff.2_end.3_start.3_result.2_end.2_result.2_result.3_back.1_diff.2_result.3_back.1_diff.2_result.3_back.1_end.3_result.3_back.1_start.3_result.3_back.1_start.3_result.3_back.1_start.3_result.3_back.1_start.3_result.3_back.1_start.3_result.3_back.1_end.3_result.3_back.1_-=.1_result.3_back.1_end.3_result.3_back.1_end.3_result.3_back.1_end.3_result.3_back.1_-=.1_result.3_back.1_diff.2_end.5_end.2_result.2_int.2_diff.1_result.3_back.1_diff.2_result.3_back.1_-=.1_result.3_back.1_diff.2_result.3_back.1_diff.2_result.3_back.1
45,13,result.3_back.1_while.1_std::vector<int>.2_end.2_result.2_end.2_end.5_-=.1_result.3_back.1_start.3_result.2_result.3_back.1_end.1_diff.1_end.1_diff.1_end.5_diff.2_end.5_return.2_result.3_back.1_-=.1_result.3_back.1_diff.2_diff.1_int.3_int.2_diff.1
46,13,result.3_back.1_result.2_int.1_start.3_result.3_back.1_diff.2_result.3_back.1_diff.2_result.3_back.1_diff.2_result.3_back.1_diff.2_result.3_back.1_diff.2_result.3_back.1_result.2_return.1_result.3_back.1
49,13,while.1_result.3_back.1
50,13,std::vector<int>.2_end.3_result.3_back.1_start.3_result.3_back.1_start.3_result.3_back.1_end.3_result.3_back.1_end.3_start.3_start.3_start.3_result.2_end.3_<=.1_start.3_result.3_back.1_<=.1_<=.1_end.3_result.3_back.1_-=.1_<=.1_result.3_back.1_end.3_result.3_back.1_<=.1_result.3_back.1_end.3_result.3_back.1_end.3_result.3_back.1_<=.1_result.3_back.1_-=.1_diff.2_result.3_back.1_diff.2_<=.1_result.3_back.1_start.3_result.3_back.1_start.3_start.3_result.3_back.1_result.2_result.3_back.1_start.3_result.3_back.1_<=.1_result.3_back.1_<=.1_start.3_result.3_back.1_diff.2_result.2_result.3_back.1_start.3_result.3_back.1_end.3_<=.1_result.3_back.1_<=.1_diff.2_result.3_back.1_diff.2_result.3_back.1
51,13,result.2_return.1_diff.1_std::vector<int>.1_sequence.1_std::vector<int>.1_sequence.1_-=.1_start.3_return.1_result.2_return.1_result.2_start.3_result.3_back.1_start.3_result.3_back.1_start.3_<=.1_result.3_back.1_<=.1_-=.1_result.3_back.1_-=.1_diff.2_result.3_back.1_diff.2_result.3_back.1_end.2_>.1_diff.2_result.3_back.1_diff.2_end.5_start.3_result.3_back.1_start.3_result.3_back.1_start.3_while.1_result.3_back.1_<=.1_result.3_back.1_<=.1_start.3_result.3_back.1_end.3_<=.1_result.3_back.1_<=.1_result.3_back.1_<=.1_int.1_end.2_result.3_back.1_end.5_diff.2_diff.1_result.3_back.1_<=.1
52,13,result.3_back.1_std::vector<int>.2_sequence.1_std::vector<int>.2_result.2_end.2_result.2_end.1_result.3_back.1_end.3_result.3_back.1_start.3_result.3_back.1_start.3_result.2_result.3_back.1_<=.1_result.3_back.1_start.3_result.3_back.1_<=.1_result.3_back.1_start.3_start.3_result.3_back.1_start.3_result.3_back.1_start.3_result.3_back.1_start.3_result.3_back.1_diff.1_<=.1_result.3_back.1_<=.1_result.3_back.1_<=.1_result.3_back.1_<=.1_result.3_back.1_end.3_result.3_back.1_diff.2_result.3_back.1_<=.1_diff.2_result.3_back.1_<=.1_result.3_back.1
54,13,result.3_back.1_<=.1_result.2_result.3_back.1_diff.1_end.1_result.3_back.1_start.3_result.3_back.1_end.1_diff.1_start.3_result.3_back.1_start.3_result.3_back.1_<=.1_result.3_back.1_<=.1_end.3_result.3_back.1_<=.1_diff.2_result.3_back.1_<=.1_result.3_back.1_end.3_result.3_back.1_diff.2_result.3_back.1_<=.1_result.3_back.1_diff.2_result.3_back.1_diff.2_result.3_back.1_end.1_result.1_result.2_result.1_result.3_back.1_<=.1_result.3_back.1_diff.2_result.3_back.1_diff.2_result.3_back.1_diff.2_result.3_back.1_start.3_start.3_result.3_back.1_diff.2_<=.1_result.3_back.1_<=.1_result.3_back.1_<=.1_result.3_back.1_<=.1_diff.2_result.3_back.1_-=.1_diff.2_result.3_back.1_<=.1_diff.2_result.3_back.1_diff.2_result.3_back.1_diff.2_result.3_back.1_diff.2_result.3_back.1_end.3_start.3_result.3_back.1_diff.2_result.3_back.1_start.3_result.3_back.1_start.3_-=.1_result.3_back.1_start.3_result.3_back.1_diff.2_result.3_back.1_diff.2_result.3_back.1_end.1
55,13,result.3_back.1_end.5_else.1_start.3_result.3_back.1_<=.1_start.3_result.3_back.1_diff.2_return.2_end.5
56,13,>.1_std::vector<int>.2_std::vector<int>.1_sequence.1_diff.1_int.3_int.2_diff.1_std::vector<int>.2_start.2_std::vector<int>.2_start.2_result.2_end.2_<=.1_result.3_back.1_start.3_result.3_back.1_start.3_start.3_start.3_start.3_<=.1_result.3_back.1_start.3_result.3_back.1_start.3_while.1_start.3_result.3_back.1_<=.1_result.3_back.1_<=.1_result.3_back.1_start.3_<=.1_result.3_back.1_diff.2_result.3_back.1_diff.2_result.2_end.2_result.2_start.2_std::vector<int>.1_start.2_std::vector<int>.2_start.2_std::vector<int>.2_start.2_std::vector<int>.2_end.2_std::vector<int>.2_start.2_return.1_start.2_return.1_start.2_return.1_end.2_return.1_result.2_start.3_<=.1_result.3_back.1_-=.1_start.3_result.3_back.1_<=.1_result.3_back.1_<=.1_end.3_diff.1_int.3_end.3_result.3_back.1_<=.1_result.3_back.1_<=.1_result.3_back.1_diff.2_<=.1_result.3_back.1_diff.2_result.3_back.1_<=.1_result.3_back.1_<=.1_result.3_back.1_diff.2_result.3_back.1_start.3_result.3_back.1_<=.1_result.3_back.1_end.5_return.2_end.5_result.3_back.1_start.3_-=.1_result.3_back.1_start.3_start.3_start.3_start.3_start.3_<=.1_start.3_start.3_result.3_back.1
57,13,result.2_return.1_result.2_start.3_result.2_end.2_result.2_start.2_result.2_start.3_diff.2_result.3_back.1_diff.2_result.3_back.1_start.3_end.5_result.3_back.1_diff.2_result.3_back.1_diff.2_result.3_back.1_diff.2_result.3_back.1
59,13,else.1_while.1_result.2_result.3_back.1_start.3_result.3_back.1_start.3_result.3_back.1_start.3_result.3_back.1_start.3_while.1_-=.1_result.3_back.1_end.5_result.3_back.1_while.1_-=.1_diff.2_result.3_back.1_return.2_end.5
