pid,stimuli,scanpath
1,15,
2,15,num.3
4,15,
5,15,
6,15,num.3
7,15,numList.1_num.3_numList.1_afunc.1
8,15,numList.2
9,15,
10,15,
11,15,std::list<int>.2_numList.1_edited.1
12,15,numList.1_std::list<int>.2_num.3_numList.3
13,15,int.1_edited.2_front.1_std::list<int>.1_if.1_int.1_if.1_edited.2_front.1_0.1
14,15,std::list<int>.2
15,15,std::list<int>.2_edited.1_std::list<int>.2_numList.1_edited.2_front.1_numList.2_std::list<int>.2_numList.1
17,15,numList.1_edited.1_numList.2_edited.2_front.1_edited.1_numList.2_edited.1_std::list<int>.2_edited.1_numList.1_afunc.1_edited.1_edited.3_back.1_afunc.1_edited.1_std::list<int>.3_edited.1
20,15,numList.1
21,15,std::list<int>.2_numList.2_numList.1_std::list<int>.2_edited.1_numList.1
22,15,numList.1_std::list<int>.2_num.3
23,15,
24,15,numList.1
25,15,std::list<int>.2
26,15,
27,15,numList.3_edited.1_std::list<int>.1_std::list<int>.3_std::list<int>.1_std::list<int>.3_std::list<int>.1_afunc.1_std::list<int>.3_afunc.1_std::list<int>.3_afunc.1_std::list<int>.3_num.1_std::list<int>.1_std::list<int>.3_std::list<int>.1_std::list<int>.3_afunc.1_std::list<int>.3_edited.1_numList.2
28,15,
29,15,std::list<int>.2_numList.1
30,15,std::list<int>.2
31,15,
32,15,std::list<int>.2_numList.1_std::list<int>.2_edited.1_std::list<int>.2
33,15,
34,15,num.3
35,15,numList.1
36,15,
37,15,numList.3
38,15,std::list<int>.3_for.1_num.2_int.1_num.2_int.1_edited.1_numList.2_edited.1
40,15,
43,15,numList.1_numList.3
44,15,
45,15,numList.1
46,15,num.3
49,15,
50,15,num.3
51,15,std::list<int>.2
52,15,numList.2_edited.3_back.1_numList.1_std::list<int>.2
54,15,edited.1_numList.2
55,15,num.3
56,15,edited.3_back.1
57,15,
59,15,num.3
