pid,stimuli,scanpath
1,16,
2,16,target.2_numbers.2_afunc.1_bool.1_for.1_bool.1_for.1_int.2_if.1_numbers.2_if.1_numbers.2_numbers.1_numbers.2
3,16,
4,16,numbers.2
5,16,target.2_numbers.2_bool.1_for.1_int.2_afunc.1_int.2_std::vector<int>.1
6,16,
7,16,int.1_target.1
8,16,numbers.2_0.1
9,16,target.1
10,16,numbers.1_std::vector<int>.1_target.1
11,16,numbers.1_std::vector<int>.1_numbers.1_int.1
12,16,numbers.1_target.1_int.1_target.1_std::vector<int>.1_numbers.1_target.1_int.1_target.1_std::vector<int>.1_target.1
13,16,
14,16,target.1_numbers.1_target.1
15,16,numbers.1_target.1_std::vector<int>.1_numbers.1_int.1_target.1_numbers.1_int.1_std::vector<int>.1
17,16,numbers.1_std::vector<int>.1_target.1_int.1_target.1
20,16,numbers.1
21,16,numbers.1
22,16,std::vector<int>.1
23,16,target.1_numbers.1_target.1_numbers.1_std::vector<int>.1_int.1_std::vector<int>.1_numbers.1_std::vector<int>.1_target.1_numbers.1_std::vector<int>.1_0.1_=.1
24,16,target.1
25,16,
26,16,
27,16,
28,16,
29,16,std::vector<int>.1_numbers.2_std::vector<int>.1_int.1_target.1
30,16,std::vector<int>.1_target.1
31,16,numbers.2_numbers.1_int.1_numbers.2
32,16,std::vector<int>.1_target.1
33,16,numbers.2_numbers.1_target.1_int.3_target.1_int.2_count.1_std::vector<int>.1_true.1_std::vector<int>.1_target.1
34,16,numbers.1_int.1_target.1_numbers.1
35,16,numbers.2
36,16,
37,16,3.1_==.2
38,16,std::vector<int>.1_numbers.1_target.1_std::vector<int>.1
40,16,
43,16,int.1_target.1
44,16,target.1_numbers.1_std::vector<int>.1
45,16,
46,16,
49,16,target.2_num.2_numbers.2_std::vector<int>.1
50,16,
52,16,
54,16,
55,16,
56,16,numbers.1_std::vector<int>.1_numbers.1_target.1
57,16,std::vector<int>.1
59,16,==.2
