pid,stimuli,scanpath
1,17,
2,17,
3,17,
4,17,
5,17,using.1
6,17,
7,17,
8,17,aborted.1
9,17,aborted.1_namespace.1_main.1_namespace.1_using.1_namespace.1
10,17,
11,17,
12,17,
13,17,
14,17,
15,17,
17,17,
20,17,
21,17,aborted.1
22,17,
23,17,std;.1_main.1_int.1_main.1_using.1_main.1_int.1_main.1_int.1_using.1_int.1_main.1_int.1_main.1_std;.1
24,17,
25,17,
26,17,namespace.1_using.1
27,17,aborted.1
28,17,<<.2
29,17,
30,17,std;.1
31,17,
32,17,<<.1_aborted.1
33,17,
34,17,namespace.1_aborted.1
35,17,
36,17,aborted.1
37,17,aborted.1
38,17,
40,17,
43,17,
44,17,n=10.1
45,17,aborted.1
46,17,
49,17,
50,17,
51,17,
52,17,
54,17,
55,17,aborted.1
56,17,
57,17,n==3.1
59,17,aborted.1
