pid,stimuli,scanpath
1,19,==.2_numbers.1_num.6
2,19,==.2_num.6_numbers.1_std::vector<int>.1_numbers.1_std::vector<int>.1_numbers.1_4.1_0.3_num.6_%.2
3,19,num.6
4,19,num.3_num.4_numbers.2_num.6
5,19,==.2_0.3_num.3_0.3_num.6_0.3_num.6_%.2_4.1_num.6
6,19,num.5_&&.1_0.3
7,19,std::vector<int>.1_numbers.1_0.3_4.1_==.2_0.3
8,19,=.1_&&.1_numbers.2_==.2_%.1_num.1_output.1_num.1_numbers.2_&&.1_num.6_num.5_*.2_num.5_numbers.2_==.2
9,19,0.3
10,19,
11,19,4.1_%.2_4.1_==.2_0.3_num.6_==.2
12,19,std::vector<int>.1_numbers.1_0.3_num.6
13,19,%.2_0.3_==.2_numbers.2_numbers.1_0.3
14,19,0.3_num.6
15,19,std::vector<int>.1_numbers.1_numbers.2_numbers.1_4.1_num.6_num.3_num.6
17,19,std::vector<int>.1_0.3_==.2_0.3_numbers.1_std::vector<int>.1_0.3_std::vector<int>.1_numbers.1_0.3
20,19,numbers.1_0.3
21,19,numbers.2_4.1_0.3
22,19,numbers.1_==.2_0.3
23,19,
24,19,0.3
25,19,numbers.1_0.3_numbers.2_==.1_numbers.2
26,19,0.3
27,19,
28,19,numbers.2_==.1_numbers.2_==.1_num.6_4.1_==.2_numbers.2
29,19,num.1_0.1_num.6_0.3
30,19,%.2_std::vector<int>.1_numbers.1_std::vector<int>.1_0.3_numbers.1_std::vector<int>.1_numbers.1_std::vector<int>.1_0.3_==.2_4.1_num.6_std::vector<int>.1
31,19,num.6_%.2_numbers.2_num.6
32,19,==.2_num.6_0.3_=.1_num.1_=.1_%.2_*.2_%.2_num.6_%.2_4.1_%.2_*.2_num.6_4.1_num.6_*.2_4.1_*.2_%.2_*.2_num.6_0.3_4.1_num.6_*.2_num.6_=.1_std::vector<int>.1_numbers.2_0.1
33,19,0.3_==.2_numbers.1_std::vector<int>.1_0.3_num.6_0.3
34,19,0.3_numbers.2_0.3_num.5_num.3
35,19,numbers.2_afunc.1_numbers.2
36,19,&&.1_%.2_*.2_num.6_*.1_+=.1_==.1_numbers.2_num.1_0.1_num.1_num.2_num.1_output.1_0.1_num.1_num.4_num.1_int.3_if.1_4.1_num.4_+=.1_2.1_int.3_if.1_int.3_if.1_int.3_if.1_int.3_if.1_int.3_if.1_int.3_if.1_int.3_if.1_int.3_if.1_num.2
37,19,num.6
38,19,std::vector<int>.1_==.2
40,19,==.2_0.1
43,19,numbers.1_==.2_0.3
44,19,num.6
45,19,numbers.2_0.2_==.1_0.2_num.4_numbers.2_0.2_std::vector<int>.1_numbers.2_&&.1_==.2_num.3_0.3_num.1_int.3_*.2
46,19,==.2_numbers.2
49,19,num.3_4.1_==.2_num.6_4.1_%.2_num.2_num.3_if.1
50,19,num.3_0.2
51,19,4.1_0.3_4.1_num.6_%.2_==.2_num.6
52,19,num.6
54,19,std::vector<int>.1_0.1_num.6
55,19,num.2
56,19,std::vector<int>.1_0.3_==.2_num.6_==.2_0.3_num.6
57,19,numbers.2_0.3_num.6
59,19,0.2_==.1_+=.1_num.5_num.3_num.5_num.3_num.6_*.2_num.5_*.2_%.2_*.2_==.2_+=.1_num.5_std::vector<int>.1_num.6_%.2_0.1_numbers.2_2.1_num.1_*.1_num.5_2.1_num.1_%.1_num.1_num.2_%.1_=.1_num.1_num.2_0.2_numbers.2_num.3_for.1
