pid,stimuli,scanpath
1,1,0.2_1.2_2.1_expectedSum.2_actualSum.3_arr.5_=.2_arr.5_+=.1_arr.5_=.2_expectedSum.2_actualSum.3_arr.5_0.2_expectedSum.2_-.3_expectedSum.2_actualSum.3
2,1,i.2_int.1_expectedSum.2_i.2_expectedSum.2_actualSum.3_-.3_actualSum.3_-.3_actualSum.3_-.3_actualSum.3
4,1,expectedSum.2_+=.1_arr.5_+=.1_arr.5_actualSum.3_expectedSum.2_actualSum.3_expectedSum.2_i.2_expectedSum.2_actualSum.3_arr.5_+=.1_0.2_+=.1_expectedSum.2_actualSum.3_expectedSum.2
5,1,i.2_arr.5_i.2_arr.5_i.2_arr.5_i.2_expectedSum.2_i.2_expectedSum.2_actualSum.3_expectedSum.2_i.2_actualSum.3_expectedSum.2_actualSum.3_expectedSum.2_actualSum.3_expectedSum.2
6,1,+=.1_i.2_+=.1_i.2_actualSum.3_expectedSum.2_actualSum.3_expectedSum.2_actualSum.3_expectedSum.2_actualSum.3_expectedSum.2_actualSum.3_-.3_expectedSum.2_-.3_actualSum.3_-.3_actualSum.3_expectedSum.2_actualSum.3_expectedSum.2_actualSum.3_expectedSum.2_actualSum.3_expectedSum.2_actualSum.3
7,1,arr.4_=.1_0.2_arr.2_0.2_expectedSum.2_arr.3_arr.2_arr.3_1.1_1.2_2.1_0.2_arr.5_=.2_arr.5_=.2_arr.5_+=.1_expectedSum.2_actualSum.3_expectedSum.2_actualSum.3_expectedSum.2
8,1,i.2_0.2_actualSum.2_+=.1_actualSum.2_i.2_+=.1_actualSum.2_expectedSum.2_actualSum.3_i.2_actualSum.2_arr.5_+=.1_result.1_expectedSum.2_=.3_result.1_expectedSum.2_actualSum.3_result.1_actualSum.2_result.1_actualSum.2_arr.5_result.1_expectedSum.2_actualSum.3_expectedSum.2_actualSum.3_expectedSum.2_actualSum.3_expectedSum.2_actualSum.3_expectedSum.2_-.3_actualSum.3_-.3_expectedSum.2_+=.1_expectedSum.2_+=.1_i.2_expectedSum.2_-.3_expectedSum.2_+=.1_actualSum.3_expectedSum.2_+=.1_expectedSum.2_+=.1_expectedSum.2_+=.1_expectedSum.2_i.2_expectedSum.2_i.2_expectedSum.2_-.3_actualSum.3_expectedSum.2_actualSum.3_+=.1_expectedSum.2_-.3_actualSum.3_expectedSum.2_+=.1_actualSum.3_expectedSum.2_i.2_actualSum.3_expectedSum.2_actualSum.3_-.3_expectedSum.2_+=.1
9,1,1.1_size.3_expectedSum.2_actualSum.3_expectedSum.2_arr.5_+=.1_arr.5_+=.1_arr.5_expectedSum.2_1.1_expectedSum.2_i.2_expectedSum.2_actualSum.3_-.3_actualSum.3_expectedSum.2_actualSum.3
10,1,1.1_+=.1_expectedSum.2
11,1,arr.1_1.1_arr.4_0.2_i.2_expectedSum.2_actualSum.3_expectedSum.2_actualSum.3
12,1,0.2_size.3_*.1_+.1_i.2_+.1_i.2_expectedSum.2_-.3_actualSum.3_-.3_expectedSum.2_actualSum.3_expectedSum.2_actualSum.3_expectedSum.2_-.3_expectedSum.2_actualSum.3_expectedSum.2_0.2_expectedSum.2_actualSum.3_expectedSum.2_actualSum.3_i.2_arr.5_+=.1_actualSum.3_-.3_actualSum.3_0.2_+=.1_arr.5_expectedSum.2_-.2_1.3
13,1,expectedSum.2_actualSum.3_expectedSum.2_actualSum.3
14,1,expectedSum.2_1.1_1.2_expectedSum.2_arr.5_actualSum.3_i.2_expectedSum.2
15,1,actualSum.3_size.3_1.1_arr.3_arr.5_expectedSum.2_=.3_expectedSum.2_actualSum.3_+=.1_arr.5_+=.1_arr.5_+=.1_arr.5_+=.1_actualSum.2_expectedSum.2_arr.5_0.2_+=.1_arr.5_expectedSum.2_actualSum.3_expectedSum.2_-.3_actualSum.3_expectedSum.2_actualSum.3_expectedSum.2_i.2_actualSum.3_expectedSum.2_actualSum.3_expectedSum.2_-.3_actualSum.3_expectedSum.2_actualSum.3
17,1,size.3_arr.2_1.3_0.2_arr.2_arr.3_arr.1_arr.2_arr.2_+=.1_arr.2_expectedSum.2_i.2_actualSum.3_expectedSum.2_actualSum.3_arr.2_0.2_expectedSum.2_actualSum.3_expectedSum.2_actualSum.3_-.3_actualSum.3
20,1,i.2_actualSum.3_expectedSum.2_i.2_expectedSum.2_actualSum.3_expectedSum.2_actualSum.3_expectedSum.2_actualSum.3_-.3_expectedSum.2_i.2_expectedSum.2_actualSum.3_expectedSum.2_actualSum.3_expectedSum.2_actualSum.3_expectedSum.2_arr.5_expectedSum.2_actualSum.3_i.2_expectedSum.2_actualSum.3_actualSum.1_actualSum.3_-.3_actualSum.3_size.1_expectedSum.1_mystery.1_expectedSum.1_arr.2_=.1_arr.2_actualSum.3_i.2_actualSum.3_-.3_expectedSum.2_-.3_expectedSum.2_actualSum.1_-.3_actualSum.3
21,1,arr.4_+=.1_arr.5_actualSum.1_arr.5_arr.4_1.3_arr.5_0.2_=.3_arr.5_actualSum.1_0.2_actualSum.2_int.6_actualSum.2_expectedSum.2_actualSum.3_=.3_actualSum.2_result.1_arr.5_i.2_actualSum.3_expectedSum.2_i.2_-.3
22,1,size.1_0.2_i.2_expectedSum.2_actualSum.3_expectedSum.2_actualSum.3_expectedSum.2_actualSum.3_-.3_actualSum.3_expectedSum.2_actualSum.3_expectedSum.2_actualSum.3
23,1,mystery.1_expectedSum.2_arr.5_=.2_arr.5_0.2_arr.5_0.2_actualSum.3_arr.4_actualSum.3_expectedSum.2
24,1,i.2_mystery.1_i.2_1.1_*.1_1.2_i.2_expectedSum.2_actualSum.3_expectedSum.2_actualSum.3_expectedSum.2_actualSum.3_expectedSum.2_actualSum.3_size.3
25,1,arr.4_arr.2_arr.2_arr.2_expectedSum.1_size.1_arr.5_expectedSum.2
26,1,1.1_i.2_expectedSum.2_arr.5_expectedSum.2_actualSum.3_expectedSum.2_actualSum.3_expectedSum.2_actualSum.3
27,1,expectedSum.2_actualSum.3_expectedSum.2_actualSum.3_expectedSum.2_arr.4
28,1,expectedSum.2_arr.1_expectedSum.1_actualSum.3_expectedSum.2
29,1,arr.4_1.3_expectedSum.2_i.2_expectedSum.2_i.2_expectedSum.2_i.2_+=.1_expectedSum.2_actualSum.3_expectedSum.2_actualSum.3_-.3_actualSum.3_-.3_actualSum.3_i.2_expectedSum.2_actualSum.3
30,1,arr.2_+.1_+=.1_arr.5_+=.1_arr.5_i.2_expectedSum.2_actualSum.3_expectedSum.2_actualSum.3_i.2_actualSum.3_expectedSum.2_actualSum.3_-.3_actualSum.3
31,1,i.2_0.2_i.2_expectedSum.2_actualSum.3_-.3_i.2_1.1_i.2_expectedSum.2_+=.1_expectedSum.2_actualSum.3_expectedSum.2_actualSum.3_expectedSum.2_actualSum.3_expectedSum.2_actualSum.3_expectedSum.2_actualSum.3
32,1,size.3_i.2_arr.5_+=.1_arr.5_expectedSum.2_i.2_arr.5_actualSum.3_expectedSum.2_+=.1_expectedSum.2_i.2_expectedSum.2_i.2_expectedSum.2_arr.5_+=.1_arr.5_0.2_expectedSum.2_+=.1_arr.5_+=.1_expectedSum.2_actualSum.3_expectedSum.2_actualSum.3_expectedSum.2_actualSum.3_expectedSum.2_actualSum.3_mystery.1_mystery.1
33,1,arr.5_+=.1_actualSum.2_arr.5_+=.1_-.3_expectedSum.2
35,1,i.2_expectedSum.2_actualSum.3_expectedSum.2_actualSum.3_i.2_-.3_expectedSum.2_-.3_actualSum.3_expectedSum.2
36,1,actualSum.3_expectedSum.2_actualSum.3_expectedSum.2_actualSum.3_expectedSum.2_actualSum.3_expectedSum.2_actualSum.3_expectedSum.2_actualSum.3_expectedSum.2_actualSum.3_expectedSum.2_actualSum.3
37,1,expectedSum.2_actualSum.3_expectedSum.2_+=.1_actualSum.3_expectedSum.2_actualSum.3
38,1,arr.2_arr.2_arr.2_arr.5_+=.1_i.2_expectedSum.2_actualSum.3_-.3_actualSum.3_expectedSum.2_actualSum.3_expectedSum.2
40,1,-.3_i.2_arr.1_expectedSum.1_i.2_expectedSum.2_actualSum.3
43,1,0.2_arr.4_0.2_arr.5_0.2_=.2_0.2_arr.5_0.2_arr.5_0.2_i.2_arr.5_+=.1_arr.5_+=.1_arr.5_0.2_arr.5_expectedSum.2_arr.4_1.3_-.2_i.2_expectedSum.2_actualSum.3_expectedSum.2_actualSum.3_expectedSum.2_actualSum.3_-.3_actualSum.3_expectedSum.2_arr.4_*.1_i.2_actualSum.3_i.2_actualSum.3_=.3_actualSum.3_expectedSum.2_actualSum.3_expectedSum.2_size.3_i.2_arr.4
44,1,arr.5_0.2_arr.5_0.2_arr.5_i.2_arr.5_expectedSum.2
45,1,expectedSum.2_+=.1_arr.4_1.1_expectedSum.2_actualSum.3_expectedSum.2_actualSum.3_expectedSum.2_result.1_i.2_arr.5_expectedSum.2_actualSum.3_=.3_expectedSum.2_actualSum.3_expectedSum.2_actualSum.3_expectedSum.2_result.1_expectedSum.2_+=.1_expectedSum.2_+=.1_expectedSum.2_actualSum.3_expectedSum.2_i.2_actualSum.3_expectedSum.2_actualSum.3_expectedSum.2_actualSum.3_expectedSum.2_actualSum.3_expectedSum.2_actualSum.3_expectedSum.2_-.3_expectedSum.2_i.2_expectedSum.2_-.3_i.2_size.3_arr.4_1.1_expectedSum.2_actualSum.3_expectedSum.2_actualSum.3_expectedSum.2_-.3_actualSum.3_expectedSum.2_actualSum.3_-.3_expectedSum.2
46,1,actualSum.3_expectedSum.2_actualSum.3_expectedSum.2_actualSum.3
49,1,expectedSum.2_actualSum.3_expectedSum.2_actualSum.3_expectedSum.2_actualSum.3
50,1,arr.4_0.2_i.2_expectedSum.2_actualSum.3_-.3_expectedSum.2_actualSum.3_expectedSum.2_-.3_return.1_result.1_expectedSum.2_-.2_-.1_*.1_arr.4_*.1_arr.4_1.3_0.2_actualSum.3_-.3_actualSum.3_expectedSum.2_-.3_actualSum.3_-.3_actualSum.3
51,1,arr.5_actualSum.1_=.2_0.2_arr.5_expectedSum.2_+=.1_expectedSum.2_+=.1_arr.5_actualSum.1_0.2_arr.5_-.3_expectedSum.2
52,1,expectedSum.2_actualSum.3_expectedSum.2_actualSum.3_expectedSum.2_actualSum.3_expectedSum.2_actualSum.3
54,1,i.2_0.2_arr.5_+=.1_0.2_arr.4_1.3_2.1_*.1_expectedSum.2_arr.5_actualSum.3_expectedSum.2_i.2_-.3_actualSum.3_expectedSum.2_actualSum.3_expectedSum.2_actualSum.3_size.3_expectedSum.2_actualSum.3_expectedSum.2_actualSum.3
55,1,
56,1,i.2_expectedSum.2_+=.1_-.3_expectedSum.2_actualSum.3_expectedSum.2_actualSum.3_expectedSum.2_actualSum.3_expectedSum.2
57,1,arr.5_1.2_i.2_+=.1_i.2_actualSum.3_expectedSum.2_actualSum.3_expectedSum.2_actualSum.3_expectedSum.2_actualSum.3_expectedSum.2_actualSum.3_expectedSum.2_-.1
59,1,i.2_expectedSum.2_+=.1_expectedSum.2_actualSum.3_expectedSum.2_actualSum.3_expectedSum.2_actualSum.3_expectedSum.2_+=.1
