pid,stimuli,scanpath
1,22,afunc.2_+.1_afunc.2
2,22,afunc.2
3,22,terms.1_afunc.2_terms.3_afunc.2
4,22,afunc.2_0.1_else.1_return.2
5,22,terms.3_afunc.2_-.1_afunc.2
6,22,terms.3_afunc.2
7,22,afunc.2_-.1_afunc.2
8,22,==.1_0.1_afunc.2
9,22,afunc.2
10,22,afunc.2_-.1_afunc.2
11,22,afunc.2
12,22,afunc.2
13,22,afunc.2
14,22,-.1_afunc.2
15,22,afunc.2_+.1_afunc.2_+.1_afunc.2_+.1_afunc.2_terms.3_+.1_terms.3_afunc.2_+.1_afunc.2
17,22,afunc.2_-.1_afunc.2_-.1_afunc.2
20,22,
21,22,afunc.2
22,22,afunc.2
23,22,
24,22,afunc.2_-.1_afunc.2_-.1_terms.1_0.1_terms.1_0.1_terms.1_0.1_terms.1_==.1
25,22,afunc.2_-.1_afunc.2
26,22,afunc.2
27,22,std::pow.1
28,22,afunc.2
29,22,afunc.2
30,22,afunc.2_0.1_terms.1_terms.2_return.1_terms.2_return.1_terms.2_return.1_terms.2_return.1_terms.2_return.1_terms.2_return.1_terms.2_return.1_terms.2_return.1_terms.2_return.1_terms.2_return.1_terms.2_return.1_terms.2_return.1_terms.2
31,22,afunc.2_-.1
32,22,terms.3_afunc.2
33,22,afunc.2_terms.3
34,22,afunc.2
35,22,afunc.2_0.1
36,22,terms.3
37,22,afunc.2
38,22,afunc.2
40,22,afunc.2
43,22,-.1_afunc.2
44,22,+.1_afunc.2_+.1_afunc.2_std::pow.1_afunc.2
45,22,+.1_afunc.2
46,22,afunc.2
49,22,terms.3_afunc.2
50,22,afunc.2_-.1_afunc.2
51,22,afunc.2_+.1_afunc.2
52,22,afunc.2_+.1_afunc.2
54,22,afunc.2
55,22,terms.3_+.1_afunc.2_terms.3
56,22,afunc.2_+.1_afunc.2_+.1_afunc.2
57,22,afunc.2_+.1_afunc.2
59,22,afunc.2_+.1_terms.3_afunc.2_terms.3_+.1_afunc.2
