pid,stimuli,scanpath
1,24,=.3_n.1_operate.1_n.2_operate.1_n.2_operate.1_n.1_n.2_operate.1_n.2_0.1_1.2_mystery1.1_long.4_1.3_0.3_1.3_0.3_mystery1.1_long.6_operate.1_n.1_1.3_mystery2.1_mystery3.1_mystery2.1_=.3_2.1_n.3_mystery1.1_=.3_mystery2.1_=.2_=.1_=.2_mystery1.1_mystery2.1_mystery1.1_mystery2.1_0.3_=.2_mystery1.2_++i.1_mystery1.1_mystery2.1_mystery1.1_mystery2.1_mystery1.1_1.3_mystery3.1_mystery2.1_mystery3.1_mystery2.1_n.3_++i.1_mystery1.2_++i.1_+.1_mystery1.2_++i.1_mystery1.2_++i.1_mystery1.2_mystery3.1_mystery2.3_mystery3.1_i.2_mystery3.1_2.1_mystery2.1_mystery1.1_mystery2.1_i.2_mystery3.1_i.2_mystery3.1_long.8_mystery3.1_++i.1_n.3_1.3_mystery1.2_mystery3.1_n.3_mystery3.1_=.2_0.3_++i.1_+.1_=.4_mystery3.1_mystery2.3_mystery3.1_mystery1.2_+.1_mystery2.2_mystery1.1_mystery2.2_++i.1_mystery2.1_n.3_mystery1.2_++i.1_1.3_0.3_1.3_0.3_++i.1_mystery2.2_++i.1_mystery2.2_mystery1.2_=.4_mystery3.1_mystery2.1_mystery1.2_mystery2.2_=.4_mystery3.1_mystery2.1_mystery1.1_mystery1.2_1.3_n.3_2.1_mystery3.1_n.3_mystery2.2_0.3_1.3_=.2_mystery2.3_mystery3.2_mystery2.3_mystery1.2_++i.1_mystery2.4_mystery2.3_mystery3.1_++i.1_mystery3.1_mystery1.2_mystery2.2_=.4_mystery1.2_mystery2.2_1.3_0.3_mystery3.2_mystery2.3_mystery3.2_mystery3.1_mystery3.2_=.5_=.6_mystery3.2_mystery3.1_mystery2.3_mystery3.2_mystery3.1_mystery1.2_mystery3.2_mystery2.3_mystery3.2_mystery2.3_++i.1_0.3_1.3_0.3_++i.1_mystery3.2_mystery2.3_mystery3.2_mystery2.2_++i.1_mystery1.2_mystery3.2_mystery3.1_mystery2.3_mystery3.1_mystery2.3_mystery3.1_mystery2.3_mystery3.1_mystery3.2_mystery2.3_mystery3.1_mystery2.3_mystery3.1_mystery2.2_mystery2.3_mystery3.2_mystery2.3_mystery1.2_mystery3.2_mystery3.1_mystery2.3_++i.1_mystery1.2_++i.1_=.4_++i.1_mystery2.3_mystery1.2_mystery3.2_mystery2.3_mystery3.2_mystery2.3_mystery3.1_n.3_1.3_n.3_1.3_n.3_0.3_n.3_mystery1.2_mystery3.2_mystery2.3_mystery3.2_mystery2.3_mystery3.1_mystery2.3_mystery1.2_mystery2.3_mystery3.2_mystery2.3_mystery3.2_mystery3.1_mystery3.2_mystery2.3_mystery3.2_mystery2.3_mystery1.2_++i.1_mystery1.2_=.4_mystery2.3_mystery3.2_mystery2.3_mystery3.2_mystery2.3_mystery3.2_mystery2.3_mystery3.2_mystery2.3_mystery3.2_mystery2.3_mystery3.2_mystery2.3_mystery1.2_mystery3.2_mystery3.1_mystery2.3_mystery3.1_n.3_1.3_n.3_mystery1.2_mystery2.3_mystery3.2_mystery2.3_mystery3.2_mystery2.3_n.3_mystery3.1_mystery1.2_++i.1_mystery1.2_n.3_mystery3.1_mystery1.2_n.1_mystery1.2_++i.1_mystery1.2_++i.1_mystery1.2_=.4_mystery1.2_mystery3.2_mystery2.3_mystery3.1_mystery2.3_mystery3.2_mystery2.3_mystery3.1_mystery2.3_mystery3.1_mystery2.3_mystery1.2_mystery2.3_mystery1.2_++i.1_mystery1.2_mystery3.2
2,24,long.6_return.2_case.2_return.2_default.1_return.2_1.2_return.2_1.1_return.2_1.2_long.3_long.4_mystery1.1_mystery1.3_mystery1.1_long.4_long.6_long.4_long.6_long.4_int.2_long.8_mystery3.1_2.1_mystery3.1_n.3_mystery1.2_0.2_=.4_mystery1.1_mystery2.1_mystery1.1_mystery2.1_mystery3.2_2.1_++i.1_mystery3.1_2.1_mystery3.1_long.4_long.6_return.2_1.2_return.2_long.4_i.1_long.8_i.1_long.8_mystery3.1_long.4_mystery2.1_mystery1.1_long.4_long.6_long.4_mystery3.1_n.3_mystery3.1_++i.1_mystery1.2_mystery3.1_long.8_mystery3.1_mystery2.3_mystery3.1_=.4_=.5_long.8_mystery1.3_long.8_mystery1.3_mystery2.3_mystery3.2_mystery2.3_mystery3.2_mystery2.3_mystery3.2_mystery2.3_mystery3.2_mystery2.3_mystery3.2_mystery2.3_mystery3.1_mystery3.2_++i.1_mystery3.2_mystery2.3_long.8_long.6_long.4_1.2_0.2_2.1_mystery1.2_i.1_2.1_++i.1_mystery1.2_mystery2.3_mystery3.1_mystery2.3_mystery3.1_mystery2.3_mystery3.1_mystery2.3_long.8_mystery2.4_=.5_=.6_long.8_long.4_i.1_long.8_i.1_long.4_1.1_return.2_=.1_=.2_mystery2.3_mystery3.2_mystery2.3_mystery3.2_mystery2.3_mystery2.2_mystery2.1_mystery1.1_mystery2.1_mystery1.1_mystery2.1_1.2_mystery2.1_mystery3.1_=.4_mystery1.2_mystery3.2_mystery2.3_mystery3.2_mystery2.3_mystery3.2_mystery2.3_mystery3.2_mystery2.3_mystery3.2_mystery2.3_mystery3.2_mystery2.3_mystery3.2_mystery2.3_mystery3.2_mystery2.3_mystery3.1_mystery1.2_mystery3.1_mystery2.3_mystery3.1_mystery1.1_mystery3.1_=.4_mystery2.3_1.2_mystery1.2_mystery1.3_mystery2.4_mystery1.3_mystery2.3_mystery3.2
3,24,mystery3.2_++i.1_mystery2.1_long.8_i.1_mystery2.1_mystery1.1_0.3_mystery2.1_=.3_1.3_0.3_=.2_mystery2.1_mystery1.1_mystery2.1_i.2_long.5_int.2_mystery2.4_long.4_long.6_int.2_long.6_mystery3.2_mystery2.3_mystery3.2_mystery2.4_mystery1.3_long.8_mystery1.3_long.4_long.6_mystery2.1_mystery1.1_mystery2.1_mystery3.1_mystery1.2_mystery2.3_mystery3.1_case.2_mystery3.2_mystery2.3_mystery3.2_mystery2.3_mystery2.4_i.1_long.8_long.1_mystery2.1_long.6_int.2_long.6_int.2_long.3_for.1_mystery2.1_long.8_=.5_mystery2.4_mystery2.1_long.8_mystery3.1_=.6_2.1_mystery3.2_mystery1.2_operate.1_=.6_mystery2.3_mystery3.2_=.6_2.1_=.6_=.5_mystery3.1_mystery2.3_mystery3.1_=.6_mystery3.1_mystery2.3_mystery3.2_mystery3.1_mystery3.2_mystery2.3_mystery3.2
4,24,return.2_operate.1_0.2_mystery1.1_mystery3.2_0.2_return.1_return.2_long.4_mystery1.1_long.4_=.3_long.8_long.7_mystery1.3_mystery2.3_mystery1.2_mystery1.3_mystery2.4_mystery3.2_mystery3.1_mystery2.3_mystery3.2_mystery2.3_mystery3.2_mystery2.3_mystery3.2_mystery2.3_mystery3.2_mystery2.3_mystery1.3_int.2_mystery3.1_mystery2.3_mystery3.2_mystery2.3_mystery3.2_mystery3.1_mystery1.1_return.2_long.4_long.6_long.4_long.6_int.2_mystery3.1_mystery1.2_mystery3.2_mystery2.3_mystery3.2
5,24,mystery2.3_mystery3.1_return.1_case.2_return.2_default.1_return.2_long.3_1.1_long.1_0.1_1.2_mystery2.1_return.2_1.2_int.2_mystery1.1_mystery2.1_2.1_mystery3.1_2.1_i.1_=.3_mystery1.2_++i.1_mystery1.2_++i.1_mystery1.2_i.1_return.2_1.2_=.5_mystery2.1_mystery1.1_long.4_return.2_mystery2.1_mystery2.3_mystery1.1_mystery2.1_long.8_++i.1_mystery1.2_mystery3.1_mystery1.2_mystery3.1_=.4_mystery2.3_mystery3.1_mystery2.3_=.4_long.8_mystery1.2_mystery3.2_mystery2.3_mystery3.2_mystery2.3_mystery3.2_+.1_mystery1.2_mystery3.1_mystery2.3_mystery3.2_mystery2.3_mystery3.2_mystery2.3_mystery3.1_n.3_mystery3.1_mystery2.3_mystery1.2_mystery2.4_mystery2.3_mystery3.2_mystery2.3_mystery3.2_mystery2.3_mystery3.2_mystery2.3_mystery3.2_mystery2.3_mystery2.2_mystery2.3_mystery3.2_mystery2.3_mystery1.2_mystery1.1_long.4_mystery1.1_mystery2.1_mystery1.1_mystery2.1_mystery1.1_mystery2.1_=.3_mystery2.1_mystery1.1_mystery2.1_return.2_=.3_i.1_=.3_mystery2.1_mystery1.2_mystery1.1_mystery3.1_mystery2.3_mystery3.1_2.1_mystery1.2_mystery3.2_mystery2.3_mystery3.2_mystery1.2_mystery2.1_mystery1.1_mystery2.3_mystery1.2_mystery3.1_mystery1.2_mystery2.3_mystery3.2_mystery2.3_=.4_++i.1_+.1_mystery3.2_mystery2.3_mystery3.2_mystery2.3_mystery3.2_mystery2.3_mystery3.2_mystery2.3_mystery3.2_mystery1.1_mystery1.2_mystery3.1_mystery1.2_+.1_mystery1.2_mystery3.2_mystery3.1_mystery2.1_mystery1.1_mystery2.1_mystery1.1_mystery2.1_0.3_1.3_mystery2.1_mystery1.1_mystery2.1_long.4_mystery3.1_mystery1.1_mystery2.1_mystery1.1_mystery2.1_long.4_i.2_mystery3.1_mystery1.1_mystery2.3_mystery3.1_mystery2.1_mystery2.3_mystery3.2_mystery2.3_mystery1.2_mystery3.2_mystery2.3_mystery3.2_mystery2.3_mystery1.1_mystery2.3_mystery3.2_mystery2.3
6,24,mystery2.1_1.2_default.1_return.2_default.1_long.4_long.3_long.4_int.2_long.6_long.4_=.3_i.1_long.6_long.4_long.6_long.4_long.3_long.4_long.6_long.4_long.6_=.3_2.1_mystery1.3_mystery2.4_mystery1.3_mystery2.4_mystery1.3_mystery2.4_mystery3.2_mystery2.4_mystery2.3_mystery3.2_mystery2.3_mystery1.3_long.4_long.3_default.1_long.3_default.1_long.3_long.6_long.4_int.2_i.1_long.8_i.1_mystery3.2_mystery2.4_mystery1.3_mystery2.4_mystery1.3_long.6_long.4_mystery1.1_mystery1.3_long.7_long.6_long.4_long.6_mystery2.1_=.3_=.5_long.8_i.1_long.6_long.8_mystery1.3_long.8_mystery1.3_mystery2.4_mystery1.3_mystery2.4_mystery3.2_mystery1.3_long.7_int.2_long.4_default.1_1.2_mystery2.3_mystery3.2_mystery2.3_long.6_long.4_mystery1.1_mystery3.2_mystery2.1_mystery1.1_mystery2.1_mystery1.1_mystery2.1_long.8_mystery1.3_long.8_mystery1.3_long.8_mystery1.3_long.8_mystery3.2
7,24,operate.1_return.1_n.1_mystery1.1_0.3_=.2_mystery2.1_1.3_mystery1.2_++i.1_=.2_long.8_2.1_long.8_=.3_long.8_mystery3.1_mystery2.3_mystery3.1_long.8_2.1_n.3_=.2_mystery1.1_0.2_mystery3.2_mystery2.1_2.1_mystery2.1_mystery2.3
8,24,return.1_0.1_return.1_case.2_return.2_return.1_1.1_case.2_1.1_return.2_default.1_long.4_mystery2.1_long.4_long.5_default.1_long.4_long.6_int.2_long.7_int.2_mystery1.3_long.7_mystery2.3_mystery3.1_mystery2.3_mystery3.1_mystery2.3_mystery3.1_mystery2.3_mystery2.4_mystery1.3_mystery2.4_mystery1.3_mystery2.4_mystery1.3_mystery3.2_mystery2.3_mystery3.1_mystery3.2_mystery2.3_return.3_mystery2.4_=.6_mystery3.2_return.2_n.3_mystery3.2_mystery2.3_mystery3.2_2.1_long.8_mystery3.1_mystery3.2_mystery2.3_mystery3.2_long.6_int.2_long.5_long.3_long.5_for.1_long.5_for.1_long.6_long.7_int.2_long.7_int.2_long.8_mystery3.1_mystery2.3_mystery2.4_mystery1.3_mystery2.4_mystery3.2_mystery2.3_mystery3.2_mystery2.3_mystery2.4_mystery1.3_for.1_long.5_for.1_long.3_long.7_mystery1.3_=.6_mystery3.2_mystery2.3_mystery3.2_long.3_long.6_mystery3.2_mystery2.4_int.2_return.1_mystery3.2_default.1_1.1_return.2_return.1_return.2_mystery1.1_long.4_return.3_long.7_int.2_long.7_mystery1.3_long.7_long.8_mystery1.3_mystery2.3_mystery3.1_mystery2.3_mystery3.2_mystery2.3_mystery3.1_mystery2.3_mystery3.1_mystery2.3_mystery3.2_mystery2.3_mystery3.2_mystery2.3_mystery3.2_mystery2.3_mystery3.2_mystery2.3_mystery3.2_mystery2.3_mystery2.4_mystery3.2_mystery2.3_mystery3.2_mystery2.3_mystery3.2_mystery1.2_mystery2.3_mystery3.2_mystery3.1_mystery3.2_mystery2.3_return.3_mystery2.4_mystery1.3_mystery2.4_=.6_mystery2.4_=.6_mystery3.2_mystery2.4_return.3_mystery2.4_return.3_mystery2.4_mystery1.3_mystery3.2_mystery2.3_mystery3.2_mystery2.4_=.6_mystery2.4_mystery3.2_=.6_mystery1.3_mystery2.4_mystery1.3_long.7_mystery2.3_mystery3.2_mystery2.3_mystery3.2_=.5_mystery3.2_mystery2.3_mystery3.1_mystery2.3_mystery3.1_mystery2.3_=.5_mystery2.3_=.5_long.8_mystery1.3_mystery3.2_mystery2.3_mystery3.2_mystery2.3_mystery3.2_mystery2.3_mystery3.2_mystery2.3_mystery3.2_mystery2.3_mystery3.2_mystery2.3_mystery3.2_mystery2.3_mystery3.2_mystery2.3_mystery3.1_mystery3.2_mystery2.3_mystery3.1_mystery2.3_mystery3.2_mystery2.3_mystery3.2_mystery2.3_mystery3.1_mystery2.3_mystery3.2_mystery2.3_mystery3.2_mystery2.3_mystery3.2_mystery2.3_mystery3.2_mystery2.4_mystery2.3_mystery3.2_=.6_mystery2.4_mystery3.2_=.6_mystery3.2_mystery2.3_mystery3.2_mystery2.3_mystery3.2_mystery2.3_mystery3.1_mystery2.3_mystery3.2_mystery2.3_mystery2.4_mystery3.2_mystery2.3_mystery3.2_mystery2.3_mystery3.2_mystery2.3_mystery3.2_mystery2.3_mystery3.2
9,24,n.1_1.2_mystery1.1_mystery2.1_i.2_mystery3.1_i.2_mystery2.3_++i.1_2.1_i.2_mystery3.1_++i.1_2.1_mystery2.1_=.4_++i.1_mystery3.1_mystery3.2_mystery2.3_mystery3.2_mystery1.2_+.1_mystery2.2_mystery3.2_mystery2.3_mystery3.1_mystery3.2_mystery2.3_mystery3.1_mystery1.2_mystery3.2_mystery2.3_mystery1.2_mystery2.2_mystery3.2_mystery3.1_mystery3.2_mystery2.3_mystery3.2_mystery3.1_mystery2.3_mystery3.1_mystery2.3_mystery2.1_long.8_mystery2.1_2.1_mystery2.1_mystery1.1_mystery2.1_mystery1.1_2.1_mystery2.1_long.4_mystery1.1_mystery2.4_long.8_=.1_mystery2.3_mystery3.1_mystery2.3_mystery3.2_mystery2.3_mystery3.1_mystery2.3_mystery1.2_n.3_mystery2.3_mystery3.1_mystery2.3_=.4_n.3_=.4_++i.1_mystery3.1_mystery1.2_++i.1_mystery2.3_mystery3.1_mystery2.3_mystery3.1_mystery2.3_mystery2.1_mystery1.1_mystery2.3_mystery3.2_mystery2.3_mystery3.2_mystery2.3_mystery3.1_mystery2.3_mystery3.1_mystery2.3_mystery3.1_=.2_mystery1.2_++i.1_mystery1.2_++i.1_mystery3.1_mystery2.3_mystery3.1_2.1_mystery3.1_2.1_mystery1.2_++i.1_mystery1.2_mystery3.1_mystery2.3_mystery3.1_mystery1.2_++i.1_mystery1.2_mystery2.3_mystery3.1_mystery1.2_mystery3.2_mystery2.3_mystery3.2_mystery2.3_mystery3.2_mystery2.2_++i.1_mystery1.2_++i.1_mystery1.2_mystery2.2_++i.1_mystery3.2_mystery2.3_mystery3.1_mystery1.2_mystery2.3_mystery3.2_mystery1.2_mystery3.2_mystery2.3_mystery3.2_mystery2.3_mystery3.2_mystery2.3_mystery3.2_++i.1_mystery1.2_++i.1_mystery1.2_mystery2.2_mystery1.2_+.1_1.3_0.3_1.3_0.3_+.1_mystery2.2_mystery3.2_mystery1.2_mystery3.2_mystery2.3_mystery3.2_mystery2.3_mystery3.2_mystery1.2_mystery2.3_mystery3.2_mystery2.3_mystery2.2_mystery1.2_mystery2.2_mystery2.3_mystery2.2_mystery2.3_mystery3.2_mystery2.3_+.1_long.8_=.3_long.8_=.3_mystery2.2_mystery3.2_mystery2.2_mystery2.3_mystery1.2_mystery2.2_mystery1.2_++i.1_mystery2.3_mystery1.2_mystery2.2_mystery3.1_mystery3.2_mystery2.3_mystery3.2_mystery2.3_mystery3.2_mystery2.3_mystery3.2_mystery2.3_mystery3.2_mystery2.3_mystery3.2_mystery2.3_mystery3.2_mystery2.3_mystery3.2_mystery3.1_mystery3.2_mystery2.3_mystery3.2_mystery2.3_mystery3.2_mystery3.1_mystery2.3_mystery3.1_mystery2.3_mystery3.2_mystery2.3_mystery3.2_mystery2.3_mystery3.2_mystery1.2_=.5_mystery2.3_mystery2.2_mystery1.2_++i.1_+.1_++i.1_mystery1.2_++i.1_mystery1.2_++i.1_mystery1.2
10,24,mystery2.1_long.4_long.6_long.4_long.6_long.4_return.2_return.1_1.1_return.1_0.2_return.2_1.2_return.1_1.1_return.1_1.2_mystery1.1_long.6_long.4_long.6_return.2_1.2_long.4_mystery1.1_long.6_int.2_long.6_i.1_long.6_long.8_mystery3.1_mystery2.3_mystery3.1_mystery1.2_long.8_mystery1.3_mystery3.1_mystery2.3_mystery3.1_mystery2.3_mystery1.1_long.4_mystery2.1_mystery1.1_mystery2.1_mystery1.1_i.1_mystery3.1_++i.1_mystery1.2_++i.1_mystery1.2_++i.1_long.8_2.1_long.8_mystery1.3_long.8_mystery1.3_mystery2.3_mystery3.1_mystery2.3_mystery3.1_mystery2.3_mystery3.2_mystery2.3_mystery3.2_mystery2.3_mystery3.2_mystery2.3_=.5_long.8_2.1_mystery2.1_mystery3.1_++i.1_mystery1.2_++i.1_mystery2.3_mystery3.1_mystery2.3_mystery3.2_mystery1.2_n.3_mystery1.2_mystery2.3_mystery3.1_mystery2.3_mystery1.2_mystery2.3_mystery3.2_mystery2.3_mystery3.2_mystery2.3_mystery3.2_mystery2.3_mystery3.2_mystery2.3_mystery3.2_mystery2.3_mystery1.2_mystery3.2_mystery2.3_mystery3.2_mystery3.1_mystery1.2_mystery3.2_mystery2.3_mystery3.2_mystery2.3_mystery3.2_mystery2.3_mystery3.2_mystery1.2_mystery2.3_mystery3.1_++i.1_mystery1.2_++i.1_mystery1.2_=.4_mystery1.2
11,24,switch.1_long.2_switch.1_1.2_0.1_n.2_operate.1_return.1_0.2_long.8_0.2_1.2_0.2_long.4_int.2_long.4_=.3_mystery2.1_1.3_n.3_++i.1_2.1_mystery1.1_=.3_mystery1.1_=.3_long.8_mystery2.1_mystery1.1_mystery2.1_=.3_mystery2.1_0.3_1.3_0.3_n.3_0.3_mystery2.1_mystery1.1_long.8_mystery2.1_mystery1.1_mystery2.1_mystery1.1_1.3_mystery1.1_mystery2.1_mystery1.1_=.2_++i.1_1.3_0.2_1.3_++i.1_mystery1.2_mystery2.1_=.2_mystery2.3_++i.1_mystery1.2_++i.1_mystery1.2_mystery2.2_mystery1.2_++i.1_mystery3.1_++i.1_long.8_=.6_long.8_mystery3.2_mystery1.3_int.2_long.8_=.3_mystery2.1_=.3_mystery2.1_mystery3.1_1.3_n.3_mystery2.3_mystery3.1_mystery1.2_+.1_++i.1_mystery3.1_++i.1_mystery1.2_+.1_mystery1.2_mystery3.1_mystery1.2_++i.1_mystery1.2_+.1_mystery2.2_mystery1.1_mystery2.1_mystery1.1_mystery3.1_=.4_++i.1_mystery3.1_long.8_++i.1_mystery1.2_mystery2.3_mystery3.1_mystery2.3_mystery3.1_n.3_i.2_2.1_mystery3.1_mystery2.1_mystery1.1_mystery2.1_2.1_mystery2.1_=.3_mystery1.1_mystery2.1_mystery1.1_mystery3.1_++i.1_1.3_mystery1.1_1.3_mystery2.3_=.6_mystery1.3_i.1_mystery2.1_mystery1.1_mystery1.2_mystery3.1_mystery2.3_mystery3.1_mystery3.2_mystery2.3_mystery3.2_mystery2.3_mystery3.2_mystery2.3_mystery3.2_mystery2.3_mystery3.2_mystery2.3_++i.1_mystery3.1_i.2_mystery1.2_++i.1_mystery1.2_mystery3.2_mystery2.3_n.3_mystery1.2_mystery2.2_mystery2.3_mystery3.1_mystery2.3_mystery3.1_mystery3.2_mystery2.3_mystery3.1_mystery3.2_mystery1.2_++i.1_mystery3.2_mystery2.3_n.3_=.4_mystery2.3_mystery1.2_i.2_mystery3.1_mystery2.1_i.2_mystery3.1_n.3_=.1_=.2_mystery3.1_mystery2.3_mystery3.2_++i.1_+.1_i.2_++i.1_mystery1.2_mystery2.2_1.3_n.3_mystery1.2_++i.1_mystery2.2_++i.1_mystery1.2_=.4_++i.1_=.4_mystery2.3_++i.1_mystery1.2_++i.1_=.4_++i.1_mystery1.2_++i.1_mystery1.2_++i.1_mystery1.2_mystery2.2_mystery3.2_mystery3.1_=.2_++i.1_mystery1.2_++i.1_mystery1.2_mystery2.3_2.1_mystery3.1_mystery1.1_mystery3.1_2.1_mystery3.1_mystery1.2_mystery2.1_2.1_mystery2.1_mystery3.1_mystery2.3_mystery3.1_++i.1_n.3_1.3_n.3_mystery1.2_mystery2.2_++i.1_mystery1.2_+.1_mystery2.2_mystery3.1_i.2_mystery2.3_mystery3.1_mystery2.3_++i.1_mystery2.1_mystery3.1_mystery2.1_mystery3.1_=.1_1.3_=.4_mystery3.2_=.6_mystery2.3_mystery3.2_mystery3.1_mystery3.2_mystery1.2_n.3_mystery3.1_mystery1.2_mystery2.3_mystery1.2_+.1_mystery2.2_mystery2.3_mystery3.1_mystery2.3_mystery3.2_mystery2.3_mystery3.2_mystery3.1_mystery2.3_mystery3.1_mystery2.3_mystery2.2_mystery3.1_mystery2.3_mystery3.1_mystery2.3_++i.1_mystery3.2_mystery3.1_++i.1_mystery1.2_mystery2.3_mystery3.1_mystery1.2_++i.1_mystery3.2_mystery2.3_mystery3.2_mystery1.2_++i.1_mystery1.2_++i.1_=.4_mystery2.3_=.4_++i.1_mystery3.2_mystery3.1_mystery3.2_mystery2.3_mystery3.2_mystery2.3_mystery3.2_mystery2.3_mystery3.2_mystery2.3_mystery3.2_mystery1.2_1.3_n.3_mystery3.1_i.2_mystery1.2_++i.1_mystery1.2_++i.1_mystery3.1_++i.1_mystery1.2_++i.1_mystery1.2_++i.1_mystery1.2_mystery3.2_mystery2.3_mystery3.2_mystery2.3_mystery3.2_++i.1_mystery1.2_++i.1_mystery1.2_+.1_mystery2.3_=.6_mystery2.3_mystery3.1_mystery2.3_mystery3.1_i.2_mystery3.1_i.2_mystery2.1_i.2_mystery2.3_mystery3.2_mystery2.3_mystery3.2_mystery1.2_+.1_mystery2.2_n.3_1.3_n.3_i.2_mystery2.1_mystery3.1_mystery2.1_mystery3.1_mystery2.1_1.3_n.3_mystery3.1_i.2_mystery3.1_mystery2.3_mystery3.1_mystery2.3_mystery1.2_mystery3.1_mystery2.3_mystery3.1_mystery3.2_mystery3.1_mystery2.3_mystery3.2_mystery2.3_mystery1.2_mystery3.2_mystery3.1_mystery2.3_mystery3.1_i.2_mystery3.2_mystery2.3_mystery3.2_mystery2.3_mystery3.2_mystery3.1_mystery2.3_mystery3.2_mystery2.3_mystery3.2
12,24,0.2_case.1_switch.1_case.1_switch.1_case.1_return.1_n.1_operate.1_n.2_operate.1_switch.1_long.2_operate.1_n.2_operate.1_long.2_operate.1_n.2_mystery2.3_mystery3.2_mystery2.3_mystery3.2_mystery2.3_mystery3.2_mystery2.3_mystery3.2_mystery1.1_n.1_operate.1_n.2_return.1_long.4_1.2_long.4_mystery1.1_mystery1.3_mystery2.4_mystery3.2_mystery1.1_=.1_1.2_mystery1.1_mystery2.1_mystery1.1_0.3_1.3_0.3_mystery1.1_mystery2.1_mystery1.1_mystery2.1_mystery1.1_mystery2.1_=.2_mystery1.1_mystery2.1_mystery1.1_i.2_mystery3.1_mystery2.1_mystery3.1_mystery2.1_=.2_++i.1_mystery1.2_1.3_0.3_1.3_n.3_mystery3.1_=.4_mystery3.1_long.8_mystery3.1_mystery2.2_mystery2.3_mystery3.2_mystery3.1_i.2_mystery3.1_i.2_++i.1_+.1_mystery2.2_mystery1.1_1.3_0.3_1.3_0.3_mystery2.2_1.3_0.3_1.3_mystery1.1_mystery2.1_mystery1.1_+.1_mystery2.2_mystery3.2_mystery2.3_mystery3.1_1.3_0.3_mystery1.2_=.4_++i.1_mystery1.2_mystery3.1_++i.1_mystery1.2_++i.1_mystery1.2_++i.1_n.3_1.3_mystery3.1_++i.1_mystery1.2_++i.1_mystery1.2_++i.1_mystery1.2_++i.1_mystery1.2_++i.1_mystery1.2_++i.1_mystery1.2_++i.1_mystery3.1_++i.1_mystery1.2_+.1_mystery2.2_mystery1.2_mystery2.2_+.1_mystery1.2_mystery3.2_mystery2.3_mystery3.2_mystery2.3_mystery3.2_mystery2.3_mystery3.2_mystery1.2_++i.1_mystery3.1_mystery3.2_mystery2.3_mystery3.2_mystery2.3_mystery3.2_mystery2.3_mystery3.2_mystery2.3_mystery3.2_mystery2.3_mystery3.2_mystery1.2_mystery3.2_++i.1_mystery1.2_++i.1_mystery1.2_mystery3.1_=.4_mystery1.2_mystery3.1_++i.1_mystery1.2_++i.1_mystery1.2_mystery2.3_mystery3.1_n.3_mystery3.1_n.3_mystery3.1_mystery1.2_0.3_n.3_mystery3.1_n.3_mystery3.1_n.3_mystery1.2_++i.1_mystery1.2_++i.1_mystery1.2_1.3_=.4_n.3_=.4_mystery1.2_mystery3.2_mystery2.3_mystery1.2_++i.1_mystery1.2_mystery3.1_mystery2.3_mystery3.1_mystery2.3_mystery3.2_mystery1.2_++i.1_mystery1.2_++i.1_mystery1.2_++i.1_mystery1.2_++i.1_mystery1.2
13,24,0.1_return.1_long.6_int.2_long.4_return.2_case.2_return.1_mystery2.4_mystery1.3_int.2_long.6_int.2_long.6_return.2_return.1_1.1_return.2_long.7_long.4_mystery1.1_long.8_mystery2.4_long.6_int.2_long.6_int.2_mystery3.1_mystery2.3_mystery1.3_long.8_mystery1.2_mystery3.2_mystery1.1_0.2_long.4_return.2_1.2_long.4_long.6_mystery1.1_mystery1.3_mystery2.4_mystery2.3_mystery3.2_mystery2.3_mystery3.2_mystery2.3_mystery3.2_mystery2.3_mystery3.2_mystery2.3_mystery3.2_mystery2.3_mystery3.2_mystery2.3_mystery3.2_return.2_mystery3.2_1.2_mystery3.2_mystery3.1_mystery2.3_mystery3.1_mystery2.3_mystery1.2_long.8_mystery2.3_mystery3.2_mystery1.2_mystery3.2_mystery2.3_mystery1.2_mystery2.1_2.1_long.8_mystery3.2_mystery3.1_mystery1.2_mystery2.1_long.8_=.3_long.8_mystery1.2_mystery2.3_mystery3.2_mystery2.3_=.5_int.2_long.6_long.4_=.5_mystery1.3_mystery3.2_mystery2.3_mystery3.2_mystery2.3_mystery3.2_mystery1.3_long.7_mystery1.3_mystery2.4_int.2_long.8_mystery1.1_mystery2.1_long.6_long.4_1.2_return.1_1.2_mystery1.1_mystery3.1_=.4_long.6_long.8_mystery2.1_mystery2.3_mystery3.2_mystery2.1_=.3_mystery1.3_mystery3.2_mystery2.3_mystery1.2_mystery3.2_mystery2.3_mystery3.1_mystery2.3_mystery1.2_mystery3.1_mystery2.3_long.6_i.1_mystery3.1_mystery1.2_mystery2.3_mystery1.2_mystery3.2_mystery2.3_mystery3.2_mystery2.3_mystery1.2_++i.1_mystery2.3_mystery3.2_mystery2.3_mystery3.2_mystery2.3_mystery3.2_mystery1.2_mystery3.2_mystery2.3_mystery3.2_mystery2.3_mystery3.2_mystery2.3_mystery3.2_mystery2.3_mystery3.2_mystery2.3_mystery3.2_mystery2.3_mystery3.1_mystery2.3_mystery3.1_mystery3.2_mystery2.3_mystery3.2_mystery2.3_mystery3.2_mystery2.3_mystery3.2_mystery2.3_mystery3.2_mystery2.3_mystery3.2_mystery2.3_mystery3.2_mystery2.3_mystery3.2_mystery1.2_mystery3.2_mystery2.3_mystery3.2_mystery2.3_mystery3.2_mystery1.2_mystery3.1_mystery2.3_mystery3.1_mystery2.3_mystery3.1_mystery1.2_0.3_long.4_long.6_long.5_for.1_mystery2.4_return.3_mystery2.4_mystery1.3_long.5_long.3_return.2_return.1
14,24,mystery2.1_mystery1.1_operate.1_n.1_0.2_mystery3.1_1.2_mystery1.1_=.1_++i.1_mystery2.1_mystery3.1_1.2_operate.1_return.2_operate.1_i.1_mystery1.2_1.3_0.2_mystery1.1_mystery2.1_long.4_long.6_long.4_mystery1.1_mystery2.1_mystery1.1_mystery2.1_mystery1.1_0.3_mystery2.1_mystery1.1_1.3_=.4_n.3_1.3_n.3_2.1_mystery3.1_n.3_mystery1.2_++i.1_mystery2.3_mystery2.4_mystery3.2_0.2_operate.1_n.2_operate.1_n.2_0.2_return.2_1.2_0.2_mystery1.1_0.3_mystery1.1_mystery2.1_mystery1.1_mystery2.1_mystery1.1_mystery2.1_mystery1.1_=.2_i.2_2.1_mystery2.1_++i.1_mystery3.1_n.3_mystery3.1_mystery1.2_++i.1_mystery1.2_++i.1_mystery1.2_n.3_i.2_++i.1_mystery2.1_++i.1_mystery3.1_mystery3.2_n.3_i.2_=.4_++i.1_mystery3.2_mystery2.3_mystery1.2_mystery2.3_mystery2.4_long.6_=.3_mystery2.1_2.1_mystery2.1_=.1_mystery1.1_mystery2.1_=.3_mystery2.1_mystery1.2_++i.1_=.2_++i.1_1.3_=.2_=.1_mystery1.2_++i.1_mystery1.2_mystery3.1_mystery1.2_mystery3.1_mystery1.2_mystery3.1_=.4_++i.1_mystery1.2_mystery2.3_mystery1.2_mystery3.1_i.2_mystery3.1_=.4_++i.1_mystery3.2_mystery2.4_mystery3.1_long.8_2.1_long.8_mystery1.1_mystery2.1_mystery1.1_++i.1_mystery3.1_=.4_mystery2.3_mystery3.1_mystery2.3_mystery3.1_mystery2.3_mystery3.1_mystery2.3_mystery1.2_+.1_mystery1.2_mystery3.2_mystery2.3_mystery3.2_mystery2.3_mystery3.2_mystery1.2_++i.1_mystery3.1_i.2_mystery3.1_i.2_mystery1.2_++i.1_mystery1.2_++i.1_mystery3.1_mystery2.3_mystery3.1_+.1_0.3_+.1_1.3_mystery1.2_mystery2.2_mystery3.1_mystery2.3_mystery3.1_mystery1.2_mystery3.1_i.2_mystery3.1_++i.1_=.4_++i.1_mystery3.1_i.2_mystery3.1_++i.1_i.2_mystery3.1_2.1_mystery1.3_mystery3.1_n.3_long.8_mystery1.2_=.4_mystery3.1_mystery2.3_mystery3.1_++i.1_mystery3.2_mystery2.3_mystery3.2_mystery2.3_mystery3.2_mystery2.3_mystery3.2_mystery2.3_mystery3.2_mystery2.3_mystery3.2_mystery2.3_mystery3.2_mystery2.3_mystery3.2_mystery2.3_mystery3.2_mystery1.2_mystery2.3_mystery3.1_mystery2.3_mystery3.1_i.2_mystery2.3_mystery3.1_2.1_mystery2.1_2.1_mystery2.1_2.1_mystery2.1_=.4_mystery2.3_mystery1.2_n.3_1.3_n.3_++i.1_mystery1.2_++i.1_=.4_++i.1_i.2_mystery2.1_++i.1_mystery2.3_mystery3.1_mystery2.3_mystery3.1_mystery2.3_mystery3.1_mystery2.3_mystery3.1_i.2_mystery3.1_i.2_mystery3.1_mystery2.3_mystery3.1_mystery2.3_mystery1.2_mystery2.2_mystery2.3_mystery3.2_mystery2.3_mystery3.2_mystery2.3_mystery3.2_mystery2.3_mystery2.1_mystery1.1_long.8_2.1_mystery2.1_2.1_mystery2.1_2.1_mystery2.1_mystery1.1_mystery2.1_mystery1.1_mystery2.1_mystery1.1_mystery2.1_mystery1.1_mystery2.1_long.8_2.1_mystery2.1_2.1_n.3_++i.1_+.1_mystery2.3_+.1_mystery1.2_mystery2.3_=.4_mystery2.2_mystery1.2_+.1_mystery2.2_=.6_mystery2.3_mystery3.2_mystery2.3_=.6_=.5_mystery3.1_mystery3.2_mystery2.3_mystery3.1_mystery3.2_mystery2.3_mystery3.2_=.6_mystery2.3_mystery3.2_mystery2.3_mystery1.2_mystery2.3_mystery3.2_mystery2.3_+.1_mystery2.3_mystery3.1_mystery2.3_mystery3.1_n.3_mystery1.2_=.4_0.3_1.3_0.3_mystery2.2_+.1_mystery1.2_++i.1_mystery1.2_mystery2.3_mystery3.1_mystery2.2_=.4_mystery1.2_++i.1_mystery1.2_++i.1_=.5_mystery3.1_i.2_mystery3.1_+.1_mystery2.3_mystery3.2_mystery2.3_mystery3.2_mystery2.3_mystery1.2_mystery3.1_mystery2.3_mystery3.1_mystery2.3_mystery3.2_++i.1_mystery1.2_++i.1_mystery1.2_mystery2.3_mystery3.1_mystery1.2_++i.1_mystery2.3_mystery3.2_mystery2.3_mystery3.2_mystery2.3_++i.1_mystery1.2_++i.1_mystery1.2_mystery3.1_i.2_mystery3.1_mystery2.3_mystery3.2_mystery2.3_mystery3.2_mystery1.2_mystery2.3_mystery3.1_n.3_1.3_++i.1_mystery3.1_mystery2.3_mystery3.1_++i.1_mystery2.3_=.4_mystery3.1_=.4
15,24,long.5_return.1_0.1_return.1_case.1_0.1_switch.1_case.1_switch.1_return.1_long.3_default.1_long.3_return.2_long.5_int.2_long.6_mystery2.1_mystery1.1_mystery2.1_2.1_mystery3.1_mystery2.1_++i.1_mystery1.3_mystery2.4_mystery1.3_mystery2.4_mystery1.3_mystery2.4_mystery3.2_2.1_=.5_long.7_int.2_long.7_int.2_long.7_long.5_long.3_default.1_long.3_1.1_0.1_return.1_0.1_return.1_n.1_0.1_case.1_return.1_for.1_long.6_long.4_long.6_long.4_long.3_return.2_long.3_return.1_int.2_long.6_int.2_long.8_mystery2.1_long.8_=.3_long.8_mystery3.1_=.4_mystery3.1_mystery1.3_mystery2.3_mystery3.1_mystery2.3_mystery1.2_mystery2.4_mystery1.3_mystery2.4_mystery1.3_mystery2.4_mystery1.3_=.6_=.5_=.6_mystery2.3_mystery3.2_mystery2.3_mystery3.2_mystery2.3_mystery2.4_mystery3.2_mystery3.1_i.2_mystery3.1_n.3_=.3_mystery2.1_=.3_mystery2.1_=.1_=.2_mystery2.3_mystery3.1_mystery2.3_=.5_2.1_=.5_long.8_mystery1.3_long.8_mystery2.3_mystery3.2_mystery2.3_mystery3.2_mystery2.3_mystery3.1_mystery2.3_mystery3.1_mystery2.3_mystery3.1_mystery2.1_=.4_mystery2.3_mystery3.1_mystery2.4_mystery1.3_mystery2.4_long.7_mystery1.3_long.8_mystery3.1_mystery2.3_mystery3.1_mystery2.3_mystery3.1_mystery2.3_mystery3.1_mystery2.3_mystery3.1_mystery2.3_mystery3.1_mystery2.3_1.3_n.3_mystery3.2_mystery2.3_mystery3.2_mystery2.3_mystery3.1_mystery2.3_mystery3.1_mystery2.3_mystery3.2_mystery2.3_mystery3.2_mystery2.4_mystery3.2_mystery2.3_mystery1.3_mystery2.4_mystery1.3_mystery3.2_mystery2.3_mystery3.2_long.8_=.2_++i.1_mystery1.2_mystery3.2_mystery2.3_mystery3.2_++i.1_mystery1.2_++i.1_mystery1.2_mystery3.2_mystery2.3_mystery3.2_=.6_mystery3.2_mystery2.3_mystery3.2_mystery2.3_mystery3.2_mystery2.3_mystery3.2_mystery2.3_mystery3.2_mystery2.3_mystery3.1_mystery2.3_mystery1.2_mystery2.3_mystery3.1_mystery2.3_mystery3.1_mystery2.3_mystery3.1_mystery3.2_mystery3.1_mystery3.2_mystery3.1_mystery1.2_mystery3.2_=.6_mystery2.3_mystery3.2_mystery2.3_mystery3.2_mystery2.3_mystery3.2_mystery2.3_mystery3.2_mystery2.3_mystery3.2_mystery2.3_mystery3.2_mystery3.1_mystery1.2_++i.1_mystery1.2_mystery2.3_mystery3.1_mystery2.3_mystery3.2_mystery1.3_mystery2.4_mystery3.2_mystery2.3_mystery3.2_long.8_=.4_mystery2.3_mystery3.1_mystery2.3_mystery3.1_mystery2.3_mystery3.2_mystery2.3_mystery3.1_mystery2.3_mystery3.1_mystery1.2_mystery2.3_mystery3.2_mystery2.3_mystery1.2_mystery3.2_mystery3.1_n.3_mystery1.2_mystery3.2_mystery2.4_mystery3.2_=.4_mystery3.2_=.6_mystery3.2_mystery2.4_mystery3.1_mystery3.2
17,24,long.2_++i.1_return.1_0.1_return.1_long.6_return.1_0.1_return.1_0.2_mystery1.1_mystery2.1_2.1_mystery2.1_2.1_mystery2.1_2.1_mystery2.1_++i.1_i.2_mystery3.1_mystery1.2_0.3_1.3_0.3_mystery2.1_=.4_mystery1.2_mystery1.1_mystery1.2_mystery2.3_n.3_mystery1.1_1.2_mystery1.2_++i.1_mystery3.1_++i.1_mystery2.1_++i.1_mystery1.2_++i.1_mystery1.2_++i.1_mystery1.2_++i.1_mystery1.2_mystery3.1_n.3_mystery2.3_mystery1.2_mystery2.2_0.3_1.3_n.3_mystery1.1_++i.1_mystery2.2_mystery3.2_mystery2.3_mystery3.2_mystery2.3_mystery3.2_mystery2.3_mystery3.2_mystery2.3_mystery3.2_++i.1_mystery1.2_mystery3.2_mystery2.3_mystery3.2_mystery2.3_mystery3.2_mystery2.3_mystery3.1_mystery1.2_mystery2.3_1.3_mystery3.2_mystery1.2_mystery2.2_mystery1.2_++i.1_mystery1.2_mystery2.2_mystery1.2_=.4_mystery1.2_mystery2.3_mystery3.1_mystery2.3_mystery3.1_mystery2.2_mystery3.1_mystery2.3_mystery1.2_=.4_mystery2.3_=.4_mystery1.2_mystery3.1_mystery2.3_mystery3.1_++i.1_mystery1.2_++i.1_mystery3.1_mystery2.3_mystery1.2_mystery1.3_=.1_++i.1_mystery2.3_mystery3.1_mystery1.2_mystery3.2_mystery2.3_mystery3.2_mystery2.3_mystery3.2_mystery2.3_mystery3.2_mystery2.2_mystery1.2_++i.1_mystery1.2_++i.1_mystery1.2_++i.1_mystery1.2_++i.1_mystery1.2_mystery3.2_mystery2.2_++i.1_mystery2.3_mystery3.2_mystery2.3_mystery3.2_mystery1.2_mystery3.2_mystery1.2_mystery3.2_++i.1_mystery1.2
20,24,long.4_mystery3.2_operate.1_n.1_mystery1.1_=.1_mystery1.1_mystery2.1_2.1_mystery2.1_2.1_mystery3.1_mystery2.3_mystery3.1_mystery2.3_mystery3.2_1.2_n.1_operate.1_0.3_1.3_n.3_++i.1_1.3_n.3_1.3_n.3_++i.1_mystery3.1_i.2_=.2_1.3_n.3_1.3_n.3_1.3_++i.1_mystery3.1_mystery1.2_++i.1_1.3_n.3_1.3_n.3_1.3_n.3_1.3_++i.1_mystery1.2_mystery3.1_++i.1_mystery1.2_mystery2.2_0.3_mystery2.2_mystery1.2_++i.1_mystery2.3_mystery3.1_mystery2.3_mystery3.1_mystery2.3_mystery3.1_mystery2.3_mystery3.1_mystery1.2_+.1_mystery2.3_mystery3.1_mystery2.3_mystery3.1_mystery2.3_mystery3.1_mystery2.3_mystery3.1_mystery2.3_mystery1.2_mystery2.2_mystery3.2_mystery2.3_mystery3.1_mystery2.3_mystery1.2_1.3_mystery3.2_mystery3.1_mystery2.3_mystery3.1_mystery1.2_mystery2.2_mystery1.2_mystery2.3_=.5_mystery2.3_mystery1.2_mystery2.2_mystery3.2_mystery2.3_mystery3.2_mystery2.3_mystery1.2_++i.1_=.4_++i.1_=.4_mystery2.2_mystery3.2_mystery2.3_mystery3.2_mystery2.3_mystery3.2_mystery2.3_mystery3.2_mystery2.3_mystery3.2_mystery2.1_=.3_mystery2.1_=.3_mystery2.1_=.3_i.2_mystery2.1_mystery3.1_++i.1_0.3_=.4_n.3_mystery1.2_+.1_++i.1_mystery1.2_mystery2.3_mystery3.1_1.3_n.3_++i.1_mystery1.2_++i.1_mystery1.2_=.4_mystery3.1_mystery1.2_mystery3.1_++i.1_mystery1.2_++i.1_mystery1.2_n.3_++i.1_1.3_n.3_=.4_++i.1_mystery1.2_++i.1_mystery1.2_+.1_mystery2.2_++i.1_mystery1.2_mystery3.2_++i.1_mystery2.2_mystery1.2_++i.1_=.4_mystery2.3_mystery1.2_mystery3.1_n.3_mystery3.1_mystery1.2_=.4_mystery3.1_mystery1.2_+.1_mystery2.2_++i.1_mystery2.2_mystery2.3_mystery1.2_mystery2.2_++i.1_mystery1.2_mystery3.2_mystery1.2_mystery2.3_mystery1.2_mystery3.2_mystery2.3_mystery3.2_mystery2.3_mystery3.2_mystery2.3_mystery3.2_mystery2.3_mystery3.2_mystery2.3_mystery3.2_mystery1.2_mystery3.2_mystery2.3_mystery2.2_++i.1_mystery1.2_++i.1_mystery2.2_mystery3.2_mystery2.3_mystery2.2_+.1_mystery1.2_mystery2.2_++i.1_=.4_mystery1.2_mystery2.2_mystery1.2_n.3_mystery1.2_mystery2.3_mystery3.2_mystery2.3_mystery3.2_mystery2.3_mystery1.2_mystery2.3_mystery1.2_mystery2.3_++i.1_mystery1.2_mystery2.2_+.1_mystery2.2_mystery2.3_mystery3.2_mystery2.3_mystery1.2_mystery2.2_+.1_mystery1.2_+.1_mystery1.2_+.1_mystery1.2_mystery2.3_mystery3.2_+.1_mystery2.3_mystery1.2_mystery3.2_mystery2.3_mystery3.2_mystery2.3_mystery3.2_mystery2.3_mystery3.2_mystery1.2_mystery2.3_mystery2.2_mystery1.2_mystery2.3_mystery1.2_mystery3.2_mystery2.3
21,24,mystery2.1_mystery1.1_int.2_long.7_mystery1.3_1.1_case.2_return.1_1.1_return.2_long.3_int.2_long.7_int.2_i.2_mystery3.1_n.3_2.1_mystery3.1_mystery2.3_mystery1.3_mystery2.3_mystery3.1_mystery2.4_mystery3.2_=.6_mystery2.3_mystery2.4_mystery1.3_mystery2.3_=.5_long.8_int.2_long.8_=.5_=.6_mystery3.2_2.1_return.1_mystery3.2_mystery2.3_mystery3.2_mystery2.3_mystery3.1_1.3_mystery2.3_mystery3.1_mystery2.3_mystery3.2_mystery3.1_mystery3.2_mystery3.1_mystery2.3_mystery3.1_n.3_mystery3.1_i.2_mystery3.1_long.8_mystery3.1_mystery2.3_mystery3.1_mystery3.2_mystery3.1_i.2_mystery3.1_mystery2.3_mystery3.1_mystery2.3_mystery3.1_mystery2.3_mystery3.1_mystery2.3_mystery3.2_mystery2.3_mystery1.3_long.8_mystery1.3_long.8_mystery3.1_mystery1.2_mystery3.2_mystery3.1_mystery2.3_mystery3.1_mystery2.3_mystery3.1_long.8_mystery1.3_mystery2.3_mystery3.2_mystery2.3_mystery3.2_mystery2.3_mystery3.1_long.8_1.2_mystery3.2_mystery2.3_mystery3.1_mystery2.3_mystery3.2_=.6_mystery3.2_mystery3.1_mystery2.3_mystery3.1_++i.1_mystery2.3_mystery3.1_++i.1_mystery1.2_++i.1_=.4_++i.1_=.6_=.5_mystery2.3_mystery3.1_mystery3.2_mystery2.3_mystery3.2_mystery2.1_i.2_mystery3.1_mystery1.2_mystery2.3_mystery3.1_mystery2.3_mystery3.1_mystery2.3_n.3_mystery3.2_long.7_mystery1.3_mystery2.3_=.4_long.8_=.5_mystery3.1_mystery2.3_mystery3.2_mystery2.3_mystery3.1_mystery2.3_mystery3.2_mystery2.3_mystery3.2_mystery2.3_=.4_mystery1.2_mystery3.1_mystery1.2_mystery2.3_mystery3.1_mystery2.3_mystery3.1_mystery2.3_mystery3.2_i.2_=.4_mystery3.2_=.4_mystery3.2_mystery2.3_mystery3.1_mystery2.3_=.4_mystery3.2_mystery2.3_mystery3.2_mystery1.2_mystery2.3_mystery3.2_mystery2.3_mystery3.2_mystery2.3_mystery3.2_mystery2.3_mystery3.2_mystery2.3_mystery3.2_mystery2.3_mystery3.2_mystery2.1_mystery3.2_mystery1.2_=.4_mystery1.2_=.4_mystery3.2_+.1_mystery1.2_mystery3.1_mystery3.2_mystery1.2_mystery2.3_mystery3.2_mystery2.3_mystery3.2_mystery2.3_mystery3.2_mystery2.3_mystery3.2_mystery2.3_mystery3.2_mystery1.1_mystery2.1_mystery1.1_0.3_return.2_mystery1.1_return.2_i.1_mystery3.2_mystery2.3_mystery2.4_mystery1.3_mystery2.4_mystery3.2_mystery2.4_mystery2.3_mystery3.1_mystery2.4_mystery1.3_mystery2.4_mystery3.2_mystery2.3_mystery3.2_mystery2.3_mystery3.2_mystery2.3_mystery3.2_mystery2.3_mystery3.2_mystery2.3_mystery3.2_mystery2.3_mystery3.2_mystery1.2_mystery2.4_operate.1_mystery3.1
22,24,2.1_i.2_2.1_mystery3.1_n.1_0.2_1.2_long.4_mystery2.1_++i.1_mystery2.3_mystery3.2_0.2_++i.1_mystery1.2_mystery2.3_mystery3.2_mystery3.1_mystery1.2_+.1_mystery1.2_mystery3.2_mystery2.3_mystery3.2_mystery2.3_mystery3.2_mystery2.3_mystery1.2_mystery2.2_=.4_++i.1_mystery1.2_++i.1_+.1_mystery1.2_mystery3.2_mystery3.1_n.3_mystery3.1_mystery2.3_mystery3.1_=.4_mystery2.3_mystery3.2_mystery2.2_mystery1.2_mystery3.2_mystery1.2_mystery3.2_long.8_mystery1.2_mystery2.3_=.4_mystery3.1_mystery1.2
23,24,0.2_mystery1.1_mystery2.1_mystery1.1_mystery2.1_mystery1.1_mystery2.1_++i.1_mystery1.2_++i.1_+.1_mystery1.2_++i.1_mystery3.1_1.3_n.3_1.3_n.3_1.3_n.3_1.3_n.3_mystery1.2_++i.1_mystery3.1_++i.1_mystery2.3_mystery1.2_mystery2.2_mystery1.2_++i.1_mystery1.2_++i.1_mystery1.2_++i.1_mystery1.2_++i.1_=.2_mystery3.2_mystery3.1_long.8_mystery3.1_mystery2.3_mystery3.1_mystery2.3_mystery3.1_n.3_mystery3.1_=.4_++i.1_mystery1.2_++i.1_mystery1.2_++i.1_mystery1.2_mystery2.3_mystery2.2_++i.1_=.4_=.2_mystery3.1_mystery2.2_n.3_1.3_n.3_mystery2.2_mystery2.3_mystery3.2_mystery2.3_mystery3.2_mystery2.3_mystery3.2_mystery2.3_mystery3.2_mystery1.2_mystery3.2_mystery2.3_mystery3.2_mystery1.2_mystery2.2_mystery1.2_=.4_+.1_mystery2.2_mystery1.2_++i.1_mystery1.2_mystery2.3_++i.1_mystery1.2_++i.1_mystery1.1_mystery2.1_mystery1.1_mystery3.2_mystery1.2_n.3_++i.1_mystery1.2_++i.1_mystery2.2_mystery2.3_mystery3.2_mystery2.3_mystery3.2_mystery2.3_mystery3.2_mystery1.2_++i.1_mystery3.1_n.3_mystery3.1_++i.1_mystery1.2_++i.1_mystery2.2_mystery1.2_n.3_=.4_mystery2.2_mystery1.1_mystery2.3_mystery3.2_mystery2.3_mystery2.2
24,24,n.1_return.1_operate.1_return.1_n.1_1.1_return.2_return.1_0.2_1.2_0.2_long.8_i.1_return.2_0.2_1.2_0.2_return.1_0.1_n.2_0.1_n.2_0.2_1.2_0.2_1.2_n.1_1.2_0.2_long.4_i.1_mystery2.1_2.1_mystery3.1_mystery1.2_mystery2.3_mystery3.1_mystery2.3_mystery3.1_mystery3.2_mystery2.3_=.6_mystery3.2_0.2_1.2_mystery2.1_i.1_mystery1.1_mystery2.1_long.8_mystery1.1_2.1_mystery1.1_1.2_long.4_long.6_i.1_mystery3.1_mystery2.3_mystery3.1_mystery2.3_mystery1.2_mystery3.1_++i.1_=.4_n.3_mystery1.2_++i.1_1.3_n.3_mystery3.1_2.1_mystery3.1_mystery2.3_n.3_mystery1.2_mystery3.1_mystery2.3_=.5_mystery3.1_mystery2.3_mystery1.2_mystery3.2_mystery2.3_mystery3.1_mystery2.3_mystery3.1_mystery2.3_mystery1.2_mystery3.1_mystery1.2_mystery3.1_mystery2.3_mystery3.2_mystery1.1_mystery3.1_mystery2.3_mystery3.2_mystery2.3_mystery3.2_mystery2.3_mystery3.2_mystery3.1_mystery2.3_mystery3.2_mystery2.3_mystery3.2_mystery2.3_mystery3.2_mystery2.3_mystery3.2_+.1_mystery1.2_mystery3.1_mystery2.3_mystery3.1_mystery1.2_mystery3.2_mystery1.2_mystery2.3_mystery3.2_mystery2.3_mystery1.2_++i.1_mystery3.1_mystery2.1_2.1_long.8_mystery3.2_mystery1.2_mystery3.1_long.8_mystery3.1_mystery2.3_mystery3.1_mystery2.3_mystery3.1_mystery2.3_mystery3.1_long.8_mystery2.1_mystery1.1_mystery2.1_mystery1.1_mystery2.1_mystery1.1_mystery2.1_mystery1.1_mystery2.1_mystery3.1_mystery2.3_mystery3.2_mystery2.3_mystery3.1_mystery3.2_mystery2.3_mystery3.2_mystery2.3_mystery3.2_mystery2.3_mystery1.2_mystery3.2_mystery2.3_mystery3.2_mystery2.3_mystery3.2_mystery2.3_mystery3.2_=.4_mystery1.2_mystery2.3_mystery3.2_mystery2.3_mystery3.2_mystery2.3_mystery3.2_mystery2.3_mystery3.2_mystery2.3_mystery3.2_mystery2.3_mystery3.2_mystery2.3_mystery3.2_mystery2.3_mystery3.2_mystery3.1_mystery2.3_mystery3.2_mystery2.3_=.4_mystery3.2_++i.1_=.4_mystery3.2_mystery1.2_mystery2.3_mystery3.2_mystery2.3_mystery1.2_mystery2.3_mystery3.2_mystery2.3_mystery3.2
25,24,operate.1_n.2_operate.1_n.2_operate.1_n.2_operate.1_n.2_operate.1_n.2_operate.1_n.2_1.2_mystery1.1_0.3_1.3_0.3_mystery2.1_mystery1.1_mystery2.1_mystery1.1_mystery2.1_=.1_0.3_mystery2.1_2.1_mystery3.1_long.8_=.5_mystery1.1_mystery2.1_operate.1_0.2_mystery1.1_0.2_n.1_0.3_i.2_i.1_mystery3.1_2.1_mystery2.1_2.1_i.2_mystery2.1_++i.1_n.1_1.3_0.3_1.3_mystery2.1_mystery1.1_mystery2.1_++i.1_0.2_=.2_mystery2.1_mystery1.1_mystery2.1_0.3_1.3_=.1_=.2_=.1_=.2_1.3_mystery2.1_mystery1.1_mystery2.1_mystery1.1_1.2_mystery1.1_mystery2.1_mystery1.1_++i.1_n.3_mystery2.1_mystery1.1_mystery2.1_mystery1.1_mystery2.1_mystery1.1_mystery2.1_mystery1.1_mystery2.1_mystery1.1_0.3_++i.1_0.2_0.3_=.1_0.3_mystery3.1_i.2_++i.1_mystery3.1_case.1_mystery1.1_long.4_long.3_n.1_mystery3.1_2.1_mystery3.1_2.1_i.2_0.3
26,24,1.2_mystery1.1_n.1_1.2_n.1_0.1_case.1_0.1_n.2_0.1_case.1_mystery2.1_0.2_long.4_mystery2.1_mystery1.1_mystery2.1_mystery1.1_i.1_long.8_long.4_0.2_i.1_long.8_i.2_mystery3.1_i.2_mystery3.1_++i.1_mystery1.2_mystery2.1_++i.1_mystery1.2_++i.1_mystery1.2_++i.1_mystery2.3_mystery3.1_mystery2.3_mystery3.1_long.8_mystery3.1_n.3_++i.1_mystery1.2_mystery3.2_mystery2.3_mystery3.2_mystery2.3_mystery3.1_=.6_mystery3.2_mystery2.3_mystery1.2_=.4_++i.1_mystery3.1_2.1_mystery1.2_mystery2.3_mystery3.2_mystery2.3_mystery3.2_mystery1.2_n.3_mystery3.2_=.4_mystery2.3_=.4_mystery1.2_++i.1_mystery1.2_=.4_mystery1.2_mystery2.3_++i.1_mystery1.2_mystery2.4_mystery3.2_mystery1.2_=.4_mystery2.3_mystery3.2_mystery2.3_mystery3.2_mystery2.3_mystery3.2_mystery2.3_mystery3.2_mystery1.2_mystery3.2_mystery2.3_mystery3.2_mystery2.3_mystery3.2_mystery2.3_mystery3.2_mystery2.3_mystery3.2_mystery1.2_mystery2.3_mystery3.2_n.3_mystery3.2_=.4_n.3_=.4_mystery1.2_mystery3.2_mystery1.2_mystery3.2_=.4_mystery3.2_mystery1.2_mystery2.3_mystery3.2_mystery1.2
27,24,mystery1.1_1.2_default.1_long.3_long.4_default.1_long.4_mystery1.3_long.4_long.6_long.3_default.1_return.2_long.3_default.1_long.6_long.4_long.6_long.4_default.1_return.2_default.1_long.3_long.5_long.3_long.4_long.3_long.4_long.6_long.4_long.6_long.4_1.3_mystery2.1_mystery1.1_mystery2.1_mystery1.1_mystery2.1_1.3_++i.1_i.2_2.1_return.2_default.1_long.3_=.5_mystery2.3_mystery3.1_=.2_2.1_=.3_i.1_=.3_long.8_2.1_i.2_++i.1_mystery1.2_mystery2.3_++i.1_mystery1.2_mystery3.1_mystery2.3_mystery3.1_mystery1.1_mystery2.1_1.3_n.3_mystery2.1_long.4_long.6_mystery2.1_mystery3.1_mystery1.2_mystery2.2_mystery3.1_n.3_mystery3.1_=.5_mystery3.1_++i.1_mystery1.2_mystery3.1_mystery1.2_mystery2.3_mystery3.1_mystery2.3_mystery1.2_++i.1_mystery1.2_++i.1_mystery1.2_0.2_return.1_mystery1.2_mystery3.1_mystery2.3_mystery3.1_mystery2.3_mystery3.1_mystery2.3_mystery3.1_mystery2.3_mystery3.2_mystery2.4_long.4_mystery2.1_mystery1.1_mystery3.1_mystery1.2_mystery3.1_n.3_mystery1.2_mystery3.2_=.4_++i.1_mystery2.1_++i.1_mystery1.2_mystery2.3_=.6_n.3_mystery3.2_n.3_i.2_=.4_mystery1.2_++i.1_n.3_+.1_mystery2.2_+.1_mystery2.2_mystery1.2_mystery3.2_mystery2.3_n.3_mystery3.1_mystery1.2_++i.1_mystery1.2_mystery1.1_1.3_n.3_++i.1_mystery2.3_mystery1.2_++i.1_mystery1.2_++i.1_mystery1.2_++i.1_mystery1.2_mystery2.3_mystery3.2_mystery2.3_mystery3.2_mystery2.3_mystery1.2_mystery2.2_mystery3.1_=.4_mystery3.1_=.2_mystery3.1_mystery2.3_++i.1_n.3_++i.1_mystery1.2_mystery3.2_mystery2.3_n.3_mystery1.2_=.4_++i.1_=.4_mystery3.2_mystery1.2_=.4_long.6_int.2_long.6_mystery1.2_++i.1_mystery1.2_mystery3.2_mystery3.1_n.3_mystery1.2_n.3_++i.1_mystery1.2_++i.1_mystery1.2_mystery2.3_mystery1.2_mystery2.2_mystery2.3_mystery1.2_mystery2.3_mystery3.2_mystery2.3_mystery3.2_mystery1.2_++i.1_mystery1.2_mystery3.2_long.4_mystery3.1_=.5_++i.1_mystery2.3_mystery3.1_mystery1.2_++i.1_mystery1.2_++i.1_mystery2.3_mystery3.1_mystery2.3_mystery3.1_mystery3.2_++i.1_mystery2.1_mystery3.1_++i.1_mystery3.2_mystery2.3_mystery3.2_2.1_mystery3.1_mystery1.2_++i.1_mystery1.2_++i.1_mystery1.2_++i.1_mystery1.2_++i.1_mystery3.2_mystery2.3
28,24,switch.1_long.2_mystery2.3_mystery3.1_0.2_1.2_return.2_case.2_1.1_1.2_long.8_long.7_long.8_return.2_1.1_return.2_case.2_1.2_return.2_int.2_long.4_1.2_return.2_long.6_long.4_mystery2.4_return.2_return.1_case.2_return.2_1.1_return.2_mystery1.1_mystery2.1_2.1_mystery2.1_=.3_mystery2.1_long.8_mystery1.3_mystery2.3_mystery3.2_mystery2.3_mystery3.2_long.8_mystery3.2_mystery2.3_mystery3.2_mystery2.3_mystery3.2_=.6_mystery3.2_mystery2.3_mystery3.2_long.4_mystery1.1_i.1_long.8_mystery3.1_=.5_mystery3.2_i.1_=.3_mystery2.3_mystery3.2_mystery1.2_mystery3.2_mystery1.2_mystery3.2_mystery1.2_=.1
29,24,mystery3.2_1.2_long.8_mystery1.2_=.4_long.4_return.2_return.1_return.2_return.1_operate.1_n.1_mystery3.2_0.2_1.2_0.2_long.4_1.2_mystery1.1_=.1_mystery1.1_mystery2.1_mystery1.1_return.2_0.1_operate.1_n.1_0.3_mystery1.1_mystery2.1_mystery1.1_mystery2.1_mystery1.1_0.3_1.3_0.3_1.3_1.2_0.2_1.2_mystery1.1_long.8_=.3_long.8_mystery3.1_++i.1_mystery3.1_=.4_mystery1.2_mystery2.2_1.3_0.3_mystery2.2_mystery3.1_mystery2.3_mystery3.1_mystery2.3_mystery3.1_mystery2.3_mystery3.1_mystery1.2_mystery3.1_mystery2.3_mystery3.1_mystery2.3_mystery3.1_mystery2.3_mystery3.1_mystery2.3_mystery3.1_mystery2.3_mystery3.1_mystery2.3_mystery3.1_mystery2.3_mystery3.1_mystery1.2_mystery3.1_=.3_mystery2.1_=.3_mystery2.1_=.3_mystery3.1_mystery2.3_mystery3.1_mystery2.3_mystery3.1_+.1_mystery2.2_1.3_0.3_mystery2.2_++i.1_mystery2.2_mystery3.2_mystery2.3_mystery3.2_mystery2.3_mystery3.2_mystery2.3_mystery3.2_mystery2.3_mystery3.1_mystery2.3_mystery3.2_mystery2.3_mystery1.2_mystery2.2_mystery1.2_=.1_=.2_=.1_=.2_1.3_mystery1.2_mystery3.2_mystery2.3_mystery3.2_mystery2.3_mystery3.2_mystery2.3_mystery3.2_mystery2.3_mystery3.2_mystery2.3_mystery1.1_0.3_mystery3.2_mystery2.3_mystery3.2_mystery2.3_mystery3.2_mystery2.3_mystery3.2_mystery2.3_mystery3.2_mystery2.3_=.2_mystery3.2_mystery2.3_mystery3.2_mystery3.1_mystery2.3_mystery3.2_mystery2.3_mystery3.1_mystery2.3_mystery3.2_=.4_mystery1.2_mystery3.1_mystery2.3_mystery2.2_+.1_mystery3.2_mystery2.3_mystery3.1_mystery2.3_mystery3.1_n.3_mystery1.2_mystery2.3_mystery3.2_mystery2.3_mystery3.1_++i.1_=.4_mystery3.1_mystery2.3_mystery3.1_2.1_mystery3.1_mystery1.2_mystery3.1_mystery1.2_mystery2.1_mystery1.2_++i.1_n.3_n.1_mystery2.3_=.4_mystery1.2_mystery3.1_=.4_mystery3.1_n.3_mystery3.1_mystery1.2_n.3_mystery1.1_mystery2.1_long.4_mystery1.2_mystery2.2_=.4_mystery2.2_mystery1.2_++i.1_mystery3.2_mystery2.3_mystery3.2_mystery2.3_mystery3.2_mystery2.3_mystery3.2_mystery2.3_mystery3.2_mystery2.3_mystery3.2_mystery2.3_mystery3.2_mystery2.3_mystery3.1_mystery2.3_mystery3.1_2.1_mystery2.1_1.3_mystery3.2_mystery1.1
30,24,operate.1_n.1_2.1_mystery3.1_i.2_0.2_return.1_0.2_mystery2.1_i.1_mystery3.1_mystery3.2_mystery2.3_mystery3.1_mystery2.3_mystery3.1_mystery2.3_mystery1.2_mystery3.2_mystery2.3_mystery3.2_mystery2.3_mystery3.2_mystery2.3_mystery3.2_mystery2.3_mystery3.2_mystery2.3_mystery3.1_mystery2.3_mystery1.2_mystery3.2_mystery2.3_mystery3.2_mystery2.3_mystery3.2_mystery2.3_mystery3.2_mystery2.3_mystery3.2_mystery2.3_mystery3.2_mystery2.3_mystery3.2_mystery2.3_mystery3.2_mystery2.3_mystery3.2_mystery2.3_mystery3.2_mystery2.3_mystery3.2_mystery2.3_mystery3.2_mystery2.3_mystery3.2_mystery2.3_mystery2.1_1.2_0.2_return.1_=.3_long.8_mystery2.1_n.1_mystery3.1_n.3_mystery2.3_mystery3.2_mystery2.3_mystery3.2_mystery1.2_mystery2.3_mystery3.2_n.3_=.4_mystery3.2_mystery2.3_mystery3.2_mystery2.3_mystery3.2_mystery2.3_mystery1.1_mystery3.2_mystery2.3_mystery3.2
31,24,return.1_0.2_1.1_case.2_return.1_0.2_return.1_0.2_return.2_long.8_1.1_case.2_return.1_1.2_mystery1.1_long.4_mystery2.1_mystery1.1_=.3_int.2_long.8_long.6_i.1_long.6_long.8_mystery3.1_mystery2.3_mystery3.1_mystery1.2_mystery3.1_mystery1.2_=.5_=.6_mystery1.3_mystery3.2_mystery2.3_mystery3.2_1.2_mystery3.2_mystery2.1_mystery2.3_mystery3.2_mystery2.3_mystery3.2_mystery2.3_mystery3.2_mystery2.3_mystery3.1_mystery1.2_mystery3.1_mystery2.3_mystery3.2_=.6_mystery3.2_mystery2.3_mystery1.2_mystery2.3_mystery3.2_mystery2.3_mystery3.2_mystery2.3_mystery3.2_mystery2.3_mystery3.1_mystery2.3_mystery1.2_mystery3.2
32,24,switch.1_long.2_switch.1_n.2_operate.1_1.3_0.3_0.2_return.2_return.1_n.2_1.1_return.1_0.1_operate.1_long.4_return.2_return.1_return.2_long.4_return.1_return.2_1.1_return.2_long.4_1.2_1.1_return.1_long.3_1.2_0.2_1.2_long.4_long.6_long.4_long.6_long.4_int.2_long.7_long.8_i.1_long.6_int.2_long.8_i.1_mystery3.1_mystery2.3_n.3_long.8_int.2_mystery3.1_mystery2.1_mystery3.1_n.3_++i.1_mystery1.2_mystery3.1_mystery2.3_=.4_mystery2.3_mystery1.2_mystery2.3_mystery3.2_mystery2.3_long.8_mystery1.3_mystery3.2_mystery2.3_mystery3.1_i.2_mystery3.1_1.2_long.4_1.2_mystery3.2_mystery1.2_mystery1.1_mystery2.1_mystery1.1_mystery2.1_mystery1.1_long.8_mystery3.1_mystery1.2_mystery3.2_mystery1.2_mystery3.2_mystery1.3_int.2_long.4_return.2_return.1_mystery2.1_mystery3.1_long.8_long.6_mystery2.1_=.4_long.8_mystery1.3_long.8_mystery1.3_long.8_mystery2.3_mystery3.2_mystery2.3_mystery3.2_mystery2.3_mystery3.2_mystery2.3_mystery3.2_mystery2.3_mystery3.2_mystery2.3_=.6_mystery3.2_mystery3.1_mystery2.3_mystery3.1_mystery2.3_mystery3.1_mystery1.2_mystery2.4_mystery3.2_mystery2.3_mystery3.2_=.6_mystery3.2_mystery2.3_mystery3.2_mystery2.3_mystery3.2_mystery2.3_mystery3.2_mystery2.3_mystery3.2_mystery2.3_mystery3.2_mystery2.3_mystery3.1_mystery2.3_mystery3.2_mystery2.3_mystery3.1_mystery2.3_mystery3.1_mystery2.3_mystery3.1_mystery3.2_mystery2.3_mystery3.2_mystery2.3_mystery3.2_mystery2.3_mystery3.2_mystery2.3_mystery3.1_mystery3.2_mystery2.3_mystery3.2_mystery2.3_mystery3.2_mystery2.3_mystery3.2_mystery2.3_mystery3.2_mystery2.3_mystery3.2_mystery2.3_mystery3.2_mystery2.3_mystery3.2_mystery3.1_mystery2.3_mystery3.2_mystery2.3_mystery3.2_mystery2.3_mystery3.2_mystery2.3_mystery3.2_mystery2.3_mystery3.1_operate.1_mystery1.1_2.1_=.5_mystery3.2_mystery2.3_mystery3.2_mystery2.3_mystery3.2_mystery2.3_mystery3.2_mystery2.3_mystery3.2_mystery2.3_mystery3.2_mystery2.3_mystery3.2_mystery2.3_mystery3.2_=.6_mystery3.2_mystery3.1_mystery2.3_mystery3.1_mystery2.3_mystery3.1_2.1_mystery3.1_mystery1.2_++i.1_mystery1.2_i.2_mystery3.1_mystery2.3_mystery3.1_mystery1.2_mystery3.1_mystery3.2_mystery2.3_mystery3.2_mystery2.3_mystery3.2_mystery2.3_mystery3.2_mystery2.3_mystery3.2_=.6_mystery3.2_mystery2.1_mystery1.1_2.1_mystery3.1_mystery1.2_++i.1_mystery1.2_default.1_mystery1.1_return.2_long.4_mystery1.1_mystery2.1_mystery1.1_mystery2.1_mystery1.1_=.1_mystery2.3_mystery3.1_mystery2.3_mystery3.1_n.3_1.3_=.4_return.2_1.3_0.3_mystery3.1_i.2_mystery3.1_i.2_mystery3.1_mystery3.2_mystery2.3_++i.1_mystery1.3_mystery2.3_mystery3.2_mystery1.1_mystery2.3_mystery1.1_mystery2.1_mystery1.1_mystery2.1_mystery3.2_mystery2.4_mystery1.3_mystery3.1_mystery2.3_mystery3.2_mystery3.1_mystery2.3_mystery3.2_mystery2.3_mystery3.2_mystery2.4_mystery3.1_mystery3.2_mystery2.3_n.1_1.3_0.3_1.3_0.3_1.3_=.1_0.3_mystery3.2_mystery2.3_mystery3.2_operate.1_mystery3.2_mystery2.3_mystery3.2_1.3_mystery3.2_mystery2.1_mystery1.1_mystery2.1_mystery1.1_mystery2.1_mystery1.1_mystery2.1_mystery3.1_2.1_long.6_=.1_++i.1_n.3_mystery3.1_i.2_mystery3.1_i.2_=.4_mystery1.1_long.4_default.1_return.2_mystery1.1_mystery2.1_0.3_mystery3.2_mystery3.1_0.3_1.3_mystery1.2_mystery3.1_mystery2.3_mystery1.2_mystery3.1_mystery2.3_mystery3.1_2.1_default.1_long.5_long.3_long.5_long.3_long.6_mystery1.1_mystery2.1_mystery1.1_mystery2.1_mystery1.1_long.4_long.6_long.4_long.6_int.2_long.6_long.4_long.6_int.2_long.6_mystery2.1_mystery1.1_long.3_long.5_long.3_long.5_long.3_long.5_return.3_mystery2.4_mystery3.1_=.4_++i.1_n.3_=.4_2.1_mystery3.1_++i.1_mystery1.2_mystery1.1_mystery2.4_mystery1.3_mystery2.4_mystery1.3_mystery2.4_mystery1.3_mystery2.4_mystery1.3_mystery2.4_mystery3.2_mystery2.3_mystery3.2_mystery2.3_mystery3.1_mystery1.3_mystery2.4_mystery3.2_return.3_mystery2.4_mystery3.2_return.3_=.6_mystery3.2
33,24,0.1_return.1_0.2_return.1_0.2_1.2_return.2_1.2_return.1_1.2_long.4_mystery1.1_=.5_mystery2.3_mystery3.1_mystery2.3_mystery3.1_mystery2.3_mystery3.1_mystery3.2_mystery2.3_mystery1.2_mystery2.2_=.5_=.6_mystery3.2_=.5_long.8_=.5_=.6_long.8_long.4_mystery1.1_0.3_mystery2.1_0.3_1.3_0.3_1.3_0.3_1.3_mystery1.1_n.3_1.3_n.3_++i.1_mystery1.2_mystery3.2_mystery2.3_mystery3.2_mystery2.3_mystery3.2_mystery2.3_mystery3.2_mystery3.1_0.3_mystery3.2_mystery2.3_mystery3.2_mystery2.3_mystery3.2_mystery2.3_mystery3.2_mystery2.3_mystery3.2_mystery2.3_mystery3.2_mystery2.3_mystery3.2_mystery2.3_mystery3.2_mystery2.3_mystery3.1_mystery2.3_mystery1.2_mystery2.2_0.3_mystery1.1_0.3_mystery2.2_mystery3.2_mystery2.3_mystery3.2_mystery1.2_mystery2.3_mystery3.2_mystery2.3_mystery3.2_mystery2.3_++i.1_mystery1.2_++i.1_mystery1.2_++i.1_mystery2.3_mystery3.1_mystery2.3_mystery3.2_mystery3.1_+.1_mystery2.3_mystery2.2_mystery2.3_+.1_mystery1.2_++i.1_0.3_mystery3.2_mystery2.2_mystery3.2_mystery1.2_++i.1_mystery3.2_mystery2.3_mystery3.1_mystery2.3_mystery3.1_mystery3.2_mystery3.1_++i.1_n.3_mystery2.3_mystery3.2_mystery2.3_mystery3.2_mystery2.3_mystery3.2_n.3_++i.1_mystery2.1_mystery3.1_n.3_++i.1_mystery3.1_=.4_mystery2.2
34,24,1.1_return.1_1.1_return.1_1.1_return.1_1.1_mystery2.4_2.1_mystery3.2_mystery2.3_int.2_long.7_mystery1.3_mystery2.4_long.4_long.6_return.2_default.1_return.2_0.2_return.1_0.2_=.6_mystery3.2_0.2_return.2_long.6_long.7_int.2_long.6_mystery3.2_mystery3.1_=.5_mystery3.1_mystery2.1_1.2_long.6_int.2_long.8_return.2_long.3_default.1_long.3_default.1_long.4_long.3_long.4_default.1_long.3_long.4_long.6_int.2_long.6_int.2_long.8_mystery2.1_2.1_mystery2.1_mystery1.3_long.7_mystery1.3_long.7_mystery1.3_mystery2.3_mystery3.2_mystery2.4_mystery1.3_mystery2.4_mystery1.3_mystery2.4_mystery1.3_mystery2.4_mystery1.3_mystery2.4_mystery1.3_mystery3.2_mystery2.3_long.6_mystery1.3_mystery2.4_mystery1.3_long.7_long.4_mystery1.1_mystery3.2_mystery2.3_mystery3.2
35,24,0.2_mystery2.3_mystery3.2_mystery2.1_mystery1.2_mystery3.1_mystery1.2_mystery2.3_mystery1.3_mystery2.3_mystery2.2_mystery3.2_mystery3.1_mystery2.3_mystery3.1_mystery2.3_mystery3.1_mystery2.3_mystery1.2_=.4_long.8_mystery3.1_+.1_mystery2.2_mystery2.3_0.2_return.1_1.2_long.4_1.2_mystery2.3_2.1_mystery3.2_mystery1.1_1.2_long.8_long.4_return.1_1.1_1.2_mystery3.2_+.1_mystery2.2_mystery2.3_i.2_mystery1.2_++i.1_mystery1.2_++i.1_mystery1.2_mystery2.3_mystery3.2
36,24,default.1_mystery2.4_=.6_mystery3.1_mystery2.3_mystery3.1_mystery1.1_return.2_1.2_long.8_long.6_mystery1.1_long.4_mystery2.1_mystery1.1_mystery2.1_mystery1.1_mystery2.1_1.2_i.1_mystery2.1_mystery1.1_mystery2.1_=.3_mystery2.1_mystery1.1_mystery2.1_return.2_1.2_long.8_mystery1.3_mystery3.2_mystery2.3_mystery3.2_mystery2.3_mystery3.2_mystery2.3_mystery3.2_mystery2.3_mystery3.2_mystery2.3_mystery3.2_1.2_return.2_1.2_mystery3.2_long.6_long.4_mystery1.1_mystery2.1_mystery1.1_mystery3.2_=.6_mystery2.3_mystery3.1_mystery2.3_mystery1.2_mystery3.2_=.6_mystery3.2_mystery2.3_mystery1.2_mystery3.2_mystery2.3_mystery3.2_mystery2.3_mystery3.2_mystery2.3_mystery3.1_mystery2.3_mystery3.1_mystery2.3_mystery3.2_mystery2.4_mystery2.3_mystery3.2_mystery2.3_mystery3.2_mystery1.1
37,24,n.1_0.2_1.2_i.1_return.2_default.1_return.2_default.1_long.3_default.1_return.2_long.3_long.4_long.6_long.4_mystery2.1_mystery1.1_long.6_int.2_long.4_long.6_int.2_long.4_long.6_int.2_long.6_mystery1.3_long.7_mystery2.3_mystery3.2_mystery1.3_long.7_mystery1.3_mystery3.2_mystery2.3_mystery2.4_mystery3.2_mystery1.3_long.5_long.6_int.2_long.4_long.6_long.4_int.2_long.6_mystery1.3_mystery2.4_mystery1.3_mystery3.2_mystery2.3_mystery3.2_=.6_mystery2.1_mystery1.1_mystery3.2_mystery2.3_mystery1.1_mystery2.1_mystery1.1_mystery2.1_mystery1.1_mystery3.2_mystery2.3_mystery3.2_mystery2.3_mystery3.2_0.3_mystery1.1_mystery3.2_1.3_mystery3.2_mystery2.3_mystery3.2_mystery2.3_=.6_mystery3.2_mystery1.1_mystery2.1_mystery1.1_mystery2.1_i.1_=.4
38,24,=.2_0.2_operate.1_0.2_1.2_mystery1.1_mystery2.1_mystery1.1_=.2_=.1_=.2_mystery1.1_mystery2.1_mystery1.1_mystery2.1_1.3_0.3_=.2_=.1_0.2_mystery1.1_=.2_n.3_mystery3.1_long.8_mystery3.1_2.1_mystery3.1_++i.1_mystery1.2_mystery3.1_mystery2.3_mystery3.1_mystery1.2_mystery2.2_1.3_++i.1_mystery1.2_mystery3.2_mystery2.3_mystery3.2_mystery2.3_mystery3.2_mystery2.3_mystery3.2_mystery2.3_mystery3.2_mystery2.3_mystery3.2_mystery3.1_mystery2.3_mystery3.1_mystery2.3_mystery1.2_mystery3.2_mystery1.2_mystery2.3_mystery3.1_mystery2.3_mystery1.2_mystery2.2_++i.1_mystery1.2_++i.1_mystery3.1_n.3_mystery2.3_mystery3.1_n.3_1.3_n.3_1.3_mystery3.2_mystery2.3_mystery3.1_n.3_++i.1_mystery2.3_mystery3.2_mystery2.3_mystery3.2_mystery2.3_mystery3.2_mystery2.3_mystery3.2_mystery2.3_+.1_mystery1.2_mystery3.2_mystery2.3_mystery3.2_mystery2.3_mystery1.2_++i.1_=.2_++i.1_mystery1.2_++i.1_mystery1.2_++i.1_mystery1.2_for.1_mystery3.1_mystery1.2_0.3_0.2_mystery3.2_mystery1.1_mystery1.2_=.4
40,24,return.2_1.2_return.1_0.2_return.1_0.2_1.2_return.2_long.4_0.2_return.1_1.2_mystery2.1_return.1_0.2_return.1_0.2_mystery2.1_mystery1.1_1.2_0.2_return.1_return.2_0.2_1.2_mystery2.1_1.1_return.1_1.2_long.6_mystery2.1_long.8_mystery3.1_mystery1.2_=.6_mystery2.4_mystery1.3_mystery2.4_i.1_int.2_mystery2.1_return.2_1.2_2.1_long.8_long.4_mystery1.1_1.2_long.4_long.7_int.2_long.7_int.2_=.3_mystery3.1_mystery1.2_long.8_mystery3.1_mystery1.2_mystery2.3_mystery3.1_mystery3.2_=.6_mystery3.2_mystery2.3_mystery3.2_mystery2.3_mystery3.2_mystery2.3_mystery3.2_mystery2.3_mystery3.2_=.6_mystery1.3_mystery3.2_mystery2.3_mystery3.2_=.4_mystery1.2_=.5_mystery2.3_long.8_mystery3.1_mystery3.2_mystery1.2_mystery2.3_mystery3.1_mystery2.3_mystery3.1_mystery1.2_mystery3.2_mystery1.2_mystery3.2_mystery2.3_mystery3.2_mystery1.2_mystery3.2_mystery1.2_mystery3.2_mystery1.3_mystery2.4
43,24,operate.1_0.2_mystery1.1_mystery2.1_i.2_mystery2.1_i.2_mystery1.1_i.2_mystery3.1_mystery2.1_mystery1.1_mystery2.1_mystery1.1_mystery2.1_mystery1.1_2.1_mystery2.1_mystery1.1_mystery2.1_mystery1.1_=.3_mystery1.1_mystery2.1_0.3_mystery2.1_mystery1.1_mystery2.1_mystery1.1_i.2_mystery1.1_mystery2.1_i.2_mystery2.1_mystery1.1_i.2_mystery2.1_mystery3.1_mystery2.3_mystery3.1_=.5_i.2_1.3_n.3_++i.1_=.2_mystery1.1_mystery2.3_mystery3.1_mystery2.3_mystery3.1_mystery2.3_mystery1.2_mystery2.3_mystery3.2_mystery2.3_mystery3.2_mystery2.3_mystery3.1_mystery3.2_mystery2.3_mystery3.2_mystery2.3_mystery3.2_mystery3.1_mystery3.2_mystery2.3_mystery3.2_mystery2.3_mystery3.2_mystery1.3_mystery2.4_mystery1.3_long.7_mystery1.3_mystery3.2_+.1_mystery3.2_mystery2.3_mystery3.2_=.5_mystery2.3_mystery3.2_mystery2.3_mystery3.2_mystery2.3_mystery3.2_mystery2.3_mystery3.2_mystery2.3_mystery3.2_mystery1.2_mystery2.3_+.1_mystery1.2_=.4_mystery1.2_mystery3.2_mystery2.3_mystery3.2_++i.1_mystery1.2_++i.1_mystery1.2_++i.1_n.3_mystery1.2_mystery3.1_mystery1.2_0.3_mystery3.2_mystery2.3_mystery3.2_mystery2.3_mystery3.2_mystery2.3_mystery3.2_mystery1.2_mystery2.3_mystery3.2_mystery2.3_mystery3.2_mystery2.3_mystery3.2_mystery2.3_mystery3.2_mystery2.3_mystery3.2_mystery2.3_mystery3.2_mystery2.3_mystery1.2_mystery2.2_mystery3.2_mystery2.3_mystery3.2_mystery1.2_mystery3.2_mystery1.2_++i.1_mystery1.2_mystery3.2_mystery2.3_mystery1.2_0.3_mystery3.2_mystery2.3_=.4_mystery2.3_++i.1_=.2_mystery1.1_+.1_mystery1.2_mystery2.2_mystery1.2_++i.1_=.6_mystery3.2_mystery1.2_mystery3.2_mystery1.2_++i.1_mystery1.2_mystery3.2_mystery2.3_mystery3.2_mystery2.3_mystery3.2_mystery1.2_mystery3.1
44,24,return.3_1.2_return.2_return.1_return.2_long.4_long.6_long.4_i.1_long.8_mystery1.3_mystery3.2_mystery2.3_mystery3.2_long.4_long.6_long.4_long.6_long.8_=.3_mystery2.4_mystery3.2_mystery2.4_mystery1.3_mystery2.4_mystery3.2_mystery3.1_mystery2.3_mystery3.1_mystery2.3_mystery3.1_mystery2.3_mystery3.2_mystery2.3_mystery3.2_=.6_mystery3.2_mystery2.3_i.2_mystery2.1_long.4_long.3_long.5_=.1_mystery3.2_mystery2.1_=.5_i.2_mystery3.1_mystery1.2_mystery2.3_mystery3.1_long.8_mystery3.2_mystery2.3_mystery3.2_mystery2.3_mystery3.2_mystery2.3_mystery3.2_mystery2.3_mystery3.2_mystery2.3_mystery3.2_mystery2.3_mystery3.2_mystery2.3_mystery3.2_mystery2.3_mystery3.1_mystery2.3_mystery3.1_n.3_mystery1.1_mystery1.3_=.3_mystery2.1_=.3_mystery1.1_mystery2.1_=.3_mystery2.1_=.3_mystery2.1_=.3_mystery2.1_=.3_2.1
45,24,return.1_return.2_return.1_return.2_return.1_return.2_return.1_0.1_case.2_0.2_case.1_long.2_case.1_long.2_switch.1_0.1_return.1_operate.1_n.1_0.1_n.1_operate.1_case.2_case.1_return.1_0.1_case.1_return.1_1.1_return.2_1.1_return.1_return.2_return.1_n.2_0.1_n.2_return.1_n.2_return.1_n.2_0.1_return.1_0.1_return.1_1.1_return.1_return.2_default.1_return.2_1.2_default.1_long.5_=.3_long.8_++i.1_long.8_long.6_int.2_long.5_int.2_long.6_int.2_long.6_int.2_long.7_int.2_long.7_int.2_long.7_int.2_long.7_int.2_long.7_int.2_long.7_long.8_mystery3.1_++i.1_mystery1.2_mystery1.3_mystery2.4_mystery1.3_mystery2.4_mystery1.3_mystery2.4_mystery1.3_mystery2.4_mystery1.3_long.4_i.1_1.3_mystery1.1_i.2_mystery2.1_mystery1.1_long.4_long.6_long.4_long.6_mystery2.1_mystery1.1_mystery2.1_1.3_++i.1_long.8_case.2_long.5_long.3_long.5_long.3_long.5_long.3_long.5_for.1_long.5_long.7_mystery1.3_=.5_long.8_mystery1.3_long.8_mystery1.3_long.8_mystery1.3_=.5_mystery3.1_long.8_mystery2.3_mystery3.1_mystery2.3_mystery3.1_mystery2.3_mystery3.1_mystery2.3_mystery1.2_mystery2.4_mystery3.2_mystery2.3_=.6_mystery3.2_mystery1.1_mystery2.1_mystery3.1_mystery2.3_n.3_++i.1_2.1_mystery3.2_mystery2.3_=.2_i.1_mystery3.1_++i.1_0.3_mystery1.1_mystery2.3_mystery3.2_mystery3.1_mystery2.3_mystery3.2_mystery3.1_n.3_mystery2.3_mystery3.2_mystery2.3_mystery3.2_mystery2.3_mystery3.2_mystery2.3_n.3_1.3_n.3_1.3_n.3_1.3_++i.1_mystery1.2_++i.1_mystery3.1_mystery2.3_mystery1.2_mystery1.3_int.2_mystery2.4_mystery1.3_mystery2.4_mystery2.3_mystery3.1_mystery2.3_mystery2.4_mystery3.2_mystery2.3_mystery2.4_mystery1.3_mystery2.4_mystery1.3_mystery2.4_mystery3.2_mystery2.3_mystery3.2_mystery2.3_mystery3.2_mystery2.3_mystery3.2_mystery2.3_mystery3.2_mystery2.4_=.6_mystery3.2_mystery3.1_mystery2.3_mystery3.1_mystery3.2_mystery2.3_mystery3.2_mystery2.3_mystery3.2_mystery2.4_mystery1.3_mystery2.4_mystery1.3_mystery2.4_mystery1.3_mystery2.3_mystery3.1_mystery2.3_=.4_mystery2.3_mystery3.2_mystery2.3_mystery2.2_mystery3.1_mystery3.2_mystery2.3_mystery3.2
46,24,mystery1.1_int.2_long.7_mystery1.3_long.8_mystery3.1_=.5_int.2_long.6_int.2_mystery2.1_2.1_mystery3.1_mystery2.3_mystery3.1_long.8_i.1_long.8_i.1_long.4_=.6_mystery2.4_=.2_long.6_long.4_long.6_mystery2.1_mystery1.1_mystery2.1_=.4_2.1_mystery3.1_=.4_mystery1.2_mystery2.2_mystery3.1_i.1
49,24,mystery1.1_0.3_return.2_default.1_long.3_default.1_long.3_long.4_1.2_long.4_long.6_int.2_mystery2.4_mystery1.3_mystery2.4_int.2_long.6_int.2_long.6_mystery1.3_mystery2.4_mystery1.3_mystery2.4_mystery1.3_mystery2.3_long.6_=.3_i.1_long.6_long.4_long.6_int.2_mystery1.3_long.7_mystery1.3_long.7_mystery1.3_mystery3.2_mystery2.3_mystery1.1_i.2_=.3_mystery2.1_=.3_mystery3.2_mystery2.4_mystery1.3_mystery2.4_long.7_mystery1.3_long.6_mystery2.1_long.4_i.2_mystery2.1_long.8_mystery1.3_long.8_long.7_mystery1.3_mystery2.4_mystery3.2_mystery2.3_mystery2.1_2.1_mystery2.1_mystery1.1_long.4_mystery2.1_long.8_long.7_2.1
50,24,mystery2.3_mystery3.2_mystery2.3_switch.1_mystery3.2_0.2_1.2_long.4_mystery1.1_mystery2.1_1.3_=.3_1.2_0.2_1.2_long.4_mystery2.1_mystery1.1_mystery2.1_++i.1_mystery3.1_long.8_mystery2.1_mystery3.1_i.2_mystery3.1_mystery3.2_mystery3.1_mystery1.2_=.4_mystery3.1_=.4_mystery1.2_mystery2.3_mystery3.1_mystery1.2_mystery1.1_mystery1.2_mystery2.3_+.1_mystery1.2_n.3_mystery2.3_mystery3.2_mystery2.3_mystery3.2_mystery2.3_mystery3.2_mystery3.1_mystery2.2_1.3_mystery2.3_mystery1.2_mystery3.2_mystery2.3_++i.1_=.4_++i.1_mystery3.2_mystery2.3_mystery3.2_mystery2.3_mystery3.2_1.3_mystery3.2_mystery3.1_n.3_++i.1_mystery3.2_mystery2.3_mystery3.2_mystery2.3_mystery3.2_mystery2.3_mystery3.2_0.3_1.3_0.3_mystery3.1_mystery2.3_mystery2.2_mystery2.3_++i.1_mystery2.3_mystery3.1_mystery2.3_mystery1.2_mystery2.2_=.4_mystery1.2_n.3_mystery2.2_mystery2.3_mystery1.2_1.3_mystery2.2_++i.1_mystery1.2_+.1_mystery2.2_mystery1.2_mystery2.2_mystery3.2_mystery2.3_mystery3.2_mystery2.3_mystery3.2_mystery2.2_mystery2.3_mystery3.2_mystery2.3_mystery3.2_mystery2.3_mystery3.2_mystery2.1_mystery3.2_mystery1.2_mystery2.2_mystery2.3_1.3_mystery1.2_mystery2.3_mystery1.2_++i.1_mystery3.2_mystery2.2_mystery1.2_mystery2.2_mystery2.3_mystery3.2_mystery2.3_mystery3.2_mystery2.3_mystery2.2_mystery1.2_mystery3.2_mystery2.2_mystery2.3_mystery1.2_mystery2.2_mystery1.2_mystery2.3_mystery3.2_mystery2.3_mystery3.2_mystery2.3_mystery3.2_mystery1.2_mystery3.2_mystery1.2_mystery3.2_++i.1_mystery3.1_++i.1_mystery1.2_mystery2.3_mystery3.2_mystery2.3_mystery3.2_mystery2.2_mystery2.3_mystery3.2_mystery2.3_mystery3.2_mystery2.3_mystery3.2_mystery2.3_mystery3.2_mystery2.3_mystery3.2_mystery1.2_mystery3.2_mystery1.2_mystery2.2_+.1_mystery2.2_mystery1.2_mystery2.2_mystery1.2_mystery2.3_mystery2.2_mystery2.3_mystery3.2_mystery2.3_=.6_mystery3.2_mystery2.3_mystery3.2_mystery2.3_mystery3.2_mystery2.3_mystery3.2_mystery1.2_++i.1_mystery1.2_++i.1_mystery1.2_++i.1_mystery1.2_mystery3.2_mystery2.3_mystery3.2_mystery2.3_mystery3.2_=.5_0.3_mystery3.2_mystery2.3_mystery3.2_mystery2.3_mystery3.2_mystery2.3_mystery3.2_mystery2.3_mystery3.2_mystery1.2_=.4_mystery3.2_mystery2.3_mystery2.2_mystery3.2_mystery3.1_n.3_mystery2.2_n.3_mystery2.2_mystery3.2_mystery2.3_mystery3.2_mystery2.3_mystery3.2_mystery2.3_mystery3.2_mystery1.2_mystery2.2_=.4_mystery2.3_mystery1.2_mystery2.2_n.3_mystery3.2_mystery1.2_=.4_++i.1_mystery1.2_mystery3.2_mystery2.2_mystery3.2_mystery1.2_=.4_mystery2.3_mystery3.2_mystery1.2_mystery2.2_mystery2.3_mystery2.2_mystery2.3_mystery3.2_mystery2.3_mystery3.2_mystery2.3_mystery2.2_mystery3.2_mystery2.3_mystery3.2_mystery2.3_mystery3.2_mystery2.3_mystery3.2_mystery2.3_mystery3.2_mystery2.3_mystery1.2_mystery2.2_mystery1.2_mystery3.2_mystery2.2_mystery3.2_mystery2.2_mystery1.2_++i.1_mystery1.2_mystery2.2_mystery3.2_mystery2.3_mystery3.2_mystery2.2
51,24,case.2_1.1_return.2_case.2_return.2_case.2_return.2_1.2_return.1_case.1_case.2_return.1_0.2_long.6_int.2_long.6_long.4_long.5_long.3_return.2_1.1_return.2_default.1_return.2_return.1_case.2_return.2_return.1_1.1_return.2_1.2_long.4_mystery1.1_long.6_i.1_mystery3.1_long.8_long.6_i.1_++i.1_mystery3.2_mystery2.3_mystery3.2_return.2_1.2_long.6_long.4_long.6_mystery3.1_mystery2.3_mystery2.4_int.2_long.4_return.2_long.4_mystery1.1_mystery2.3_mystery3.2_mystery2.3_mystery3.1_mystery2.3_mystery3.1_long.8_mystery1.3_long.4_long.6_return.2_1.1_0.2_return.2_mystery1.1_1.2_long.3_long.6_long.4_long.6_long.4_default.1_1.2_long.4_int.2_long.7_int.2_long.7_int.2_long.7_long.8_mystery1.3_long.8_mystery1.3_long.8_mystery1.3_long.8_mystery1.3_long.7_mystery1.3_long.7_long.8_mystery2.3_mystery3.1_=.4_mystery1.2_mystery2.3_mystery3.1_mystery2.3_mystery3.1_mystery2.3_mystery3.1_mystery2.3_mystery3.1_mystery3.2_=.6_mystery1.3_mystery2.4_mystery1.2_mystery2.4_mystery3.2_mystery1.2_mystery2.3_mystery3.1_mystery2.3_mystery3.1_mystery2.3_mystery3.1_mystery2.3_mystery3.1_mystery2.3_mystery3.2_mystery1.2_mystery2.3_mystery3.1_mystery2.3_mystery3.1_mystery2.3_i.1_long.6_mystery2.1_=.3_long.6_int.2_long.4_return.2_mystery1.1_long.6_int.2_long.6_mystery3.2_mystery2.3_mystery3.2_=.6_mystery3.2_mystery2.3_mystery3.2_=.6_mystery1.3_mystery2.4_mystery1.3_mystery3.2_mystery2.3_mystery3.2_mystery2.3_=.4_++i.1_mystery1.2_2.1_mystery2.1_mystery2.3_mystery3.2_mystery2.3_mystery1.1_mystery2.1_mystery3.2_mystery2.3_mystery3.1_mystery2.3_mystery3.1_mystery2.4_int.2_return.2_1.1_mystery1.2_mystery3.1_mystery2.3_mystery3.1_mystery2.3_mystery1.2_mystery2.3_mystery3.2_mystery3.1_mystery2.3_mystery3.1_mystery2.3_mystery1.2_mystery2.3_return.1_mystery3.2_mystery2.3_mystery3.2_mystery2.3_mystery3.2_mystery2.3_mystery3.2_++i.1_mystery3.1_0.2_return.1_mystery3.2_long.4_return.2_mystery2.4_mystery1.3_long.8_mystery1.3_mystery1.1_=.6_long.8_mystery1.2
52,24,long.6_int.2_i.1_return.2_long.4_mystery2.1_1.2_return.2_1.1_long.4_1.2_long.4_long.6_mystery1.3_long.8_mystery1.3_long.7_int.2_long.7_long.8_1.2_return.2_mystery1.3_1.2_default.1_long.4_mystery2.1_i.1_mystery2.1_mystery1.1_mystery1.3_long.6_int.2_long.6_int.2_long.6_return.2_mystery1.1_mystery2.1_long.8_mystery1.2_long.6_int.2_long.8_mystery1.3_long.8_long.6_int.2_long.6_mystery1.3_mystery2.4_=.5_mystery2.3_mystery3.2_mystery2.3_mystery3.2_mystery1.2_mystery2.3_mystery1.3_long.7_mystery1.2_=.5_long.8_++i.1_1.3_mystery3.2_long.8_i.1_=.3_mystery2.1_mystery3.2_=.6_long.8_mystery1.3_long.8_mystery3.2_mystery2.3_=.6_mystery1.2_mystery3.2_mystery2.3_mystery3.2_mystery2.3_mystery3.2_mystery2.3_mystery3.2_mystery2.3_mystery3.2_mystery2.3_mystery3.2_mystery2.3_mystery3.2_0.2_mystery3.2_mystery2.3_mystery3.2_mystery3.1_mystery2.3_mystery1.2_mystery3.2_i.2_mystery2.1_mystery1.2_mystery3.2_mystery1.2_mystery3.2_mystery2.3_mystery1.2_=.4_mystery1.2_mystery3.1_mystery2.3_mystery3.2_mystery2.3_mystery3.2_mystery1.2_mystery2.4_long.8_mystery1.2_mystery2.3_mystery3.2_=.2_mystery2.3_mystery3.2_mystery2.3_mystery3.2_mystery1.1
54,24,return.1_1.1_mystery2.1_1.2_return.2_1.1_1.2_return.2_1.2_long.4_int.2_long.6_long.7_int.2_long.7_mystery1.1_long.4_long.6_i.1_long.4_i.1_int.2_long.6_int.2_long.6_return.2_default.1_long.4_long.8_i.1_int.2_long.7_long.6_int.2_long.6_1.2_0.2_1.2_mystery1.1_mystery2.1_mystery1.1_2.1_mystery2.1_mystery1.1_mystery2.1_long.4_long.6_long.4_long.6_2.1_mystery2.1_long.8_=.3_long.8_mystery1.1_mystery2.1_mystery1.1_mystery2.1_mystery1.1_1.3_2.1_mystery3.1_mystery2.3_mystery2.4_mystery3.2_mystery2.3_mystery3.2_mystery2.3_mystery3.1_mystery2.3_mystery3.2_mystery2.3_mystery3.2_mystery3.1_=.5_mystery1.3_long.8_mystery1.3_=.4_mystery2.3_mystery3.2_mystery2.3_mystery3.2_mystery2.4_mystery3.2_mystery2.3_long.8_mystery3.2_mystery1.2_mystery2.3_mystery3.1_long.8_i.1_mystery2.3_mystery3.2_mystery2.3_mystery1.2_mystery3.2_mystery2.3_mystery3.2_mystery1.2_mystery2.4_i.1_long.6_i.1_long.6
55,24,long.6_mystery1.1_long.4_mystery1.1_long.3_long.4_long.3_long.5_long.7_long.6_long.4_long.6_i.1_=.3_long.7_mystery1.3_return.2_long.3_long.5_mystery1.3_long.7_mystery1.3_long.7_mystery1.3_mystery2.1_i.1_long.6_i.1_mystery2.4_mystery1.3_mystery2.3_mystery3.2_mystery1.3_mystery3.2_n.3_mystery3.2_mystery2.3_mystery3.2_mystery2.3_mystery3.2_mystery2.3_mystery3.2_mystery2.3_mystery3.2_mystery2.3_mystery3.2_mystery2.3_mystery2.1_int.2_i.1_long.8_=.5_mystery3.2
56,24,0.2_1.1_case.2_return.2_default.1_return.2_long.4_int.2_long.7_int.2_long.7_int.2_long.7_int.2_long.4_default.1_int.2_long.7_int.2_long.7_int.2_long.7_mystery1.3_mystery2.4_mystery1.3_mystery2.4_mystery1.3_return.2_long.4_long.6_int.2_long.7_long.8_mystery1.3_mystery2.3_mystery3.2_mystery2.3_=.5_mystery3.2_mystery2.3_mystery3.2_mystery2.3_mystery3.2_mystery2.3_mystery3.2_=.6_mystery3.2_mystery2.3_mystery3.2_mystery2.4_mystery1.3_mystery2.4_mystery1.3_mystery2.4_mystery1.3_mystery2.4_mystery1.3_mystery2.4_mystery1.3_mystery2.4_=.6_mystery3.2_mystery2.4_mystery1.3_mystery2.4_mystery3.2_mystery2.3_mystery3.1_mystery2.3_long.4_mystery3.2_mystery2.3_mystery3.2_mystery2.3_mystery3.2_mystery1.2_mystery2.3_mystery3.2_mystery2.3_mystery3.2_mystery2.3_mystery3.2_mystery1.2_mystery3.2_default.1_mystery2.1_mystery1.1_mystery2.1_mystery1.1_mystery2.1_mystery2.3_mystery3.1_mystery2.3_mystery3.1_mystery2.3_mystery3.1_mystery2.3_mystery3.1_mystery2.3_mystery3.1_mystery2.3_mystery3.2_=.5
57,24,return.2_long.6_return.2_1.2_i.1_mystery1.3_=.5_mystery2.3_mystery3.1_mystery2.3_mystery3.1_mystery2.3_mystery1.2_mystery2.3_mystery3.2_1.1_return.2_case.2_return.2_1.2_return.2_1.2_return.2_1.2_long.6_int.2_long.6_long.7_int.2_long.7_long.8_mystery1.3_mystery2.3_mystery3.1_mystery2.3_mystery3.1_mystery2.3_mystery3.1_mystery1.2_mystery2.3_mystery1.2_mystery3.2_mystery2.3_mystery3.2_mystery2.3_mystery3.2_mystery2.1_1.2_mystery2.3_mystery3.2_mystery2.3_mystery3.2_mystery2.3_1.2_return.2_1.2_mystery2.1_=.3_long.8_mystery1.3_mystery2.4_mystery2.3_mystery3.1_mystery2.3_mystery1.2_mystery2.3_mystery3.2_mystery1.2_mystery3.2_mystery2.3_mystery3.2_mystery1.2_mystery2.3_mystery3.2_mystery2.3_mystery1.2_mystery3.2_mystery2.3_mystery3.1_mystery2.3_mystery1.2_mystery2.3_mystery3.2_mystery1.2_mystery2.3_mystery3.2_mystery1.2_mystery2.3_mystery3.2_mystery2.3_mystery3.1
59,24,i.1_long.4_default.1_return.2_1.2_0.2_return.1_1.2_case.2_default.1_return.2_default.1_return.2_default.1_1.2_return.2_default.1_return.2_long.3_default.1_long.4_default.1_return.2_default.1_long.3_default.1_return.2_default.1_long.4_long.3_long.4_long.6_long.4_long.6_long.5_int.2_mystery2.4_mystery1.3_mystery2.4_mystery1.3_long.3_default.1_long.3_long.6_long.5_long.6_long.3_int.2_long.6_int.2_long.6_int.2_long.6_int.2_long.6_int.2_long.6_long.5_long.3_long.5_long.3_long.5_long.3_long.5_long.3_long.5_int.2_long.7_int.2_mystery1.3_long.8_i.1_mystery1.3_mystery2.4_mystery1.3_mystery2.4_mystery3.2_mystery2.3_mystery3.2_mystery2.3_mystery3.2_mystery2.3_mystery3.2_mystery2.3_mystery3.2_mystery2.4_mystery3.2_mystery2.3_mystery3.2_mystery2.4_mystery1.3_return.3_mystery2.4_mystery3.2_long.7_int.2_long.7_mystery1.3_long.7_long.6_return.2_default.1_return.2_long.3_return.2_1.2_long.4_default.1_long.3_default.1_mystery3.1_mystery1.1_1.2_return.2_1.2_long.4_long.3_default.1_return.2_default.1_long.3_default.1_long.3_long.4_default.1_long.3_default.1_long.4_mystery1.1_default.1_long.3_default.1_mystery2.3_long.6_long.4_long.3_long.4_long.6_int.2_long.6_int.2_i.1_int.2_long.8_mystery2.1_=.3_long.8_mystery1.3_long.8_long.7_long.6_long.4_mystery2.4_mystery3.2_mystery2.3_mystery1.3_int.2_mystery1.1_mystery2.1_mystery1.1_1.2_long.4_1.2_return.2_long.4_long.6_long.4_long.6_long.4_mystery2.1_long.8_i.1_mystery1.3_mystery2.3_mystery3.2_mystery2.4_mystery1.3_mystery2.4_mystery1.3_mystery2.4_mystery1.3_mystery2.4_mystery3.2_int.2_long.6_mystery1.1_mystery3.2_return.2_long.8_mystery3.2_mystery2.3_mystery3.2_mystery2.3_mystery3.1_mystery2.3
