pid,stimuli,scanpath
1,5,<<.1_std.1_cout.2_std.1_cout.2_<<.1_called.1_Constructor.1_cout.2_*.1_Constructor.1_*.1
2,5,cout.2_public.1_().1_std.1_().1_std.1_().1_cout.2_t1.1_return.1_t1.1_<<.1_cout.2_<<.1_cout.2_t1.1_cout.2_std.1_Constructor.1_cout.2_*.1_t1.1_Constructor.1_called.1_Constructor.1_called.1_cout.2_Constructor.1_cout.2_<<.1_Constructor.1_called.1_<<.1_cout.2_<<.1_cout.2_().1_public.1_().1_cout.2_<<.1_cout.2_called.1
4,5,Point.2_std.1_cout.2_std.1_cout.2_t1.1_*.1_t1.1_cout.2
5,5,cout.2_().1_cout.2_std.1_cout.2_std.1_cout.2_().1_public.1_Point.2_public.1_().1_cout.2_*.1_t1.1_*.1_cout.2_std.1_cout.2_Constructor.1_std.1_cout.2_().1_*.1_std.1_().1_std.1_cout.2_std.1_<<.1_cout.2_<<.1_called.1_t1.1_*.1_t1.1_cout.2
6,5,cout.2_Constructor.1_*.1_cout.2_*.1
7,5,Constructor.1_cout.2_<<.1_main.1_*.1_t1.1_*.1_<<.1_called.1_*.1_Point.1_public.1_return.1_t1.1_return.1_Point.3_*.1
8,5,Point.2_().1_std.1_cout.2_Constructor.1_cout.2_return.1_Point.3_std.1_return.1_std.1_Point.2_std.1_return.1
9,5,Constructor.1_<<.1_cout.2_<<.1_cout.2_*.1_cout.2_Constructor.1_*.1
10,5,std.1_cout.2_<<.1_cout.2_std.1_cout.2_().1_std.1_().1_std.1
11,5,public.1_Point.1_return.1_t1.1_().1_cout.2_<<.1_cout.2_*.1
12,5,cout.2_Point.1_public.1_().1_public.1_().1_public.1_().1_cout.2_<<.1_Constructor.1_called.1_cout.2_*.1_t1.1_*.1_Constructor.1_<<.1_*.1_Constructor.1
13,5,cout.2_*.1
14,5,main.1_return.1_<<.1_cout.2_*.1_t1.1_cout.2_t1.1
15,5,public.1_cout.2_return.1_cout.2_std.1_().1_public.1_Point.2_public.1_().1_cout.2_std.1_cout.2_public.1_Constructor.1_Point.3_return.1_<<.1_cout.2_std.1_cout.2_Point.2_cout.2_public.1_().1_public.1_().1_cout.2_Constructor.1_called.1_t1.1_cout.2_public.1_().1_public.1_cout.2_().1_public.1_().1_cout.2_Constructor.1_cout.2_public.1_Point.2_public.1_Point.2_cout.2_t1.1_*.1_cout.2
17,5,Constructor.1_<<.1_cout.2_called.1_cout.2_<<.1_cout.2_<<.1_Constructor.1_called.1_*.1_<<.1_called.1_<<.1_Constructor.1_cout.2_<<.1
20,5,
21,5,std.1_().1_std.1_Point.3_return.1_Point.2_cout.2_std.1
22,5,*.1_cout.2_<<.1_cout.2
23,5,
24,5,<<.1_Constructor.1_cout.2_Constructor.1_called.1_Constructor.1_cout.2_t1.1_Constructor.1_<<.1_Constructor.1_called.1_Constructor.1_*.1_<<.1
25,5,Constructor.1_called.1_cout.2_<<.1_Constructor.1_called.1_cout.2_Constructor.1_cout.2
26,5,cout.2_*.1_cout.2_t1.1_return.1
27,5,*.1_Point.3_return.1_Point.3_return.1_t1.1
28,5,cout.2_<<.1_Constructor.1
29,5,cout.2_t1.1_cout.2_t1.1_return.1_main.1_cout.2_std.1_cout.2_main.1
30,5,*.1_Point.1_cout.2_called.1_Constructor.1_cout.2_return.1_Point.1_cout.2_<<.1_cout.2_t1.1_return.1_cout.2_called.1_cout.2_t1.1_*.1_Point.1_public.1_().1_Constructor.1_called.1_().1_std.1_*.1
31,5,cout.2_std.1_cout.2_t1.1_cout.2
32,5,cout.2_().1_cout.2_public.1_cout.2_t1.1_cout.2_t1.1_return.1_*.1_Point.3_return.1_Point.3_t1.1_cout.2_std.1_().1_std.1_cout.2_<<.1_t1.1_Constructor.1_t1.1_called.1_*.1
33,5,std.1_Constructor.1_cout.2_return.1_Point.3_*.1_t1.1_*.1_cout.2
34,5,cout.2_std.1_Constructor.1
35,5,*.1_cout.2
36,5,Constructor.1_<<.1_cout.2_t1.1_*.1_cout.2
37,5,t1.1_cout.2
38,5,cout.2_*.1_cout.2
40,5,<<.1_cout.2_<<.1
43,5,<<.1_cout.2_*.1_Constructor.1_called.1_<<.1_cout.2_<<.1_*.1_called.1_Constructor.1_().1_Constructor.1_main.1_cout.2_main.1_*.1_Point.1_Constructor.1_called.1_Constructor.1_*.1_Constructor.1_class.1_Constructor.1
44,5,std.1
45,5,cout.2_<<.1_Point.2_public.1_Point.2_Constructor.1_Point.2_std.1_Point.3_cout.2_Point.2_Constructor.1_().1_std.1_cout.2_return.1_t1.1_std.1_().1_std.1_Point.2_std.1_public.1_std.1_*.1_Constructor.1_cout.2_Point.2_std.1_cout.2
46,5,<<.1_*.1_<<.1_called.1_<<.1_main.1_std.1_Constructor.1
49,5,*.1
50,5,cout.2_().1_cout.2_*.1_<<.1_*.1
51,5,public.1_Point.1_public.1_().1_t1.1_return.1_t1.1_().1_public.1_cout.2_main.1_t1.1_Point.3_cout.2_t1.1
52,5,main.1_cout.2_std.1_().1_std.1_().1_main.1_cout.2_t1.1_called.1_cout.2_Constructor.1_cout.2_t1.1_cout.2_return.1_cout.2
54,5,<<.1_Constructor.1_cout.2_*.1_cout.2_<<.1_called.1_cout.2_called.1_cout.2_called.1_cout.2
55,5,t1.1_*.1_t1.1_*.1
56,5,cout.2_Point.1_().1_cout.2_Point.1_public.1_cout.2_Point.1_public.1_std.1_cout.2_std.1_cout.2_main.1_t1.1_cout.2
57,5,cout.2_().1_std.1_cout.2_<<.1_cout.2_return.1_<<.1_cout.2_<<.1_cout.2_().1_std.1_().1_std.1_cout.2_*.1
59,5,t1.1_<<.1_Constructor.1_cout.2_*.1_return.1_t1.1_return.1_std.1_<<.1_Constructor.1_called.1_*.1
