token,line,column,semantic,controlnum,feature,complexity,section
operate.1_long.2,1,11,func_dec,0,dec,1,0.007
++i.1,10,26,func_dec->compound->switch->compound->for->bi_op,2,cal,2,0.014
return.1,4,7,func_dec->compound->switch->compound->case->return,1,return,0,0.021
0.1,3,10,func_dec->compound->switch->compound->case,1,control,0,0.028
return.1,4,7,func_dec->compound->switch->compound->case->return,1,return,0,0.035
mystery2.1_long.6,9,17,func_dec->compound->switch->compound->dec->var_dec,1,dec,0,0.042
return.1,4,7,func_dec->compound->switch->compound->case->return,1,return,0,0.049
0.1,3,10,func_dec->compound->switch->compound->case,1,control,0,0.056
return.1,4,7,func_dec->compound->switch->compound->case->return,1,return,0,0.062
0.2,4,14,func_dec->compound->switch->compound->case->return,1,return,0,0.069
mystery1.1,8,17,func_dec->compound->switch->compound->default->dec->var_dec,1,dec,0,0.076
mystery2.1,9,17,func_dec->compound->switch->compound->dec->var_dec,1,dec,0,0.083
2.1,10,18,func_dec->compound->switch->compound->for->bi_op,2,cal,2,0.09
mystery2.1,9,17,func_dec->compound->switch->compound->dec->var_dec,1,dec,0,0.097
2.1,10,18,func_dec->compound->switch->compound->for->bi_op,2,cal,2,0.104
mystery2.1,9,17,func_dec->compound->switch->compound->dec->var_dec,1,dec,0,0.111
2.1,10,18,func_dec->compound->switch->compound->for->bi_op,2,cal,2,0.118
mystery2.1,9,17,func_dec->compound->switch->compound->dec->var_dec,1,dec,0,0.125
++i.1,10,26,func_dec->compound->switch->compound->for->bi_op,2,cal,2,0.132
i.2,10,21,func_dec->compound->switch->compound->for->bi_op,2,cal,2,0.139
mystery3.1,11,19,func_dec->compound->switch->compound->for->compound->dec->var_dec,2,dec,3,0.146
mystery1.2,11,28,func_dec->compound->switch->compound->for->compound->dec->var_dec,2,dec,3,0.153
0.3,8,26,func_dec->compound->switch->compound->default->dec->var_dec,1,dec,0,0.16
1.3,9,26,func_dec->compound->switch->compound->dec->var_dec,1,dec,0,0.167
0.3,8,26,func_dec->compound->switch->compound->default->dec->var_dec,1,dec,0,0.174
mystery2.1,9,17,func_dec->compound->switch->compound->dec->var_dec,1,dec,0,0.181
mystery1.2_=.4,11,28,func_dec->compound->switch->compound->for->compound->dec->var_dec,2,dec,3,0.188
mystery1.2,11,28,func_dec->compound->switch->compound->for->compound->dec->var_dec,2,dec,3,0.194
mystery1.1,8,17,func_dec->compound->switch->compound->default->dec->var_dec,1,dec,0,0.201
mystery1.2,11,28,func_dec->compound->switch->compound->for->compound->dec->var_dec,2,dec,3,0.208
mystery2.3,15,14,func_dec->compound->switch->compound->return,1,return,0,0.215
n.3,10,23,func_dec->compound->switch->compound->for->bi_op,2,cal,2,0.222
mystery1.1,8,17,func_dec->compound->switch->compound->default->dec->var_dec,1,dec,0,0.229
1.2,6,14,func_dec->compound->switch->compound->case->return,1,return,0,0.236
mystery1.2,11,28,func_dec->compound->switch->compound->for->compound->dec->var_dec,2,dec,3,0.243
++i.1,10,26,func_dec->compound->switch->compound->for->bi_op,2,cal,2,0.25
mystery3.1,11,19,func_dec->compound->switch->compound->for->compound->dec->var_dec,2,dec,3,0.257
++i.1,10,26,func_dec->compound->switch->compound->for->bi_op,2,cal,2,0.264
mystery2.1,9,17,func_dec->compound->switch->compound->dec->var_dec,1,dec,0,0.271
++i.1,10,26,func_dec->compound->switch->compound->for->bi_op,2,cal,2,0.278
mystery1.2,11,28,func_dec->compound->switch->compound->for->compound->dec->var_dec,2,dec,3,0.285
++i.1,10,26,func_dec->compound->switch->compound->for->bi_op,2,cal,2,0.292
mystery1.2,11,28,func_dec->compound->switch->compound->for->compound->dec->var_dec,2,dec,3,0.299
++i.1,10,26,func_dec->compound->switch->compound->for->bi_op,2,cal,2,0.306
mystery1.2,11,28,func_dec->compound->switch->compound->for->compound->dec->var_dec,2,dec,3,0.312
++i.1,10,26,func_dec->compound->switch->compound->for->bi_op,2,cal,2,0.319
mystery1.2,11,28,func_dec->compound->switch->compound->for->compound->dec->var_dec,2,dec,3,0.326
mystery3.1,11,19,func_dec->compound->switch->compound->for->compound->dec->var_dec,2,dec,3,0.333
n.3,10,23,func_dec->compound->switch->compound->for->bi_op,2,cal,2,0.34
mystery2.3,15,14,func_dec->compound->switch->compound->return,1,return,0,0.347
mystery1.2,11,28,func_dec->compound->switch->compound->for->compound->dec->var_dec,2,dec,3,0.354
mystery2.2,13,9,func_dec->compound->switch->compound->for->compound->bi_op,2,cal,3,0.361
0.3,8,26,func_dec->compound->switch->compound->default->dec->var_dec,1,dec,0,0.368
1.3,9,26,func_dec->compound->switch->compound->dec->var_dec,1,dec,0,0.375
n.3,10,23,func_dec->compound->switch->compound->for->bi_op,2,cal,2,0.382
mystery1.1,8,17,func_dec->compound->switch->compound->default->dec->var_dec,1,dec,0,0.389
++i.1,10,26,func_dec->compound->switch->compound->for->bi_op,2,cal,2,0.396
mystery2.2,13,9,func_dec->compound->switch->compound->for->compound->bi_op,2,cal,3,0.403
mystery3.2,13,18,func_dec->compound->switch->compound->for->compound->bi_op,2,cal,3,0.41
mystery2.3,15,14,func_dec->compound->switch->compound->return,1,return,0,0.417
mystery3.2,13,18,func_dec->compound->switch->compound->for->compound->bi_op,2,cal,3,0.424
mystery2.3,15,14,func_dec->compound->switch->compound->return,1,return,0,0.431
mystery3.2,13,18,func_dec->compound->switch->compound->for->compound->bi_op,2,cal,3,0.438
mystery2.3,15,14,func_dec->compound->switch->compound->return,1,return,0,0.444
mystery3.2,13,18,func_dec->compound->switch->compound->for->compound->bi_op,2,cal,3,0.451
mystery2.3,15,14,func_dec->compound->switch->compound->return,1,return,0,0.458
mystery3.2,13,18,func_dec->compound->switch->compound->for->compound->bi_op,2,cal,3,0.465
++i.1,10,26,func_dec->compound->switch->compound->for->bi_op,2,cal,2,0.472
mystery1.2,11,28,func_dec->compound->switch->compound->for->compound->dec->var_dec,2,dec,3,0.479
mystery3.2,13,18,func_dec->compound->switch->compound->for->compound->bi_op,2,cal,3,0.486
mystery2.3,15,14,func_dec->compound->switch->compound->return,1,return,0,0.493
mystery3.2,13,18,func_dec->compound->switch->compound->for->compound->bi_op,2,cal,3,0.5
mystery2.3,15,14,func_dec->compound->switch->compound->return,1,return,0,0.507
mystery3.2,13,18,func_dec->compound->switch->compound->for->compound->bi_op,2,cal,3,0.514
mystery2.3,15,14,func_dec->compound->switch->compound->return,1,return,0,0.521
mystery3.1,11,19,func_dec->compound->switch->compound->for->compound->dec->var_dec,2,dec,3,0.528
mystery1.2,11,28,func_dec->compound->switch->compound->for->compound->dec->var_dec,2,dec,3,0.535
mystery2.3,15,14,func_dec->compound->switch->compound->return,1,return,0,0.542
1.3,9,26,func_dec->compound->switch->compound->dec->var_dec,1,dec,0,0.549
mystery3.2,13,18,func_dec->compound->switch->compound->for->compound->bi_op,2,cal,3,0.556
mystery1.2,11,28,func_dec->compound->switch->compound->for->compound->dec->var_dec,2,dec,3,0.562
mystery2.2,13,9,func_dec->compound->switch->compound->for->compound->bi_op,2,cal,3,0.569
mystery1.2,11,28,func_dec->compound->switch->compound->for->compound->dec->var_dec,2,dec,3,0.576
++i.1,10,26,func_dec->compound->switch->compound->for->bi_op,2,cal,2,0.583
mystery1.2,11,28,func_dec->compound->switch->compound->for->compound->dec->var_dec,2,dec,3,0.59
mystery2.2,13,9,func_dec->compound->switch->compound->for->compound->bi_op,2,cal,3,0.597
mystery1.2,11,28,func_dec->compound->switch->compound->for->compound->dec->var_dec,2,dec,3,0.604
mystery1.2,11,28,func_dec->compound->switch->compound->for->compound->dec->var_dec,2,dec,3,0.611
mystery2.3,15,14,func_dec->compound->switch->compound->return,1,return,0,0.618
mystery3.1,11,19,func_dec->compound->switch->compound->for->compound->dec->var_dec,2,dec,3,0.625
mystery2.3,15,14,func_dec->compound->switch->compound->return,1,return,0,0.632
mystery3.1,11,19,func_dec->compound->switch->compound->for->compound->dec->var_dec,2,dec,3,0.639
mystery2.2,13,9,func_dec->compound->switch->compound->for->compound->bi_op,2,cal,3,0.646
mystery3.1,11,19,func_dec->compound->switch->compound->for->compound->dec->var_dec,2,dec,3,0.653
mystery2.3,15,14,func_dec->compound->switch->compound->return,1,return,0,0.66
mystery1.2,11,28,func_dec->compound->switch->compound->for->compound->dec->var_dec,2,dec,3,0.667
mystery2.3,15,14,func_dec->compound->switch->compound->return,1,return,0,0.674
mystery1.2_=.4,11,28,func_dec->compound->switch->compound->for->compound->dec->var_dec,2,dec,3,0.681
mystery1.2,11,28,func_dec->compound->switch->compound->for->compound->dec->var_dec,2,dec,3,0.688
mystery3.1,11,19,func_dec->compound->switch->compound->for->compound->dec->var_dec,2,dec,3,0.694
mystery2.3,15,14,func_dec->compound->switch->compound->return,1,return,0,0.701
mystery3.1,11,19,func_dec->compound->switch->compound->for->compound->dec->var_dec,2,dec,3,0.708
++i.1,10,26,func_dec->compound->switch->compound->for->bi_op,2,cal,2,0.715
mystery1.2,11,28,func_dec->compound->switch->compound->for->compound->dec->var_dec,2,dec,3,0.722
++i.1,10,26,func_dec->compound->switch->compound->for->bi_op,2,cal,2,0.729
mystery3.1,11,19,func_dec->compound->switch->compound->for->compound->dec->var_dec,2,dec,3,0.736
mystery2.3,15,14,func_dec->compound->switch->compound->return,1,return,0,0.743
mystery1.2,11,28,func_dec->compound->switch->compound->for->compound->dec->var_dec,2,dec,3,0.75
=.1_mystery1.3,13,9,func_dec->compound->switch->compound->for->compound->bi_op,2,cal,3,0.757
=.1,13,9,func_dec->compound->switch->compound->for->compound->bi_op,2,cal,3,0.764
++i.1,10,26,func_dec->compound->switch->compound->for->bi_op,2,cal,2,0.771
mystery2.3,15,14,func_dec->compound->switch->compound->return,1,return,0,0.778
mystery3.1,11,19,func_dec->compound->switch->compound->for->compound->dec->var_dec,2,dec,3,0.785
mystery1.2,11,28,func_dec->compound->switch->compound->for->compound->dec->var_dec,2,dec,3,0.792
mystery3.2,13,18,func_dec->compound->switch->compound->for->compound->bi_op,2,cal,3,0.799
mystery2.3,15,14,func_dec->compound->switch->compound->return,1,return,0,0.806
mystery3.2,13,18,func_dec->compound->switch->compound->for->compound->bi_op,2,cal,3,0.812
mystery2.3,15,14,func_dec->compound->switch->compound->return,1,return,0,0.819
mystery3.2,13,18,func_dec->compound->switch->compound->for->compound->bi_op,2,cal,3,0.826
mystery2.3,15,14,func_dec->compound->switch->compound->return,1,return,0,0.833
mystery3.2,13,18,func_dec->compound->switch->compound->for->compound->bi_op,2,cal,3,0.84
mystery2.2,13,9,func_dec->compound->switch->compound->for->compound->bi_op,2,cal,3,0.847
mystery1.2,11,28,func_dec->compound->switch->compound->for->compound->dec->var_dec,2,dec,3,0.854
++i.1,10,26,func_dec->compound->switch->compound->for->bi_op,2,cal,2,0.861
mystery1.2,11,28,func_dec->compound->switch->compound->for->compound->dec->var_dec,2,dec,3,0.868
++i.1,10,26,func_dec->compound->switch->compound->for->bi_op,2,cal,2,0.875
mystery1.2,11,28,func_dec->compound->switch->compound->for->compound->dec->var_dec,2,dec,3,0.882
++i.1,10,26,func_dec->compound->switch->compound->for->bi_op,2,cal,2,0.889
mystery1.2,11,28,func_dec->compound->switch->compound->for->compound->dec->var_dec,2,dec,3,0.896
++i.1,10,26,func_dec->compound->switch->compound->for->bi_op,2,cal,2,0.903
mystery1.2,11,28,func_dec->compound->switch->compound->for->compound->dec->var_dec,2,dec,3,0.91
mystery3.2,13,18,func_dec->compound->switch->compound->for->compound->bi_op,2,cal,3,0.917
mystery2.2,13,9,func_dec->compound->switch->compound->for->compound->bi_op,2,cal,3,0.924
++i.1,10,26,func_dec->compound->switch->compound->for->bi_op,2,cal,2,0.931
mystery2.3,15,14,func_dec->compound->switch->compound->return,1,return,0,0.938
mystery3.2,13,18,func_dec->compound->switch->compound->for->compound->bi_op,2,cal,3,0.944
mystery2.3,15,14,func_dec->compound->switch->compound->return,1,return,0,0.951
mystery3.2,13,18,func_dec->compound->switch->compound->for->compound->bi_op,2,cal,3,0.958
mystery1.2,11,28,func_dec->compound->switch->compound->for->compound->dec->var_dec,2,dec,3,0.965
mystery3.2,13,18,func_dec->compound->switch->compound->for->compound->bi_op,2,cal,3,0.972
mystery1.2,11,28,func_dec->compound->switch->compound->for->compound->dec->var_dec,2,dec,3,0.979
mystery3.2,13,18,func_dec->compound->switch->compound->for->compound->bi_op,2,cal,3,0.986
++i.1,10,26,func_dec->compound->switch->compound->for->bi_op,2,cal,2,0.993
mystery1.2,11,28,func_dec->compound->switch->compound->for->compound->dec->var_dec,2,dec,3,1.0
