token,line,column,semantic,controlnum,feature,complexity,section
mystery2.1_long.5,9,17,func_dec->compound->switch->compound->dec->var_dec,1,dec,0,0.004
return.1,4,7,func_dec->compound->switch->compound->case->return,1,return,0,0.008
0.1,3,10,func_dec->compound->switch->compound->case,1,control,0,0.012
return.1,4,7,func_dec->compound->switch->compound->case->return,1,return,0,0.016
case.1,3,5,func_dec->compound->switch->compound->case,1,control,0,0.02
0.1,3,10,func_dec->compound->switch->compound->case,1,control,0,0.024
switch.1,2,3,func_dec->compound->switch,1,control,1,0.028
case.1,3,5,func_dec->compound->switch->compound->case,1,control,0,0.032
switch.1,2,3,func_dec->compound->switch,1,control,1,0.036
return.1,4,7,func_dec->compound->switch->compound->case->return,1,return,0,0.04
mystery1.1_long.3,8,17,func_dec->compound->switch->compound->default->dec->var_dec,1,dec,0,0.044
return.2_default.1,6,7,func_dec->compound->switch->compound->case->return,1,return,0,0.048
mystery1.1_long.3,8,17,func_dec->compound->switch->compound->default->dec->var_dec,1,dec,0,0.052
return.2,6,7,func_dec->compound->switch->compound->case->return,1,return,0,0.056
mystery2.1_long.5,9,17,func_dec->compound->switch->compound->dec->var_dec,1,dec,0,0.06
i.1_int.2,10,16,func_dec->compound->switch->compound->for->bi_op,2,cal,2,0.064
mystery2.1_long.6,9,17,func_dec->compound->switch->compound->dec->var_dec,1,dec,0,0.068
mystery2.1,9,17,func_dec->compound->switch->compound->dec->var_dec,1,dec,0,0.072
mystery1.1,8,17,func_dec->compound->switch->compound->default->dec->var_dec,1,dec,0,0.076
mystery2.1,9,17,func_dec->compound->switch->compound->dec->var_dec,1,dec,0,0.08
2.1,10,18,func_dec->compound->switch->compound->for->bi_op,2,cal,2,0.084
mystery3.1,11,19,func_dec->compound->switch->compound->for->compound->dec->var_dec,2,dec,3,0.088
mystery2.1,9,17,func_dec->compound->switch->compound->dec->var_dec,1,dec,0,0.092
++i.1,10,26,func_dec->compound->switch->compound->for->bi_op,2,cal,2,0.096
=.1_mystery1.3,13,9,func_dec->compound->switch->compound->for->compound->bi_op,2,cal,3,0.1
mystery2.3_mystery2.4,15,14,func_dec->compound->switch->compound->return,1,return,0,0.104
=.1_mystery1.3,13,9,func_dec->compound->switch->compound->for->compound->bi_op,2,cal,3,0.108
mystery2.3_mystery2.4,15,14,func_dec->compound->switch->compound->return,1,return,0,0.112
=.1_mystery1.3,13,9,func_dec->compound->switch->compound->for->compound->bi_op,2,cal,3,0.116
mystery2.3_mystery2.4,15,14,func_dec->compound->switch->compound->return,1,return,0,0.12
mystery3.2,13,18,func_dec->compound->switch->compound->for->compound->bi_op,2,cal,3,0.124
2.1,10,18,func_dec->compound->switch->compound->for->bi_op,2,cal,2,0.128
mystery3.2_=.5,13,18,func_dec->compound->switch->compound->for->compound->bi_op,2,cal,3,0.132
mystery3.1_long.7,11,19,func_dec->compound->switch->compound->for->compound->dec->var_dec,2,dec,3,0.136
i.1_int.2,10,16,func_dec->compound->switch->compound->for->bi_op,2,cal,2,0.14
mystery3.1_long.7,11,19,func_dec->compound->switch->compound->for->compound->dec->var_dec,2,dec,3,0.144
i.1_int.2,10,16,func_dec->compound->switch->compound->for->bi_op,2,cal,2,0.148
mystery3.1_long.7,11,19,func_dec->compound->switch->compound->for->compound->dec->var_dec,2,dec,3,0.152
mystery2.1_long.5,9,17,func_dec->compound->switch->compound->dec->var_dec,1,dec,0,0.156
mystery1.1_long.3,8,17,func_dec->compound->switch->compound->default->dec->var_dec,1,dec,0,0.16
return.2_default.1,6,7,func_dec->compound->switch->compound->case->return,1,return,0,0.164
mystery1.1_long.3,8,17,func_dec->compound->switch->compound->default->dec->var_dec,1,dec,0,0.168
1.1,5,10,func_dec->compound->switch->compound->case,1,control,0,0.172
0.1,3,10,func_dec->compound->switch->compound->case,1,control,0,0.176
return.1,4,7,func_dec->compound->switch->compound->case->return,1,return,0,0.18
0.1,3,10,func_dec->compound->switch->compound->case,1,control,0,0.184
return.1,4,7,func_dec->compound->switch->compound->case->return,1,return,0,0.188
n.1,1,23,func_dec,0,dec,1,0.192
0.1,3,10,func_dec->compound->switch->compound->case,1,control,0,0.196
case.1,3,5,func_dec->compound->switch->compound->case,1,control,0,0.2
return.1,4,7,func_dec->compound->switch->compound->case->return,1,return,0,0.204
i.1_for.1,10,16,func_dec->compound->switch->compound->for->bi_op,2,cal,2,0.208
mystery2.1_long.6,9,17,func_dec->compound->switch->compound->dec->var_dec,1,dec,0,0.212
mystery1.1_long.4,8,17,func_dec->compound->switch->compound->default->dec->var_dec,1,dec,0,0.216
mystery2.1_long.6,9,17,func_dec->compound->switch->compound->dec->var_dec,1,dec,0,0.22
mystery1.1_long.4,8,17,func_dec->compound->switch->compound->default->dec->var_dec,1,dec,0,0.224
return.2,6,7,func_dec->compound->switch->compound->case->return,1,return,0,0.228
mystery1.1_long.3,8,17,func_dec->compound->switch->compound->default->dec->var_dec,1,dec,0,0.232
return.1,4,7,func_dec->compound->switch->compound->case->return,1,return,0,0.236
i.1_int.2,10,16,func_dec->compound->switch->compound->for->bi_op,2,cal,2,0.24
mystery2.1_long.6,9,17,func_dec->compound->switch->compound->dec->var_dec,1,dec,0,0.244
i.1_int.2,10,16,func_dec->compound->switch->compound->for->bi_op,2,cal,2,0.248
mystery3.1_long.8,11,19,func_dec->compound->switch->compound->for->compound->dec->var_dec,2,dec,3,0.252
mystery2.1,9,17,func_dec->compound->switch->compound->dec->var_dec,1,dec,0,0.256
mystery3.1_long.8,11,19,func_dec->compound->switch->compound->for->compound->dec->var_dec,2,dec,3,0.26
i.1_=.3,10,16,func_dec->compound->switch->compound->for->bi_op,2,cal,2,0.264
mystery3.1_long.8,11,19,func_dec->compound->switch->compound->for->compound->dec->var_dec,2,dec,3,0.268
mystery3.1,11,19,func_dec->compound->switch->compound->for->compound->dec->var_dec,2,dec,3,0.272
mystery3.1,11,19,func_dec->compound->switch->compound->for->compound->dec->var_dec,2,dec,3,0.276
=.1_mystery1.3,13,9,func_dec->compound->switch->compound->for->compound->bi_op,2,cal,3,0.28
mystery2.3,15,14,func_dec->compound->switch->compound->return,1,return,0,0.284
mystery3.1,11,19,func_dec->compound->switch->compound->for->compound->dec->var_dec,2,dec,3,0.288
mystery2.3,15,14,func_dec->compound->switch->compound->return,1,return,0,0.292
mystery1.2,11,28,func_dec->compound->switch->compound->for->compound->dec->var_dec,2,dec,3,0.296
mystery2.3_mystery2.4,15,14,func_dec->compound->switch->compound->return,1,return,0,0.3
=.1_mystery1.3,13,9,func_dec->compound->switch->compound->for->compound->bi_op,2,cal,3,0.304
mystery2.3_mystery2.4,15,14,func_dec->compound->switch->compound->return,1,return,0,0.308
=.1_mystery1.3,13,9,func_dec->compound->switch->compound->for->compound->bi_op,2,cal,3,0.312
mystery2.3_mystery2.4,15,14,func_dec->compound->switch->compound->return,1,return,0,0.316
=.1_mystery1.3,13,9,func_dec->compound->switch->compound->for->compound->bi_op,2,cal,3,0.32
mystery2.3,15,14,func_dec->compound->switch->compound->return,1,return,0,0.324
mystery3.2,13,18,func_dec->compound->switch->compound->for->compound->bi_op,2,cal,3,0.328
mystery2.3,15,14,func_dec->compound->switch->compound->return,1,return,0,0.332
mystery3.2,13,18,func_dec->compound->switch->compound->for->compound->bi_op,2,cal,3,0.336
mystery2.3,15,14,func_dec->compound->switch->compound->return,1,return,0,0.34
mystery3.2,13,18,func_dec->compound->switch->compound->for->compound->bi_op,2,cal,3,0.344
mystery3.1,11,19,func_dec->compound->switch->compound->for->compound->dec->var_dec,2,dec,3,0.348
i.2,10,21,func_dec->compound->switch->compound->for->bi_op,2,cal,2,0.352
mystery3.1,11,19,func_dec->compound->switch->compound->for->compound->dec->var_dec,2,dec,3,0.356
n.3,10,23,func_dec->compound->switch->compound->for->bi_op,2,cal,2,0.36
mystery2.1,9,17,func_dec->compound->switch->compound->dec->var_dec,1,dec,0,0.364
i.1_=.3,10,16,func_dec->compound->switch->compound->for->bi_op,2,cal,2,0.368
mystery2.1,9,17,func_dec->compound->switch->compound->dec->var_dec,1,dec,0,0.372
=.1,13,9,func_dec->compound->switch->compound->for->compound->bi_op,2,cal,3,0.376
1.3_=.2,9,26,func_dec->compound->switch->compound->dec->var_dec,1,dec,0,0.38
mystery2.3,15,14,func_dec->compound->switch->compound->return,1,return,0,0.384
mystery3.1,11,19,func_dec->compound->switch->compound->for->compound->dec->var_dec,2,dec,3,0.388
mystery2.3,15,14,func_dec->compound->switch->compound->return,1,return,0,0.392
mystery3.2_=.5,13,18,func_dec->compound->switch->compound->for->compound->bi_op,2,cal,3,0.396
2.1,10,18,func_dec->compound->switch->compound->for->bi_op,2,cal,2,0.4
mystery3.2_=.5,13,18,func_dec->compound->switch->compound->for->compound->bi_op,2,cal,3,0.404
mystery3.1_long.8,11,19,func_dec->compound->switch->compound->for->compound->dec->var_dec,2,dec,3,0.408
=.1_mystery1.3,13,9,func_dec->compound->switch->compound->for->compound->bi_op,2,cal,3,0.412
mystery3.1_long.8,11,19,func_dec->compound->switch->compound->for->compound->dec->var_dec,2,dec,3,0.416
mystery2.3,15,14,func_dec->compound->switch->compound->return,1,return,0,0.42
mystery3.2,13,18,func_dec->compound->switch->compound->for->compound->bi_op,2,cal,3,0.424
mystery2.3,15,14,func_dec->compound->switch->compound->return,1,return,0,0.428
mystery3.2,13,18,func_dec->compound->switch->compound->for->compound->bi_op,2,cal,3,0.432
mystery2.3,15,14,func_dec->compound->switch->compound->return,1,return,0,0.436
mystery3.1,11,19,func_dec->compound->switch->compound->for->compound->dec->var_dec,2,dec,3,0.44
mystery2.3,15,14,func_dec->compound->switch->compound->return,1,return,0,0.444
mystery3.1,11,19,func_dec->compound->switch->compound->for->compound->dec->var_dec,2,dec,3,0.448
mystery2.3,15,14,func_dec->compound->switch->compound->return,1,return,0,0.452
mystery3.1,11,19,func_dec->compound->switch->compound->for->compound->dec->var_dec,2,dec,3,0.456
mystery2.1,9,17,func_dec->compound->switch->compound->dec->var_dec,1,dec,0,0.46
mystery1.2_=.4,11,28,func_dec->compound->switch->compound->for->compound->dec->var_dec,2,dec,3,0.464
mystery2.3,15,14,func_dec->compound->switch->compound->return,1,return,0,0.468
mystery3.1,11,19,func_dec->compound->switch->compound->for->compound->dec->var_dec,2,dec,3,0.472
mystery2.3_mystery2.4,15,14,func_dec->compound->switch->compound->return,1,return,0,0.476
=.1_mystery1.3,13,9,func_dec->compound->switch->compound->for->compound->bi_op,2,cal,3,0.48
mystery2.3_mystery2.4,15,14,func_dec->compound->switch->compound->return,1,return,0,0.484
mystery3.1_long.7,11,19,func_dec->compound->switch->compound->for->compound->dec->var_dec,2,dec,3,0.488
=.1_mystery1.3,13,9,func_dec->compound->switch->compound->for->compound->bi_op,2,cal,3,0.492
mystery3.1_long.8,11,19,func_dec->compound->switch->compound->for->compound->dec->var_dec,2,dec,3,0.496
mystery3.1,11,19,func_dec->compound->switch->compound->for->compound->dec->var_dec,2,dec,3,0.5
mystery2.3,15,14,func_dec->compound->switch->compound->return,1,return,0,0.504
mystery3.1,11,19,func_dec->compound->switch->compound->for->compound->dec->var_dec,2,dec,3,0.508
mystery2.3,15,14,func_dec->compound->switch->compound->return,1,return,0,0.512
mystery3.1,11,19,func_dec->compound->switch->compound->for->compound->dec->var_dec,2,dec,3,0.516
mystery2.3,15,14,func_dec->compound->switch->compound->return,1,return,0,0.52
mystery3.1,11,19,func_dec->compound->switch->compound->for->compound->dec->var_dec,2,dec,3,0.524
mystery2.3,15,14,func_dec->compound->switch->compound->return,1,return,0,0.528
mystery3.1,11,19,func_dec->compound->switch->compound->for->compound->dec->var_dec,2,dec,3,0.532
mystery2.3,15,14,func_dec->compound->switch->compound->return,1,return,0,0.536
mystery3.1,11,19,func_dec->compound->switch->compound->for->compound->dec->var_dec,2,dec,3,0.54
mystery2.3,15,14,func_dec->compound->switch->compound->return,1,return,0,0.544
1.3,9,26,func_dec->compound->switch->compound->dec->var_dec,1,dec,0,0.548
n.3,10,23,func_dec->compound->switch->compound->for->bi_op,2,cal,2,0.552
mystery3.2,13,18,func_dec->compound->switch->compound->for->compound->bi_op,2,cal,3,0.556
mystery2.3,15,14,func_dec->compound->switch->compound->return,1,return,0,0.56
mystery3.2,13,18,func_dec->compound->switch->compound->for->compound->bi_op,2,cal,3,0.564
mystery2.3,15,14,func_dec->compound->switch->compound->return,1,return,0,0.568
mystery3.1,11,19,func_dec->compound->switch->compound->for->compound->dec->var_dec,2,dec,3,0.572
mystery2.3,15,14,func_dec->compound->switch->compound->return,1,return,0,0.576
mystery3.1,11,19,func_dec->compound->switch->compound->for->compound->dec->var_dec,2,dec,3,0.58
mystery2.3,15,14,func_dec->compound->switch->compound->return,1,return,0,0.584
mystery3.2,13,18,func_dec->compound->switch->compound->for->compound->bi_op,2,cal,3,0.588
mystery2.3,15,14,func_dec->compound->switch->compound->return,1,return,0,0.592
mystery3.2,13,18,func_dec->compound->switch->compound->for->compound->bi_op,2,cal,3,0.596
mystery2.3_mystery2.4,15,14,func_dec->compound->switch->compound->return,1,return,0,0.6
mystery3.2,13,18,func_dec->compound->switch->compound->for->compound->bi_op,2,cal,3,0.604
mystery2.3,15,14,func_dec->compound->switch->compound->return,1,return,0,0.608
=.1_mystery1.3,13,9,func_dec->compound->switch->compound->for->compound->bi_op,2,cal,3,0.612
mystery2.3_mystery2.4,15,14,func_dec->compound->switch->compound->return,1,return,0,0.616
=.1_mystery1.3,13,9,func_dec->compound->switch->compound->for->compound->bi_op,2,cal,3,0.62
mystery3.2,13,18,func_dec->compound->switch->compound->for->compound->bi_op,2,cal,3,0.624
mystery2.3,15,14,func_dec->compound->switch->compound->return,1,return,0,0.628
mystery3.2,13,18,func_dec->compound->switch->compound->for->compound->bi_op,2,cal,3,0.632
mystery3.1_long.8,11,19,func_dec->compound->switch->compound->for->compound->dec->var_dec,2,dec,3,0.636
1.3_=.2,9,26,func_dec->compound->switch->compound->dec->var_dec,1,dec,0,0.64
++i.1,10,26,func_dec->compound->switch->compound->for->bi_op,2,cal,2,0.644
mystery1.2,11,28,func_dec->compound->switch->compound->for->compound->dec->var_dec,2,dec,3,0.648
mystery3.2,13,18,func_dec->compound->switch->compound->for->compound->bi_op,2,cal,3,0.652
mystery2.3,15,14,func_dec->compound->switch->compound->return,1,return,0,0.656
mystery3.2,13,18,func_dec->compound->switch->compound->for->compound->bi_op,2,cal,3,0.66
++i.1,10,26,func_dec->compound->switch->compound->for->bi_op,2,cal,2,0.664
mystery1.2,11,28,func_dec->compound->switch->compound->for->compound->dec->var_dec,2,dec,3,0.668
++i.1,10,26,func_dec->compound->switch->compound->for->bi_op,2,cal,2,0.672
mystery1.2,11,28,func_dec->compound->switch->compound->for->compound->dec->var_dec,2,dec,3,0.676
mystery3.2,13,18,func_dec->compound->switch->compound->for->compound->bi_op,2,cal,3,0.68
mystery2.3,15,14,func_dec->compound->switch->compound->return,1,return,0,0.684
mystery3.2,13,18,func_dec->compound->switch->compound->for->compound->bi_op,2,cal,3,0.688
mystery3.2,13,18,func_dec->compound->switch->compound->for->compound->bi_op,2,cal,3,0.692
mystery2.3,15,14,func_dec->compound->switch->compound->return,1,return,0,0.696
mystery3.2,13,18,func_dec->compound->switch->compound->for->compound->bi_op,2,cal,3,0.7
mystery2.3,15,14,func_dec->compound->switch->compound->return,1,return,0,0.704
mystery3.2,13,18,func_dec->compound->switch->compound->for->compound->bi_op,2,cal,3,0.708
mystery2.3,15,14,func_dec->compound->switch->compound->return,1,return,0,0.712
mystery3.2,13,18,func_dec->compound->switch->compound->for->compound->bi_op,2,cal,3,0.716
mystery2.3,15,14,func_dec->compound->switch->compound->return,1,return,0,0.72
mystery3.2,13,18,func_dec->compound->switch->compound->for->compound->bi_op,2,cal,3,0.724
mystery2.3,15,14,func_dec->compound->switch->compound->return,1,return,0,0.728
mystery3.1,11,19,func_dec->compound->switch->compound->for->compound->dec->var_dec,2,dec,3,0.732
mystery2.3,15,14,func_dec->compound->switch->compound->return,1,return,0,0.736
mystery1.2,11,28,func_dec->compound->switch->compound->for->compound->dec->var_dec,2,dec,3,0.74
mystery2.3,15,14,func_dec->compound->switch->compound->return,1,return,0,0.744
mystery3.1,11,19,func_dec->compound->switch->compound->for->compound->dec->var_dec,2,dec,3,0.748
mystery2.3,15,14,func_dec->compound->switch->compound->return,1,return,0,0.752
mystery3.1,11,19,func_dec->compound->switch->compound->for->compound->dec->var_dec,2,dec,3,0.756
mystery2.3,15,14,func_dec->compound->switch->compound->return,1,return,0,0.76
mystery3.1,11,19,func_dec->compound->switch->compound->for->compound->dec->var_dec,2,dec,3,0.764
mystery3.2,13,18,func_dec->compound->switch->compound->for->compound->bi_op,2,cal,3,0.768
mystery3.1,11,19,func_dec->compound->switch->compound->for->compound->dec->var_dec,2,dec,3,0.772
mystery3.2,13,18,func_dec->compound->switch->compound->for->compound->bi_op,2,cal,3,0.776
mystery3.1,11,19,func_dec->compound->switch->compound->for->compound->dec->var_dec,2,dec,3,0.78
mystery1.2,11,28,func_dec->compound->switch->compound->for->compound->dec->var_dec,2,dec,3,0.784
mystery3.2,13,18,func_dec->compound->switch->compound->for->compound->bi_op,2,cal,3,0.788
mystery2.3,15,14,func_dec->compound->switch->compound->return,1,return,0,0.792
mystery3.2,13,18,func_dec->compound->switch->compound->for->compound->bi_op,2,cal,3,0.796
mystery2.3,15,14,func_dec->compound->switch->compound->return,1,return,0,0.8
mystery3.2,13,18,func_dec->compound->switch->compound->for->compound->bi_op,2,cal,3,0.804
mystery2.3,15,14,func_dec->compound->switch->compound->return,1,return,0,0.808
mystery3.2,13,18,func_dec->compound->switch->compound->for->compound->bi_op,2,cal,3,0.812
mystery2.3,15,14,func_dec->compound->switch->compound->return,1,return,0,0.816
mystery3.2,13,18,func_dec->compound->switch->compound->for->compound->bi_op,2,cal,3,0.82
mystery2.3,15,14,func_dec->compound->switch->compound->return,1,return,0,0.824
mystery3.2,13,18,func_dec->compound->switch->compound->for->compound->bi_op,2,cal,3,0.828
mystery2.3,15,14,func_dec->compound->switch->compound->return,1,return,0,0.832
mystery3.2,13,18,func_dec->compound->switch->compound->for->compound->bi_op,2,cal,3,0.836
mystery3.1,11,19,func_dec->compound->switch->compound->for->compound->dec->var_dec,2,dec,3,0.84
mystery1.2,11,28,func_dec->compound->switch->compound->for->compound->dec->var_dec,2,dec,3,0.844
++i.1,10,26,func_dec->compound->switch->compound->for->bi_op,2,cal,2,0.848
mystery1.2,11,28,func_dec->compound->switch->compound->for->compound->dec->var_dec,2,dec,3,0.852
mystery2.3,15,14,func_dec->compound->switch->compound->return,1,return,0,0.856
mystery3.1,11,19,func_dec->compound->switch->compound->for->compound->dec->var_dec,2,dec,3,0.86
mystery2.3,15,14,func_dec->compound->switch->compound->return,1,return,0,0.864
mystery3.2,13,18,func_dec->compound->switch->compound->for->compound->bi_op,2,cal,3,0.868
mystery2.3_mystery2.4,15,14,func_dec->compound->switch->compound->return,1,return,0,0.872
mystery3.2,13,18,func_dec->compound->switch->compound->for->compound->bi_op,2,cal,3,0.876
mystery2.3,15,14,func_dec->compound->switch->compound->return,1,return,0,0.88
mystery3.2,13,18,func_dec->compound->switch->compound->for->compound->bi_op,2,cal,3,0.884
mystery3.1_long.8,11,19,func_dec->compound->switch->compound->for->compound->dec->var_dec,2,dec,3,0.888
mystery2.3,15,14,func_dec->compound->switch->compound->return,1,return,0,0.892
mystery3.1,11,19,func_dec->compound->switch->compound->for->compound->dec->var_dec,2,dec,3,0.896
mystery2.3,15,14,func_dec->compound->switch->compound->return,1,return,0,0.9
mystery3.1,11,19,func_dec->compound->switch->compound->for->compound->dec->var_dec,2,dec,3,0.904
mystery2.3,15,14,func_dec->compound->switch->compound->return,1,return,0,0.908
mystery3.2,13,18,func_dec->compound->switch->compound->for->compound->bi_op,2,cal,3,0.912
mystery2.3,15,14,func_dec->compound->switch->compound->return,1,return,0,0.916
mystery3.1,11,19,func_dec->compound->switch->compound->for->compound->dec->var_dec,2,dec,3,0.92
mystery2.3,15,14,func_dec->compound->switch->compound->return,1,return,0,0.924
mystery3.1,11,19,func_dec->compound->switch->compound->for->compound->dec->var_dec,2,dec,3,0.928
mystery1.2,11,28,func_dec->compound->switch->compound->for->compound->dec->var_dec,2,dec,3,0.932
mystery2.3,15,14,func_dec->compound->switch->compound->return,1,return,0,0.936
mystery3.2,13,18,func_dec->compound->switch->compound->for->compound->bi_op,2,cal,3,0.94
mystery2.3,15,14,func_dec->compound->switch->compound->return,1,return,0,0.944
mystery1.2,11,28,func_dec->compound->switch->compound->for->compound->dec->var_dec,2,dec,3,0.948
mystery3.2,13,18,func_dec->compound->switch->compound->for->compound->bi_op,2,cal,3,0.952
mystery3.1,11,19,func_dec->compound->switch->compound->for->compound->dec->var_dec,2,dec,3,0.956
n.3,10,23,func_dec->compound->switch->compound->for->bi_op,2,cal,2,0.96
mystery1.2,11,28,func_dec->compound->switch->compound->for->compound->dec->var_dec,2,dec,3,0.964
mystery3.2,13,18,func_dec->compound->switch->compound->for->compound->bi_op,2,cal,3,0.968
mystery2.3_mystery2.4,15,14,func_dec->compound->switch->compound->return,1,return,0,0.972
mystery3.2,13,18,func_dec->compound->switch->compound->for->compound->bi_op,2,cal,3,0.976
mystery1.2_=.4,11,28,func_dec->compound->switch->compound->for->compound->dec->var_dec,2,dec,3,0.98
mystery3.2,13,18,func_dec->compound->switch->compound->for->compound->bi_op,2,cal,3,0.984
mystery3.2,13,18,func_dec->compound->switch->compound->for->compound->bi_op,2,cal,3,0.988
mystery2.3_mystery2.4,15,14,func_dec->compound->switch->compound->return,1,return,0,0.992
mystery3.1,11,19,func_dec->compound->switch->compound->for->compound->dec->var_dec,2,dec,3,0.996
mystery3.2,13,18,func_dec->compound->switch->compound->for->compound->bi_op,2,cal,3,1.0
