token,line,column,semantic,controlnum,feature,complexity,section
end.3_<=.1,9,19,func_dec->compound->if->compound->while,2,control,1,0.006
result.1,5,20,func_dec->compound->dec->var_dec,0,dec,1,0.012
sequence.1_int.1,4,18,func_dec,0,dec,2,0.018
diff.1,4,51,func_dec,0,dec,2,0.024
return.1,7,3,func_dec->compound->if->compound->return,1,return,0,0.03
result.2,7,10,func_dec->compound->if->compound->return,1,return,0,0.036
result.3,10,3,func_dec->compound->if->compound->while->compound->call_exp,2,dec,1,0.042
diff.2_-=.1,11,10,func_dec->compound->if->compound->while->compound->coumpund_assign->ref_dec,2,dec,1,0.048
result.3,10,3,func_dec->compound->if->compound->while->compound->call_exp,2,dec,1,0.054
while.1,9,3,func_dec->compound->if->compound->while,2,control,1,0.06
result.3,10,3,func_dec->compound->if->compound->while->compound->call_exp,2,dec,1,0.065
diff.2,11,10,func_dec->compound->if->compound->while->compound->coumpund_assign->ref_dec,2,dec,1,0.071
result.3,10,3,func_dec->compound->if->compound->while->compound->call_exp,2,dec,1,0.077
diff.2,11,10,func_dec->compound->if->compound->while->compound->coumpund_assign->ref_dec,2,dec,1,0.083
result.3,10,3,func_dec->compound->if->compound->while->compound->call_exp,2,dec,1,0.089
diff.2_-=.1,11,10,func_dec->compound->if->compound->while->compound->coumpund_assign->ref_dec,2,dec,1,0.095
result.3,10,3,func_dec->compound->if->compound->while->compound->call_exp,2,dec,1,0.101
diff.2_-=.1,11,10,func_dec->compound->if->compound->while->compound->coumpund_assign->ref_dec,2,dec,1,0.107
result.3,10,3,func_dec->compound->if->compound->while->compound->call_exp,2,dec,1,0.113
end.3_<=.1,9,19,func_dec->compound->if->compound->while,2,control,1,0.119
result.3,10,3,func_dec->compound->if->compound->while->compound->call_exp,2,dec,1,0.125
diff.2,11,10,func_dec->compound->if->compound->while->compound->coumpund_assign->ref_dec,2,dec,1,0.131
end.3_<=.1,9,19,func_dec->compound->if->compound->while,2,control,1,0.137
result.3,10,3,func_dec->compound->if->compound->while->compound->call_exp,2,dec,1,0.143
start.3,9,10,func_dec->compound->if->compound->while,2,control,1,0.149
result.3,10,3,func_dec->compound->if->compound->while->compound->call_exp,2,dec,1,0.155
start.3,9,10,func_dec->compound->if->compound->while,2,control,1,0.161
start.3,9,10,func_dec->compound->if->compound->while,2,control,1,0.167
result.3,10,3,func_dec->compound->if->compound->while->compound->call_exp,2,dec,1,0.173
end.3_<=.1,9,19,func_dec->compound->if->compound->while,2,control,1,0.179
result.3,10,3,func_dec->compound->if->compound->while->compound->call_exp,2,dec,1,0.185
diff.2,11,10,func_dec->compound->if->compound->while->compound->coumpund_assign->ref_dec,2,dec,1,0.19
result.3,10,3,func_dec->compound->if->compound->while->compound->call_exp,2,dec,1,0.196
diff.2,11,10,func_dec->compound->if->compound->while->compound->coumpund_assign->ref_dec,2,dec,1,0.202
result.3,10,3,func_dec->compound->if->compound->while->compound->call_exp,2,dec,1,0.208
end.3_<=.1,9,19,func_dec->compound->if->compound->while,2,control,1,0.214
diff.2,11,10,func_dec->compound->if->compound->while->compound->coumpund_assign->ref_dec,2,dec,1,0.22
result.3,10,3,func_dec->compound->if->compound->while->compound->call_exp,2,dec,1,0.226
diff.2,11,10,func_dec->compound->if->compound->while->compound->coumpund_assign->ref_dec,2,dec,1,0.232
start.3,9,10,func_dec->compound->if->compound->while,2,control,1,0.238
result.3,10,3,func_dec->compound->if->compound->while->compound->call_exp,2,dec,1,0.244
end.3,9,19,func_dec->compound->if->compound->while,2,control,1,0.25
result.3,10,3,func_dec->compound->if->compound->while->compound->call_exp,2,dec,1,0.256
diff.2,11,10,func_dec->compound->if->compound->while->compound->coumpund_assign->ref_dec,2,dec,1,0.262
result.3,10,3,func_dec->compound->if->compound->while->compound->call_exp,2,dec,1,0.268
diff.2,11,10,func_dec->compound->if->compound->while->compound->coumpund_assign->ref_dec,2,dec,1,0.274
result.3,10,3,func_dec->compound->if->compound->while->compound->call_exp,2,dec,1,0.28
diff.2,11,10,func_dec->compound->if->compound->while->compound->coumpund_assign->ref_dec,2,dec,1,0.286
result.3,10,3,func_dec->compound->if->compound->while->compound->call_exp,2,dec,1,0.292
diff.2,11,10,func_dec->compound->if->compound->while->compound->coumpund_assign->ref_dec,2,dec,1,0.298
result.3,10,3,func_dec->compound->if->compound->while->compound->call_exp,2,dec,1,0.304
diff.2,11,10,func_dec->compound->if->compound->while->compound->coumpund_assign->ref_dec,2,dec,1,0.31
result.3,10,3,func_dec->compound->if->compound->while->compound->call_exp,2,dec,1,0.315
start.3,9,10,func_dec->compound->if->compound->while,2,control,1,0.321
result.3,10,3,func_dec->compound->if->compound->while->compound->call_exp,2,dec,1,0.327
diff.2,11,10,func_dec->compound->if->compound->while->compound->coumpund_assign->ref_dec,2,dec,1,0.333
result.3,10,3,func_dec->compound->if->compound->while->compound->call_exp,2,dec,1,0.339
diff.2,11,10,func_dec->compound->if->compound->while->compound->coumpund_assign->ref_dec,2,dec,1,0.345
result.3,10,3,func_dec->compound->if->compound->while->compound->call_exp,2,dec,1,0.351
diff.2,11,10,func_dec->compound->if->compound->while->compound->coumpund_assign->ref_dec,2,dec,1,0.357
result.3,10,3,func_dec->compound->if->compound->while->compound->call_exp,2,dec,1,0.363
diff.2,11,10,func_dec->compound->if->compound->while->compound->coumpund_assign->ref_dec,2,dec,1,0.369
result.3,10,3,func_dec->compound->if->compound->while->compound->call_exp,2,dec,1,0.375
diff.2,11,10,func_dec->compound->if->compound->while->compound->coumpund_assign->ref_dec,2,dec,1,0.381
result.3,10,3,func_dec->compound->if->compound->while->compound->call_exp,2,dec,1,0.387
diff.2,11,10,func_dec->compound->if->compound->while->compound->coumpund_assign->ref_dec,2,dec,1,0.393
result.3,10,3,func_dec->compound->if->compound->while->compound->call_exp,2,dec,1,0.399
diff.2_-=.1,11,10,func_dec->compound->if->compound->while->compound->coumpund_assign->ref_dec,2,dec,1,0.405
result.3,10,3,func_dec->compound->if->compound->while->compound->call_exp,2,dec,1,0.411
diff.2_-=.1,11,10,func_dec->compound->if->compound->while->compound->coumpund_assign->ref_dec,2,dec,1,0.417
result.3,10,3,func_dec->compound->if->compound->while->compound->call_exp,2,dec,1,0.423
diff.2,11,10,func_dec->compound->if->compound->while->compound->coumpund_assign->ref_dec,2,dec,1,0.429
result.3,10,3,func_dec->compound->if->compound->while->compound->call_exp,2,dec,1,0.435
diff.2_-=.1,11,10,func_dec->compound->if->compound->while->compound->coumpund_assign->ref_dec,2,dec,1,0.44
result.3,10,3,func_dec->compound->if->compound->while->compound->call_exp,2,dec,1,0.446
diff.2_-=.1,11,10,func_dec->compound->if->compound->while->compound->coumpund_assign->ref_dec,2,dec,1,0.452
result.3,10,3,func_dec->compound->if->compound->while->compound->call_exp,2,dec,1,0.458
diff.2_-=.1,11,10,func_dec->compound->if->compound->while->compound->coumpund_assign->ref_dec,2,dec,1,0.464
result.3,10,3,func_dec->compound->if->compound->while->compound->call_exp,2,dec,1,0.47
diff.2,11,10,func_dec->compound->if->compound->while->compound->coumpund_assign->ref_dec,2,dec,1,0.476
result.3,10,3,func_dec->compound->if->compound->while->compound->call_exp,2,dec,1,0.482
diff.2,11,10,func_dec->compound->if->compound->while->compound->coumpund_assign->ref_dec,2,dec,1,0.488
result.3,10,3,func_dec->compound->if->compound->while->compound->call_exp,2,dec,1,0.494
diff.2,11,10,func_dec->compound->if->compound->while->compound->coumpund_assign->ref_dec,2,dec,1,0.5
end.3_<=.1,9,19,func_dec->compound->if->compound->while,2,control,1,0.506
diff.2,11,10,func_dec->compound->if->compound->while->compound->coumpund_assign->ref_dec,2,dec,1,0.512
result.3,10,3,func_dec->compound->if->compound->while->compound->call_exp,2,dec,1,0.518
diff.2,11,10,func_dec->compound->if->compound->while->compound->coumpund_assign->ref_dec,2,dec,1,0.524
result.3,10,3,func_dec->compound->if->compound->while->compound->call_exp,2,dec,1,0.53
diff.2,11,10,func_dec->compound->if->compound->while->compound->coumpund_assign->ref_dec,2,dec,1,0.536
result.3,10,3,func_dec->compound->if->compound->while->compound->call_exp,2,dec,1,0.542
diff.2,11,10,func_dec->compound->if->compound->while->compound->coumpund_assign->ref_dec,2,dec,1,0.548
result.3,10,3,func_dec->compound->if->compound->while->compound->call_exp,2,dec,1,0.554
diff.2,11,10,func_dec->compound->if->compound->while->compound->coumpund_assign->ref_dec,2,dec,1,0.56
result.3,10,3,func_dec->compound->if->compound->while->compound->call_exp,2,dec,1,0.565
start.3,9,10,func_dec->compound->if->compound->while,2,control,1,0.571
result.3,10,3,func_dec->compound->if->compound->while->compound->call_exp,2,dec,1,0.577
diff.2,11,10,func_dec->compound->if->compound->while->compound->coumpund_assign->ref_dec,2,dec,1,0.583
result.3,10,3,func_dec->compound->if->compound->while->compound->call_exp,2,dec,1,0.589
start.3,9,10,func_dec->compound->if->compound->while,2,control,1,0.595
result.3,10,3,func_dec->compound->if->compound->while->compound->call_exp,2,dec,1,0.601
diff.2,11,10,func_dec->compound->if->compound->while->compound->coumpund_assign->ref_dec,2,dec,1,0.607
result.3,10,3,func_dec->compound->if->compound->while->compound->call_exp,2,dec,1,0.613
diff.2,11,10,func_dec->compound->if->compound->while->compound->coumpund_assign->ref_dec,2,dec,1,0.619
result.3,10,3,func_dec->compound->if->compound->while->compound->call_exp,2,dec,1,0.625
diff.2,11,10,func_dec->compound->if->compound->while->compound->coumpund_assign->ref_dec,2,dec,1,0.631
result.3,10,3,func_dec->compound->if->compound->while->compound->call_exp,2,dec,1,0.637
diff.2,11,10,func_dec->compound->if->compound->while->compound->coumpund_assign->ref_dec,2,dec,1,0.643
result.3,10,3,func_dec->compound->if->compound->while->compound->call_exp,2,dec,1,0.649
end.3_<=.1,9,19,func_dec->compound->if->compound->while,2,control,1,0.655
result.3,10,3,func_dec->compound->if->compound->while->compound->call_exp,2,dec,1,0.661
diff.2,11,10,func_dec->compound->if->compound->while->compound->coumpund_assign->ref_dec,2,dec,1,0.667
result.3,10,3,func_dec->compound->if->compound->while->compound->call_exp,2,dec,1,0.673
diff.2,11,10,func_dec->compound->if->compound->while->compound->coumpund_assign->ref_dec,2,dec,1,0.679
result.3,10,3,func_dec->compound->if->compound->while->compound->call_exp,2,dec,1,0.685
diff.2,11,10,func_dec->compound->if->compound->while->compound->coumpund_assign->ref_dec,2,dec,1,0.69
result.3,10,3,func_dec->compound->if->compound->while->compound->call_exp,2,dec,1,0.696
diff.2,11,10,func_dec->compound->if->compound->while->compound->coumpund_assign->ref_dec,2,dec,1,0.702
result.3,10,3,func_dec->compound->if->compound->while->compound->call_exp,2,dec,1,0.708
end.3,9,19,func_dec->compound->if->compound->while,2,control,1,0.714
result.3,10,3,func_dec->compound->if->compound->while->compound->call_exp,2,dec,1,0.72
end.3,9,19,func_dec->compound->if->compound->while,2,control,1,0.726
result.3,10,3,func_dec->compound->if->compound->while->compound->call_exp,2,dec,1,0.732
diff.2,11,10,func_dec->compound->if->compound->while->compound->coumpund_assign->ref_dec,2,dec,1,0.738
result.3,10,3,func_dec->compound->if->compound->while->compound->call_exp,2,dec,1,0.744
end.5,11,3,func_dec->compound->if->compound->while->compound->coumpund_assign->ref_dec,2,dec,1,0.75
result.3,10,3,func_dec->compound->if->compound->while->compound->call_exp,2,dec,1,0.756
start.3,9,10,func_dec->compound->if->compound->while,2,control,1,0.762
result.3,10,3,func_dec->compound->if->compound->while->compound->call_exp,2,dec,1,0.768
end.3,9,19,func_dec->compound->if->compound->while,2,control,1,0.774
result.3,10,3,func_dec->compound->if->compound->while->compound->call_exp,2,dec,1,0.78
end.3,9,19,func_dec->compound->if->compound->while,2,control,1,0.786
result.3,10,3,func_dec->compound->if->compound->while->compound->call_exp,2,dec,1,0.792
diff.2,11,10,func_dec->compound->if->compound->while->compound->coumpund_assign->ref_dec,2,dec,1,0.798
result.3,10,3,func_dec->compound->if->compound->while->compound->call_exp,2,dec,1,0.804
end.3_<=.1,9,19,func_dec->compound->if->compound->while,2,control,1,0.81
result.3,10,3,func_dec->compound->if->compound->while->compound->call_exp,2,dec,1,0.815
diff.2,11,10,func_dec->compound->if->compound->while->compound->coumpund_assign->ref_dec,2,dec,1,0.821
result.3,10,3,func_dec->compound->if->compound->while->compound->call_exp,2,dec,1,0.827
diff.2,11,10,func_dec->compound->if->compound->while->compound->coumpund_assign->ref_dec,2,dec,1,0.833
result.3,10,3,func_dec->compound->if->compound->while->compound->call_exp,2,dec,1,0.839
diff.2,11,10,func_dec->compound->if->compound->while->compound->coumpund_assign->ref_dec,2,dec,1,0.845
result.3,10,3,func_dec->compound->if->compound->while->compound->call_exp,2,dec,1,0.851
diff.2,11,10,func_dec->compound->if->compound->while->compound->coumpund_assign->ref_dec,2,dec,1,0.857
result.3,10,3,func_dec->compound->if->compound->while->compound->call_exp,2,dec,1,0.863
end.3_<=.1,9,19,func_dec->compound->if->compound->while,2,control,1,0.869
result.3,10,3,func_dec->compound->if->compound->while->compound->call_exp,2,dec,1,0.875
diff.2,11,10,func_dec->compound->if->compound->while->compound->coumpund_assign->ref_dec,2,dec,1,0.881
result.3,10,3,func_dec->compound->if->compound->while->compound->call_exp,2,dec,1,0.887
diff.2,11,10,func_dec->compound->if->compound->while->compound->coumpund_assign->ref_dec,2,dec,1,0.893
result.3,10,3,func_dec->compound->if->compound->while->compound->call_exp,2,dec,1,0.899
diff.2,11,10,func_dec->compound->if->compound->while->compound->coumpund_assign->ref_dec,2,dec,1,0.905
result.3,10,3,func_dec->compound->if->compound->while->compound->call_exp,2,dec,1,0.911
diff.2_-=.1,11,10,func_dec->compound->if->compound->while->compound->coumpund_assign->ref_dec,2,dec,1,0.917
result.3,10,3,func_dec->compound->if->compound->while->compound->call_exp,2,dec,1,0.923
start.3,9,10,func_dec->compound->if->compound->while,2,control,1,0.929
result.3,10,3,func_dec->compound->if->compound->while->compound->call_exp,2,dec,1,0.935
diff.2_-=.1,11,10,func_dec->compound->if->compound->while->compound->coumpund_assign->ref_dec,2,dec,1,0.94
end.3_<=.1,9,19,func_dec->compound->if->compound->while,2,control,1,0.946
result.3,10,3,func_dec->compound->if->compound->while->compound->call_exp,2,dec,1,0.952
diff.2,11,10,func_dec->compound->if->compound->while->compound->coumpund_assign->ref_dec,2,dec,1,0.958
result.3,10,3,func_dec->compound->if->compound->while->compound->call_exp,2,dec,1,0.964
diff.2,11,10,func_dec->compound->if->compound->while->compound->coumpund_assign->ref_dec,2,dec,1,0.97
result.3,10,3,func_dec->compound->if->compound->while->compound->call_exp,2,dec,1,0.976
end.3_<=.1,9,19,func_dec->compound->if->compound->while,2,control,1,0.982
result.3,10,3,func_dec->compound->if->compound->while->compound->call_exp,2,dec,1,0.988
diff.2,11,10,func_dec->compound->if->compound->while->compound->coumpund_assign->ref_dec,2,dec,1,0.994
result.3,10,3,func_dec->compound->if->compound->while->compound->call_exp,2,dec,1,1.0
