token,line,column,semantic,controlnum,feature,complexity,section
switch.1,2,3,func_dec->compound->switch,1,control,1,0.003
operate.1_long.2,1,11,func_dec,0,dec,1,0.005
switch.1,2,3,func_dec->compound->switch,1,control,1,0.008
1.2,6,14,func_dec->compound->switch->compound->case->return,1,return,0,0.01
0.1,3,10,func_dec->compound->switch->compound->case,1,control,0,0.013
n.2,2,11,func_dec->compound->switch,1,control,1,0.015
operate.1,1,11,func_dec,0,dec,1,0.018
return.1,4,7,func_dec->compound->switch->compound->case->return,1,return,0,0.02
0.2,4,14,func_dec->compound->switch->compound->case->return,1,return,0,0.023
mystery3.1_long.8,11,19,func_dec->compound->switch->compound->for->compound->dec->var_dec,2,dec,3,0.025
0.2,4,14,func_dec->compound->switch->compound->case->return,1,return,0,0.028
1.2,6,14,func_dec->compound->switch->compound->case->return,1,return,0,0.03
0.2,4,14,func_dec->compound->switch->compound->case->return,1,return,0,0.033
mystery1.1_long.4,8,17,func_dec->compound->switch->compound->default->dec->var_dec,1,dec,0,0.035
i.1_int.2,10,16,func_dec->compound->switch->compound->for->bi_op,2,cal,2,0.038
mystery1.1_long.4,8,17,func_dec->compound->switch->compound->default->dec->var_dec,1,dec,0,0.04
i.1_=.3,10,16,func_dec->compound->switch->compound->for->bi_op,2,cal,2,0.043
mystery2.1,9,17,func_dec->compound->switch->compound->dec->var_dec,1,dec,0,0.045
1.3,9,26,func_dec->compound->switch->compound->dec->var_dec,1,dec,0,0.048
n.3,10,23,func_dec->compound->switch->compound->for->bi_op,2,cal,2,0.05
++i.1,10,26,func_dec->compound->switch->compound->for->bi_op,2,cal,2,0.053
2.1,10,18,func_dec->compound->switch->compound->for->bi_op,2,cal,2,0.055
mystery1.1,8,17,func_dec->compound->switch->compound->default->dec->var_dec,1,dec,0,0.058
i.1_=.3,10,16,func_dec->compound->switch->compound->for->bi_op,2,cal,2,0.06
mystery1.1,8,17,func_dec->compound->switch->compound->default->dec->var_dec,1,dec,0,0.063
i.1_=.3,10,16,func_dec->compound->switch->compound->for->bi_op,2,cal,2,0.065
mystery3.1_long.8,11,19,func_dec->compound->switch->compound->for->compound->dec->var_dec,2,dec,3,0.068
mystery2.1,9,17,func_dec->compound->switch->compound->dec->var_dec,1,dec,0,0.071
mystery1.1,8,17,func_dec->compound->switch->compound->default->dec->var_dec,1,dec,0,0.073
mystery2.1,9,17,func_dec->compound->switch->compound->dec->var_dec,1,dec,0,0.076
i.1_=.3,10,16,func_dec->compound->switch->compound->for->bi_op,2,cal,2,0.078
mystery2.1,9,17,func_dec->compound->switch->compound->dec->var_dec,1,dec,0,0.081
0.3,8,26,func_dec->compound->switch->compound->default->dec->var_dec,1,dec,0,0.083
1.3,9,26,func_dec->compound->switch->compound->dec->var_dec,1,dec,0,0.086
0.3,8,26,func_dec->compound->switch->compound->default->dec->var_dec,1,dec,0,0.088
n.3,10,23,func_dec->compound->switch->compound->for->bi_op,2,cal,2,0.091
0.3,8,26,func_dec->compound->switch->compound->default->dec->var_dec,1,dec,0,0.093
mystery2.1,9,17,func_dec->compound->switch->compound->dec->var_dec,1,dec,0,0.096
mystery1.1,8,17,func_dec->compound->switch->compound->default->dec->var_dec,1,dec,0,0.098
mystery3.1_long.8,11,19,func_dec->compound->switch->compound->for->compound->dec->var_dec,2,dec,3,0.101
mystery2.1,9,17,func_dec->compound->switch->compound->dec->var_dec,1,dec,0,0.103
mystery1.1,8,17,func_dec->compound->switch->compound->default->dec->var_dec,1,dec,0,0.106
mystery2.1,9,17,func_dec->compound->switch->compound->dec->var_dec,1,dec,0,0.108
mystery1.1,8,17,func_dec->compound->switch->compound->default->dec->var_dec,1,dec,0,0.111
1.3,9,26,func_dec->compound->switch->compound->dec->var_dec,1,dec,0,0.113
mystery1.1,8,17,func_dec->compound->switch->compound->default->dec->var_dec,1,dec,0,0.116
mystery2.1,9,17,func_dec->compound->switch->compound->dec->var_dec,1,dec,0,0.118
mystery1.1,8,17,func_dec->compound->switch->compound->default->dec->var_dec,1,dec,0,0.121
1.3_=.2,9,26,func_dec->compound->switch->compound->dec->var_dec,1,dec,0,0.123
++i.1,10,26,func_dec->compound->switch->compound->for->bi_op,2,cal,2,0.126
1.3,9,26,func_dec->compound->switch->compound->dec->var_dec,1,dec,0,0.128
0.2,4,14,func_dec->compound->switch->compound->case->return,1,return,0,0.131
1.3,9,26,func_dec->compound->switch->compound->dec->var_dec,1,dec,0,0.134
++i.1,10,26,func_dec->compound->switch->compound->for->bi_op,2,cal,2,0.136
mystery1.2,11,28,func_dec->compound->switch->compound->for->compound->dec->var_dec,2,dec,3,0.139
mystery2.1,9,17,func_dec->compound->switch->compound->dec->var_dec,1,dec,0,0.141
mystery2.3,15,14,func_dec->compound->switch->compound->return,1,return,0,0.144
++i.1,10,26,func_dec->compound->switch->compound->for->bi_op,2,cal,2,0.146
mystery1.2,11,28,func_dec->compound->switch->compound->for->compound->dec->var_dec,2,dec,3,0.149
++i.1,10,26,func_dec->compound->switch->compound->for->bi_op,2,cal,2,0.151
mystery1.2,11,28,func_dec->compound->switch->compound->for->compound->dec->var_dec,2,dec,3,0.154
mystery2.2,13,9,func_dec->compound->switch->compound->for->compound->bi_op,2,cal,3,0.156
mystery1.2,11,28,func_dec->compound->switch->compound->for->compound->dec->var_dec,2,dec,3,0.159
++i.1,10,26,func_dec->compound->switch->compound->for->bi_op,2,cal,2,0.161
mystery3.1,11,19,func_dec->compound->switch->compound->for->compound->dec->var_dec,2,dec,3,0.164
++i.1,10,26,func_dec->compound->switch->compound->for->bi_op,2,cal,2,0.166
mystery3.1_long.8,11,19,func_dec->compound->switch->compound->for->compound->dec->var_dec,2,dec,3,0.169
mystery3.2_=.6,13,18,func_dec->compound->switch->compound->for->compound->bi_op,2,cal,3,0.171
mystery3.1_long.8,11,19,func_dec->compound->switch->compound->for->compound->dec->var_dec,2,dec,3,0.174
mystery3.2,13,18,func_dec->compound->switch->compound->for->compound->bi_op,2,cal,3,0.176
i.1_int.2,10,16,func_dec->compound->switch->compound->for->bi_op,2,cal,2,0.179
mystery3.1_long.8,11,19,func_dec->compound->switch->compound->for->compound->dec->var_dec,2,dec,3,0.181
i.1_=.3,10,16,func_dec->compound->switch->compound->for->bi_op,2,cal,2,0.184
mystery2.1,9,17,func_dec->compound->switch->compound->dec->var_dec,1,dec,0,0.186
i.1_=.3,10,16,func_dec->compound->switch->compound->for->bi_op,2,cal,2,0.189
mystery2.1,9,17,func_dec->compound->switch->compound->dec->var_dec,1,dec,0,0.191
mystery3.1,11,19,func_dec->compound->switch->compound->for->compound->dec->var_dec,2,dec,3,0.194
1.3,9,26,func_dec->compound->switch->compound->dec->var_dec,1,dec,0,0.196
n.3,10,23,func_dec->compound->switch->compound->for->bi_op,2,cal,2,0.199
mystery2.3,15,14,func_dec->compound->switch->compound->return,1,return,0,0.202
mystery3.1,11,19,func_dec->compound->switch->compound->for->compound->dec->var_dec,2,dec,3,0.204
mystery1.2,11,28,func_dec->compound->switch->compound->for->compound->dec->var_dec,2,dec,3,0.207
++i.1_+.1,10,26,func_dec->compound->switch->compound->for->bi_op,2,cal,2,0.209
++i.1,10,26,func_dec->compound->switch->compound->for->bi_op,2,cal,2,0.212
mystery3.1,11,19,func_dec->compound->switch->compound->for->compound->dec->var_dec,2,dec,3,0.214
++i.1,10,26,func_dec->compound->switch->compound->for->bi_op,2,cal,2,0.217
mystery1.2,11,28,func_dec->compound->switch->compound->for->compound->dec->var_dec,2,dec,3,0.219
++i.1_+.1,10,26,func_dec->compound->switch->compound->for->bi_op,2,cal,2,0.222
mystery1.2,11,28,func_dec->compound->switch->compound->for->compound->dec->var_dec,2,dec,3,0.224
mystery3.1,11,19,func_dec->compound->switch->compound->for->compound->dec->var_dec,2,dec,3,0.227
mystery1.2,11,28,func_dec->compound->switch->compound->for->compound->dec->var_dec,2,dec,3,0.229
++i.1,10,26,func_dec->compound->switch->compound->for->bi_op,2,cal,2,0.232
mystery1.2,11,28,func_dec->compound->switch->compound->for->compound->dec->var_dec,2,dec,3,0.234
++i.1_+.1,10,26,func_dec->compound->switch->compound->for->bi_op,2,cal,2,0.237
mystery2.2,13,9,func_dec->compound->switch->compound->for->compound->bi_op,2,cal,3,0.239
mystery1.1,8,17,func_dec->compound->switch->compound->default->dec->var_dec,1,dec,0,0.242
mystery2.1,9,17,func_dec->compound->switch->compound->dec->var_dec,1,dec,0,0.244
mystery1.1,8,17,func_dec->compound->switch->compound->default->dec->var_dec,1,dec,0,0.247
mystery3.1,11,19,func_dec->compound->switch->compound->for->compound->dec->var_dec,2,dec,3,0.249
++i.1,10,26,func_dec->compound->switch->compound->for->bi_op,2,cal,2,0.252
mystery3.1,11,19,func_dec->compound->switch->compound->for->compound->dec->var_dec,2,dec,3,0.254
++i.1,10,26,func_dec->compound->switch->compound->for->bi_op,2,cal,2,0.257
mystery1.2,11,28,func_dec->compound->switch->compound->for->compound->dec->var_dec,2,dec,3,0.259
mystery2.3,15,14,func_dec->compound->switch->compound->return,1,return,0,0.262
mystery3.1,11,19,func_dec->compound->switch->compound->for->compound->dec->var_dec,2,dec,3,0.264
mystery2.3,15,14,func_dec->compound->switch->compound->return,1,return,0,0.267
mystery3.1,11,19,func_dec->compound->switch->compound->for->compound->dec->var_dec,2,dec,3,0.27
n.3,10,23,func_dec->compound->switch->compound->for->bi_op,2,cal,2,0.272
i.2,10,21,func_dec->compound->switch->compound->for->bi_op,2,cal,2,0.275
2.1,10,18,func_dec->compound->switch->compound->for->bi_op,2,cal,2,0.277
mystery3.1,11,19,func_dec->compound->switch->compound->for->compound->dec->var_dec,2,dec,3,0.28
mystery2.1,9,17,func_dec->compound->switch->compound->dec->var_dec,1,dec,0,0.282
mystery1.1,8,17,func_dec->compound->switch->compound->default->dec->var_dec,1,dec,0,0.285
mystery2.1,9,17,func_dec->compound->switch->compound->dec->var_dec,1,dec,0,0.287
2.1,10,18,func_dec->compound->switch->compound->for->bi_op,2,cal,2,0.29
mystery2.1,9,17,func_dec->compound->switch->compound->dec->var_dec,1,dec,0,0.292
i.1_=.3,10,16,func_dec->compound->switch->compound->for->bi_op,2,cal,2,0.295
mystery1.1,8,17,func_dec->compound->switch->compound->default->dec->var_dec,1,dec,0,0.297
mystery2.1,9,17,func_dec->compound->switch->compound->dec->var_dec,1,dec,0,0.3
mystery1.1,8,17,func_dec->compound->switch->compound->default->dec->var_dec,1,dec,0,0.302
mystery3.1,11,19,func_dec->compound->switch->compound->for->compound->dec->var_dec,2,dec,3,0.305
++i.1,10,26,func_dec->compound->switch->compound->for->bi_op,2,cal,2,0.307
1.3,9,26,func_dec->compound->switch->compound->dec->var_dec,1,dec,0,0.31
mystery1.1,8,17,func_dec->compound->switch->compound->default->dec->var_dec,1,dec,0,0.312
1.3,9,26,func_dec->compound->switch->compound->dec->var_dec,1,dec,0,0.315
mystery2.3,15,14,func_dec->compound->switch->compound->return,1,return,0,0.317
mystery3.2_=.6,13,18,func_dec->compound->switch->compound->for->compound->bi_op,2,cal,3,0.32
i.1,10,16,func_dec->compound->switch->compound->for->bi_op,2,cal,2,0.322
mystery2.1,9,17,func_dec->compound->switch->compound->dec->var_dec,1,dec,0,0.325
mystery1.1,8,17,func_dec->compound->switch->compound->default->dec->var_dec,1,dec,0,0.327
mystery1.2,11,28,func_dec->compound->switch->compound->for->compound->dec->var_dec,2,dec,3,0.33
mystery3.1,11,19,func_dec->compound->switch->compound->for->compound->dec->var_dec,2,dec,3,0.332
mystery2.3,15,14,func_dec->compound->switch->compound->return,1,return,0,0.335
mystery3.1,11,19,func_dec->compound->switch->compound->for->compound->dec->var_dec,2,dec,3,0.338
mystery3.2,13,18,func_dec->compound->switch->compound->for->compound->bi_op,2,cal,3,0.34
mystery2.3,15,14,func_dec->compound->switch->compound->return,1,return,0,0.343
mystery3.2,13,18,func_dec->compound->switch->compound->for->compound->bi_op,2,cal,3,0.345
mystery2.3,15,14,func_dec->compound->switch->compound->return,1,return,0,0.348
mystery3.2,13,18,func_dec->compound->switch->compound->for->compound->bi_op,2,cal,3,0.35
mystery2.3,15,14,func_dec->compound->switch->compound->return,1,return,0,0.353
mystery3.2,13,18,func_dec->compound->switch->compound->for->compound->bi_op,2,cal,3,0.355
mystery2.3,15,14,func_dec->compound->switch->compound->return,1,return,0,0.358
mystery3.2,13,18,func_dec->compound->switch->compound->for->compound->bi_op,2,cal,3,0.36
mystery2.3,15,14,func_dec->compound->switch->compound->return,1,return,0,0.363
++i.1,10,26,func_dec->compound->switch->compound->for->bi_op,2,cal,2,0.365
mystery3.1,11,19,func_dec->compound->switch->compound->for->compound->dec->var_dec,2,dec,3,0.368
i.2,10,21,func_dec->compound->switch->compound->for->bi_op,2,cal,2,0.37
mystery1.2,11,28,func_dec->compound->switch->compound->for->compound->dec->var_dec,2,dec,3,0.373
++i.1,10,26,func_dec->compound->switch->compound->for->bi_op,2,cal,2,0.375
mystery1.2,11,28,func_dec->compound->switch->compound->for->compound->dec->var_dec,2,dec,3,0.378
mystery3.2,13,18,func_dec->compound->switch->compound->for->compound->bi_op,2,cal,3,0.38
mystery2.3,15,14,func_dec->compound->switch->compound->return,1,return,0,0.383
n.3,10,23,func_dec->compound->switch->compound->for->bi_op,2,cal,2,0.385
mystery1.2,11,28,func_dec->compound->switch->compound->for->compound->dec->var_dec,2,dec,3,0.388
mystery2.2,13,9,func_dec->compound->switch->compound->for->compound->bi_op,2,cal,3,0.39
mystery2.3,15,14,func_dec->compound->switch->compound->return,1,return,0,0.393
mystery3.1,11,19,func_dec->compound->switch->compound->for->compound->dec->var_dec,2,dec,3,0.395
mystery2.3,15,14,func_dec->compound->switch->compound->return,1,return,0,0.398
mystery3.1,11,19,func_dec->compound->switch->compound->for->compound->dec->var_dec,2,dec,3,0.401
mystery3.2,13,18,func_dec->compound->switch->compound->for->compound->bi_op,2,cal,3,0.403
mystery2.3,15,14,func_dec->compound->switch->compound->return,1,return,0,0.406
mystery3.1,11,19,func_dec->compound->switch->compound->for->compound->dec->var_dec,2,dec,3,0.408
mystery3.2,13,18,func_dec->compound->switch->compound->for->compound->bi_op,2,cal,3,0.411
mystery1.2,11,28,func_dec->compound->switch->compound->for->compound->dec->var_dec,2,dec,3,0.413
++i.1,10,26,func_dec->compound->switch->compound->for->bi_op,2,cal,2,0.416
mystery3.2,13,18,func_dec->compound->switch->compound->for->compound->bi_op,2,cal,3,0.418
mystery2.3,15,14,func_dec->compound->switch->compound->return,1,return,0,0.421
n.3,10,23,func_dec->compound->switch->compound->for->bi_op,2,cal,2,0.423
mystery1.2_=.4,11,28,func_dec->compound->switch->compound->for->compound->dec->var_dec,2,dec,3,0.426
mystery2.3,15,14,func_dec->compound->switch->compound->return,1,return,0,0.428
mystery1.2,11,28,func_dec->compound->switch->compound->for->compound->dec->var_dec,2,dec,3,0.431
i.2,10,21,func_dec->compound->switch->compound->for->bi_op,2,cal,2,0.433
mystery3.1,11,19,func_dec->compound->switch->compound->for->compound->dec->var_dec,2,dec,3,0.436
mystery2.1,9,17,func_dec->compound->switch->compound->dec->var_dec,1,dec,0,0.438
i.2,10,21,func_dec->compound->switch->compound->for->bi_op,2,cal,2,0.441
mystery3.1,11,19,func_dec->compound->switch->compound->for->compound->dec->var_dec,2,dec,3,0.443
n.3,10,23,func_dec->compound->switch->compound->for->bi_op,2,cal,2,0.446
=.1,13,9,func_dec->compound->switch->compound->for->compound->bi_op,2,cal,3,0.448
1.3_=.2,9,26,func_dec->compound->switch->compound->dec->var_dec,1,dec,0,0.451
mystery3.1,11,19,func_dec->compound->switch->compound->for->compound->dec->var_dec,2,dec,3,0.453
mystery2.3,15,14,func_dec->compound->switch->compound->return,1,return,0,0.456
mystery3.2,13,18,func_dec->compound->switch->compound->for->compound->bi_op,2,cal,3,0.458
++i.1,10,26,func_dec->compound->switch->compound->for->bi_op,2,cal,2,0.461
i.2,10,21,func_dec->compound->switch->compound->for->bi_op,2,cal,2,0.463
++i.1,10,26,func_dec->compound->switch->compound->for->bi_op,2,cal,2,0.466
mystery1.2,11,28,func_dec->compound->switch->compound->for->compound->dec->var_dec,2,dec,3,0.469
mystery2.2,13,9,func_dec->compound->switch->compound->for->compound->bi_op,2,cal,3,0.471
1.3,9,26,func_dec->compound->switch->compound->dec->var_dec,1,dec,0,0.474
n.3,10,23,func_dec->compound->switch->compound->for->bi_op,2,cal,2,0.476
mystery1.2,11,28,func_dec->compound->switch->compound->for->compound->dec->var_dec,2,dec,3,0.479
++i.1,10,26,func_dec->compound->switch->compound->for->bi_op,2,cal,2,0.481
mystery2.2,13,9,func_dec->compound->switch->compound->for->compound->bi_op,2,cal,3,0.484
++i.1,10,26,func_dec->compound->switch->compound->for->bi_op,2,cal,2,0.486
mystery1.2,11,28,func_dec->compound->switch->compound->for->compound->dec->var_dec,2,dec,3,0.489
++i.1,10,26,func_dec->compound->switch->compound->for->bi_op,2,cal,2,0.491
mystery1.2_=.4,11,28,func_dec->compound->switch->compound->for->compound->dec->var_dec,2,dec,3,0.494
mystery2.3,15,14,func_dec->compound->switch->compound->return,1,return,0,0.496
++i.1,10,26,func_dec->compound->switch->compound->for->bi_op,2,cal,2,0.499
mystery1.2,11,28,func_dec->compound->switch->compound->for->compound->dec->var_dec,2,dec,3,0.501
++i.1,10,26,func_dec->compound->switch->compound->for->bi_op,2,cal,2,0.504
mystery1.2_=.4,11,28,func_dec->compound->switch->compound->for->compound->dec->var_dec,2,dec,3,0.506
++i.1,10,26,func_dec->compound->switch->compound->for->bi_op,2,cal,2,0.509
mystery1.2,11,28,func_dec->compound->switch->compound->for->compound->dec->var_dec,2,dec,3,0.511
++i.1,10,26,func_dec->compound->switch->compound->for->bi_op,2,cal,2,0.514
mystery1.2,11,28,func_dec->compound->switch->compound->for->compound->dec->var_dec,2,dec,3,0.516
++i.1,10,26,func_dec->compound->switch->compound->for->bi_op,2,cal,2,0.519
mystery1.2,11,28,func_dec->compound->switch->compound->for->compound->dec->var_dec,2,dec,3,0.521
mystery2.2,13,9,func_dec->compound->switch->compound->for->compound->bi_op,2,cal,3,0.524
mystery3.2,13,18,func_dec->compound->switch->compound->for->compound->bi_op,2,cal,3,0.526
mystery3.1,11,19,func_dec->compound->switch->compound->for->compound->dec->var_dec,2,dec,3,0.529
1.3_=.2,9,26,func_dec->compound->switch->compound->dec->var_dec,1,dec,0,0.531
++i.1,10,26,func_dec->compound->switch->compound->for->bi_op,2,cal,2,0.534
mystery1.2,11,28,func_dec->compound->switch->compound->for->compound->dec->var_dec,2,dec,3,0.537
++i.1,10,26,func_dec->compound->switch->compound->for->bi_op,2,cal,2,0.539
mystery1.2,11,28,func_dec->compound->switch->compound->for->compound->dec->var_dec,2,dec,3,0.542
mystery2.3,15,14,func_dec->compound->switch->compound->return,1,return,0,0.544
2.1,10,18,func_dec->compound->switch->compound->for->bi_op,2,cal,2,0.547
mystery3.1,11,19,func_dec->compound->switch->compound->for->compound->dec->var_dec,2,dec,3,0.549
mystery1.1,8,17,func_dec->compound->switch->compound->default->dec->var_dec,1,dec,0,0.552
mystery3.1,11,19,func_dec->compound->switch->compound->for->compound->dec->var_dec,2,dec,3,0.554
2.1,10,18,func_dec->compound->switch->compound->for->bi_op,2,cal,2,0.557
mystery3.1,11,19,func_dec->compound->switch->compound->for->compound->dec->var_dec,2,dec,3,0.559
mystery1.2,11,28,func_dec->compound->switch->compound->for->compound->dec->var_dec,2,dec,3,0.562
mystery2.1,9,17,func_dec->compound->switch->compound->dec->var_dec,1,dec,0,0.564
2.1,10,18,func_dec->compound->switch->compound->for->bi_op,2,cal,2,0.567
mystery2.1,9,17,func_dec->compound->switch->compound->dec->var_dec,1,dec,0,0.569
mystery3.1,11,19,func_dec->compound->switch->compound->for->compound->dec->var_dec,2,dec,3,0.572
mystery2.3,15,14,func_dec->compound->switch->compound->return,1,return,0,0.574
mystery3.1,11,19,func_dec->compound->switch->compound->for->compound->dec->var_dec,2,dec,3,0.577
++i.1,10,26,func_dec->compound->switch->compound->for->bi_op,2,cal,2,0.579
n.3,10,23,func_dec->compound->switch->compound->for->bi_op,2,cal,2,0.582
1.3,9,26,func_dec->compound->switch->compound->dec->var_dec,1,dec,0,0.584
n.3,10,23,func_dec->compound->switch->compound->for->bi_op,2,cal,2,0.587
mystery1.2,11,28,func_dec->compound->switch->compound->for->compound->dec->var_dec,2,dec,3,0.589
mystery2.2,13,9,func_dec->compound->switch->compound->for->compound->bi_op,2,cal,3,0.592
++i.1,10,26,func_dec->compound->switch->compound->for->bi_op,2,cal,2,0.594
mystery1.2,11,28,func_dec->compound->switch->compound->for->compound->dec->var_dec,2,dec,3,0.597
++i.1_+.1,10,26,func_dec->compound->switch->compound->for->bi_op,2,cal,2,0.599
mystery2.2,13,9,func_dec->compound->switch->compound->for->compound->bi_op,2,cal,3,0.602
mystery3.1,11,19,func_dec->compound->switch->compound->for->compound->dec->var_dec,2,dec,3,0.605
i.2,10,21,func_dec->compound->switch->compound->for->bi_op,2,cal,2,0.607
mystery2.3,15,14,func_dec->compound->switch->compound->return,1,return,0,0.61
mystery3.1,11,19,func_dec->compound->switch->compound->for->compound->dec->var_dec,2,dec,3,0.612
mystery2.3,15,14,func_dec->compound->switch->compound->return,1,return,0,0.615
++i.1,10,26,func_dec->compound->switch->compound->for->bi_op,2,cal,2,0.617
mystery2.1,9,17,func_dec->compound->switch->compound->dec->var_dec,1,dec,0,0.62
mystery3.1,11,19,func_dec->compound->switch->compound->for->compound->dec->var_dec,2,dec,3,0.622
mystery2.1,9,17,func_dec->compound->switch->compound->dec->var_dec,1,dec,0,0.625
mystery3.1,11,19,func_dec->compound->switch->compound->for->compound->dec->var_dec,2,dec,3,0.627
=.1,13,9,func_dec->compound->switch->compound->for->compound->bi_op,2,cal,3,0.63
1.3,9,26,func_dec->compound->switch->compound->dec->var_dec,1,dec,0,0.632
mystery1.2_=.4,11,28,func_dec->compound->switch->compound->for->compound->dec->var_dec,2,dec,3,0.635
mystery3.2,13,18,func_dec->compound->switch->compound->for->compound->bi_op,2,cal,3,0.637
mystery2.3,15,14,func_dec->compound->switch->compound->return,1,return,0,0.64
mystery3.2,13,18,func_dec->compound->switch->compound->for->compound->bi_op,2,cal,3,0.642
mystery3.1,11,19,func_dec->compound->switch->compound->for->compound->dec->var_dec,2,dec,3,0.645
mystery3.2,13,18,func_dec->compound->switch->compound->for->compound->bi_op,2,cal,3,0.647
mystery1.2,11,28,func_dec->compound->switch->compound->for->compound->dec->var_dec,2,dec,3,0.65
n.3,10,23,func_dec->compound->switch->compound->for->bi_op,2,cal,2,0.652
mystery3.1,11,19,func_dec->compound->switch->compound->for->compound->dec->var_dec,2,dec,3,0.655
mystery1.2,11,28,func_dec->compound->switch->compound->for->compound->dec->var_dec,2,dec,3,0.657
mystery2.3,15,14,func_dec->compound->switch->compound->return,1,return,0,0.66
mystery1.2,11,28,func_dec->compound->switch->compound->for->compound->dec->var_dec,2,dec,3,0.662
++i.1_+.1,10,26,func_dec->compound->switch->compound->for->bi_op,2,cal,2,0.665
mystery2.2,13,9,func_dec->compound->switch->compound->for->compound->bi_op,2,cal,3,0.668
mystery2.3,15,14,func_dec->compound->switch->compound->return,1,return,0,0.67
mystery3.1,11,19,func_dec->compound->switch->compound->for->compound->dec->var_dec,2,dec,3,0.673
mystery2.3,15,14,func_dec->compound->switch->compound->return,1,return,0,0.675
mystery3.2,13,18,func_dec->compound->switch->compound->for->compound->bi_op,2,cal,3,0.678
mystery2.3,15,14,func_dec->compound->switch->compound->return,1,return,0,0.68
mystery3.2,13,18,func_dec->compound->switch->compound->for->compound->bi_op,2,cal,3,0.683
mystery3.1,11,19,func_dec->compound->switch->compound->for->compound->dec->var_dec,2,dec,3,0.685
mystery2.3,15,14,func_dec->compound->switch->compound->return,1,return,0,0.688
mystery3.1,11,19,func_dec->compound->switch->compound->for->compound->dec->var_dec,2,dec,3,0.69
mystery2.3,15,14,func_dec->compound->switch->compound->return,1,return,0,0.693
mystery2.2,13,9,func_dec->compound->switch->compound->for->compound->bi_op,2,cal,3,0.695
mystery3.1,11,19,func_dec->compound->switch->compound->for->compound->dec->var_dec,2,dec,3,0.698
mystery2.3,15,14,func_dec->compound->switch->compound->return,1,return,0,0.7
mystery3.1,11,19,func_dec->compound->switch->compound->for->compound->dec->var_dec,2,dec,3,0.703
mystery2.3,15,14,func_dec->compound->switch->compound->return,1,return,0,0.705
++i.1,10,26,func_dec->compound->switch->compound->for->bi_op,2,cal,2,0.708
mystery3.2,13,18,func_dec->compound->switch->compound->for->compound->bi_op,2,cal,3,0.71
mystery3.1,11,19,func_dec->compound->switch->compound->for->compound->dec->var_dec,2,dec,3,0.713
++i.1,10,26,func_dec->compound->switch->compound->for->bi_op,2,cal,2,0.715
mystery1.2,11,28,func_dec->compound->switch->compound->for->compound->dec->var_dec,2,dec,3,0.718
mystery2.3,15,14,func_dec->compound->switch->compound->return,1,return,0,0.72
mystery3.1,11,19,func_dec->compound->switch->compound->for->compound->dec->var_dec,2,dec,3,0.723
mystery1.2,11,28,func_dec->compound->switch->compound->for->compound->dec->var_dec,2,dec,3,0.725
++i.1,10,26,func_dec->compound->switch->compound->for->bi_op,2,cal,2,0.728
mystery3.2,13,18,func_dec->compound->switch->compound->for->compound->bi_op,2,cal,3,0.73
mystery2.3,15,14,func_dec->compound->switch->compound->return,1,return,0,0.733
mystery3.2,13,18,func_dec->compound->switch->compound->for->compound->bi_op,2,cal,3,0.736
mystery1.2,11,28,func_dec->compound->switch->compound->for->compound->dec->var_dec,2,dec,3,0.738
++i.1,10,26,func_dec->compound->switch->compound->for->bi_op,2,cal,2,0.741
mystery1.2,11,28,func_dec->compound->switch->compound->for->compound->dec->var_dec,2,dec,3,0.743
++i.1,10,26,func_dec->compound->switch->compound->for->bi_op,2,cal,2,0.746
mystery1.2_=.4,11,28,func_dec->compound->switch->compound->for->compound->dec->var_dec,2,dec,3,0.748
mystery2.3,15,14,func_dec->compound->switch->compound->return,1,return,0,0.751
mystery1.2_=.4,11,28,func_dec->compound->switch->compound->for->compound->dec->var_dec,2,dec,3,0.753
++i.1,10,26,func_dec->compound->switch->compound->for->bi_op,2,cal,2,0.756
mystery3.2,13,18,func_dec->compound->switch->compound->for->compound->bi_op,2,cal,3,0.758
mystery3.1,11,19,func_dec->compound->switch->compound->for->compound->dec->var_dec,2,dec,3,0.761
mystery3.2,13,18,func_dec->compound->switch->compound->for->compound->bi_op,2,cal,3,0.763
mystery2.3,15,14,func_dec->compound->switch->compound->return,1,return,0,0.766
mystery3.2,13,18,func_dec->compound->switch->compound->for->compound->bi_op,2,cal,3,0.768
mystery2.3,15,14,func_dec->compound->switch->compound->return,1,return,0,0.771
mystery3.2,13,18,func_dec->compound->switch->compound->for->compound->bi_op,2,cal,3,0.773
mystery2.3,15,14,func_dec->compound->switch->compound->return,1,return,0,0.776
mystery3.2,13,18,func_dec->compound->switch->compound->for->compound->bi_op,2,cal,3,0.778
mystery2.3,15,14,func_dec->compound->switch->compound->return,1,return,0,0.781
mystery3.2,13,18,func_dec->compound->switch->compound->for->compound->bi_op,2,cal,3,0.783
mystery1.2,11,28,func_dec->compound->switch->compound->for->compound->dec->var_dec,2,dec,3,0.786
1.3,9,26,func_dec->compound->switch->compound->dec->var_dec,1,dec,0,0.788
n.3,10,23,func_dec->compound->switch->compound->for->bi_op,2,cal,2,0.791
mystery3.1,11,19,func_dec->compound->switch->compound->for->compound->dec->var_dec,2,dec,3,0.793
i.2,10,21,func_dec->compound->switch->compound->for->bi_op,2,cal,2,0.796
mystery1.2,11,28,func_dec->compound->switch->compound->for->compound->dec->var_dec,2,dec,3,0.798
++i.1,10,26,func_dec->compound->switch->compound->for->bi_op,2,cal,2,0.801
mystery1.2,11,28,func_dec->compound->switch->compound->for->compound->dec->var_dec,2,dec,3,0.804
++i.1,10,26,func_dec->compound->switch->compound->for->bi_op,2,cal,2,0.806
mystery3.1,11,19,func_dec->compound->switch->compound->for->compound->dec->var_dec,2,dec,3,0.809
++i.1,10,26,func_dec->compound->switch->compound->for->bi_op,2,cal,2,0.811
mystery1.2,11,28,func_dec->compound->switch->compound->for->compound->dec->var_dec,2,dec,3,0.814
++i.1,10,26,func_dec->compound->switch->compound->for->bi_op,2,cal,2,0.816
mystery1.2,11,28,func_dec->compound->switch->compound->for->compound->dec->var_dec,2,dec,3,0.819
++i.1,10,26,func_dec->compound->switch->compound->for->bi_op,2,cal,2,0.821
mystery1.2,11,28,func_dec->compound->switch->compound->for->compound->dec->var_dec,2,dec,3,0.824
mystery3.2,13,18,func_dec->compound->switch->compound->for->compound->bi_op,2,cal,3,0.826
mystery2.3,15,14,func_dec->compound->switch->compound->return,1,return,0,0.829
mystery3.2,13,18,func_dec->compound->switch->compound->for->compound->bi_op,2,cal,3,0.831
mystery2.3,15,14,func_dec->compound->switch->compound->return,1,return,0,0.834
mystery3.2,13,18,func_dec->compound->switch->compound->for->compound->bi_op,2,cal,3,0.836
++i.1,10,26,func_dec->compound->switch->compound->for->bi_op,2,cal,2,0.839
mystery1.2,11,28,func_dec->compound->switch->compound->for->compound->dec->var_dec,2,dec,3,0.841
++i.1,10,26,func_dec->compound->switch->compound->for->bi_op,2,cal,2,0.844
mystery1.2,11,28,func_dec->compound->switch->compound->for->compound->dec->var_dec,2,dec,3,0.846
++i.1_+.1,10,26,func_dec->compound->switch->compound->for->bi_op,2,cal,2,0.849
mystery2.3,15,14,func_dec->compound->switch->compound->return,1,return,0,0.851
mystery3.2_=.6,13,18,func_dec->compound->switch->compound->for->compound->bi_op,2,cal,3,0.854
mystery2.3,15,14,func_dec->compound->switch->compound->return,1,return,0,0.856
mystery3.1,11,19,func_dec->compound->switch->compound->for->compound->dec->var_dec,2,dec,3,0.859
mystery2.3,15,14,func_dec->compound->switch->compound->return,1,return,0,0.861
mystery3.1,11,19,func_dec->compound->switch->compound->for->compound->dec->var_dec,2,dec,3,0.864
i.2,10,21,func_dec->compound->switch->compound->for->bi_op,2,cal,2,0.866
mystery3.1,11,19,func_dec->compound->switch->compound->for->compound->dec->var_dec,2,dec,3,0.869
i.2,10,21,func_dec->compound->switch->compound->for->bi_op,2,cal,2,0.872
mystery2.1,9,17,func_dec->compound->switch->compound->dec->var_dec,1,dec,0,0.874
i.2,10,21,func_dec->compound->switch->compound->for->bi_op,2,cal,2,0.877
mystery2.3,15,14,func_dec->compound->switch->compound->return,1,return,0,0.879
mystery3.2,13,18,func_dec->compound->switch->compound->for->compound->bi_op,2,cal,3,0.882
mystery2.3,15,14,func_dec->compound->switch->compound->return,1,return,0,0.884
mystery3.2,13,18,func_dec->compound->switch->compound->for->compound->bi_op,2,cal,3,0.887
mystery1.2,11,28,func_dec->compound->switch->compound->for->compound->dec->var_dec,2,dec,3,0.889
++i.1_+.1,10,26,func_dec->compound->switch->compound->for->bi_op,2,cal,2,0.892
mystery2.2,13,9,func_dec->compound->switch->compound->for->compound->bi_op,2,cal,3,0.894
n.3,10,23,func_dec->compound->switch->compound->for->bi_op,2,cal,2,0.897
1.3,9,26,func_dec->compound->switch->compound->dec->var_dec,1,dec,0,0.899
n.3,10,23,func_dec->compound->switch->compound->for->bi_op,2,cal,2,0.902
i.2,10,21,func_dec->compound->switch->compound->for->bi_op,2,cal,2,0.904
mystery2.1,9,17,func_dec->compound->switch->compound->dec->var_dec,1,dec,0,0.907
mystery3.1,11,19,func_dec->compound->switch->compound->for->compound->dec->var_dec,2,dec,3,0.909
mystery2.1,9,17,func_dec->compound->switch->compound->dec->var_dec,1,dec,0,0.912
mystery3.1,11,19,func_dec->compound->switch->compound->for->compound->dec->var_dec,2,dec,3,0.914
mystery2.1,9,17,func_dec->compound->switch->compound->dec->var_dec,1,dec,0,0.917
1.3,9,26,func_dec->compound->switch->compound->dec->var_dec,1,dec,0,0.919
n.3,10,23,func_dec->compound->switch->compound->for->bi_op,2,cal,2,0.922
mystery3.1,11,19,func_dec->compound->switch->compound->for->compound->dec->var_dec,2,dec,3,0.924
i.2,10,21,func_dec->compound->switch->compound->for->bi_op,2,cal,2,0.927
mystery3.1,11,19,func_dec->compound->switch->compound->for->compound->dec->var_dec,2,dec,3,0.929
mystery2.3,15,14,func_dec->compound->switch->compound->return,1,return,0,0.932
mystery3.1,11,19,func_dec->compound->switch->compound->for->compound->dec->var_dec,2,dec,3,0.935
mystery2.3,15,14,func_dec->compound->switch->compound->return,1,return,0,0.937
mystery1.2,11,28,func_dec->compound->switch->compound->for->compound->dec->var_dec,2,dec,3,0.94
mystery3.1,11,19,func_dec->compound->switch->compound->for->compound->dec->var_dec,2,dec,3,0.942
mystery2.3,15,14,func_dec->compound->switch->compound->return,1,return,0,0.945
mystery3.1,11,19,func_dec->compound->switch->compound->for->compound->dec->var_dec,2,dec,3,0.947
mystery3.2,13,18,func_dec->compound->switch->compound->for->compound->bi_op,2,cal,3,0.95
mystery3.1,11,19,func_dec->compound->switch->compound->for->compound->dec->var_dec,2,dec,3,0.952
mystery2.3,15,14,func_dec->compound->switch->compound->return,1,return,0,0.955
mystery3.2,13,18,func_dec->compound->switch->compound->for->compound->bi_op,2,cal,3,0.957
mystery2.3,15,14,func_dec->compound->switch->compound->return,1,return,0,0.96
mystery1.2,11,28,func_dec->compound->switch->compound->for->compound->dec->var_dec,2,dec,3,0.962
mystery3.2,13,18,func_dec->compound->switch->compound->for->compound->bi_op,2,cal,3,0.965
mystery3.1,11,19,func_dec->compound->switch->compound->for->compound->dec->var_dec,2,dec,3,0.967
mystery2.3,15,14,func_dec->compound->switch->compound->return,1,return,0,0.97
mystery3.1,11,19,func_dec->compound->switch->compound->for->compound->dec->var_dec,2,dec,3,0.972
i.2,10,21,func_dec->compound->switch->compound->for->bi_op,2,cal,2,0.975
mystery3.2,13,18,func_dec->compound->switch->compound->for->compound->bi_op,2,cal,3,0.977
mystery2.3,15,14,func_dec->compound->switch->compound->return,1,return,0,0.98
mystery3.2,13,18,func_dec->compound->switch->compound->for->compound->bi_op,2,cal,3,0.982
mystery2.3,15,14,func_dec->compound->switch->compound->return,1,return,0,0.985
mystery3.2,13,18,func_dec->compound->switch->compound->for->compound->bi_op,2,cal,3,0.987
mystery3.1,11,19,func_dec->compound->switch->compound->for->compound->dec->var_dec,2,dec,3,0.99
mystery2.3,15,14,func_dec->compound->switch->compound->return,1,return,0,0.992
mystery3.2,13,18,func_dec->compound->switch->compound->for->compound->bi_op,2,cal,3,0.995
mystery2.3,15,14,func_dec->compound->switch->compound->return,1,return,0,0.997
mystery3.2,13,18,func_dec->compound->switch->compound->for->compound->bi_op,2,cal,3,1.0
