token,line,column,semantic,controlnum,feature,complexity,section
i.1_=.3,10,16,func_dec->compound->switch->compound->for->bi_op,2,cal,2,0.003
n.1,1,23,func_dec,0,dec,1,0.007
operate.1,1,11,func_dec,0,dec,1,0.01
n.2,2,11,func_dec->compound->switch,1,control,1,0.014
operate.1,1,11,func_dec,0,dec,1,0.017
n.2,2,11,func_dec->compound->switch,1,control,1,0.021
operate.1,1,11,func_dec,0,dec,1,0.024
n.1,1,23,func_dec,0,dec,1,0.028
n.2,2,11,func_dec->compound->switch,1,control,1,0.031
operate.1,1,11,func_dec,0,dec,1,0.035
n.2,2,11,func_dec->compound->switch,1,control,1,0.038
0.1,3,10,func_dec->compound->switch->compound->case,1,control,0,0.042
1.2,6,14,func_dec->compound->switch->compound->case->return,1,return,0,0.045
mystery1.1,8,17,func_dec->compound->switch->compound->default->dec->var_dec,1,dec,0,0.049
1.3,9,26,func_dec->compound->switch->compound->dec->var_dec,1,dec,0,0.052
0.3,8,26,func_dec->compound->switch->compound->default->dec->var_dec,1,dec,0,0.056
1.3,9,26,func_dec->compound->switch->compound->dec->var_dec,1,dec,0,0.059
0.3,8,26,func_dec->compound->switch->compound->default->dec->var_dec,1,dec,0,0.063
mystery1.1,8,17,func_dec->compound->switch->compound->default->dec->var_dec,1,dec,0,0.066
mystery2.1_long.6,9,17,func_dec->compound->switch->compound->dec->var_dec,1,dec,0,0.07
operate.1,1,11,func_dec,0,dec,1,0.073
n.1,1,23,func_dec,0,dec,1,0.077
1.3,9,26,func_dec->compound->switch->compound->dec->var_dec,1,dec,0,0.08
mystery2.1,9,17,func_dec->compound->switch->compound->dec->var_dec,1,dec,0,0.084
mystery3.1,11,19,func_dec->compound->switch->compound->for->compound->dec->var_dec,2,dec,3,0.087
mystery2.1,9,17,func_dec->compound->switch->compound->dec->var_dec,1,dec,0,0.091
i.1_=.3,10,16,func_dec->compound->switch->compound->for->bi_op,2,cal,2,0.094
2.1,10,18,func_dec->compound->switch->compound->for->bi_op,2,cal,2,0.098
n.3,10,23,func_dec->compound->switch->compound->for->bi_op,2,cal,2,0.101
mystery1.1,8,17,func_dec->compound->switch->compound->default->dec->var_dec,1,dec,0,0.105
i.1_=.3,10,16,func_dec->compound->switch->compound->for->bi_op,2,cal,2,0.108
mystery2.1,9,17,func_dec->compound->switch->compound->dec->var_dec,1,dec,0,0.112
=.1,13,9,func_dec->compound->switch->compound->for->compound->bi_op,2,cal,3,0.115
1.3_=.2,9,26,func_dec->compound->switch->compound->dec->var_dec,1,dec,0,0.119
mystery1.1,8,17,func_dec->compound->switch->compound->default->dec->var_dec,1,dec,0,0.122
mystery2.1,9,17,func_dec->compound->switch->compound->dec->var_dec,1,dec,0,0.126
mystery1.1,8,17,func_dec->compound->switch->compound->default->dec->var_dec,1,dec,0,0.129
mystery2.1,9,17,func_dec->compound->switch->compound->dec->var_dec,1,dec,0,0.133
0.3,8,26,func_dec->compound->switch->compound->default->dec->var_dec,1,dec,0,0.136
1.3_=.2,9,26,func_dec->compound->switch->compound->dec->var_dec,1,dec,0,0.14
mystery1.2,11,28,func_dec->compound->switch->compound->for->compound->dec->var_dec,2,dec,3,0.143
++i.1,10,26,func_dec->compound->switch->compound->for->bi_op,2,cal,2,0.147
mystery1.1,8,17,func_dec->compound->switch->compound->default->dec->var_dec,1,dec,0,0.15
mystery2.1,9,17,func_dec->compound->switch->compound->dec->var_dec,1,dec,0,0.154
mystery1.1,8,17,func_dec->compound->switch->compound->default->dec->var_dec,1,dec,0,0.157
mystery2.1,9,17,func_dec->compound->switch->compound->dec->var_dec,1,dec,0,0.161
mystery1.1,8,17,func_dec->compound->switch->compound->default->dec->var_dec,1,dec,0,0.164
1.3,9,26,func_dec->compound->switch->compound->dec->var_dec,1,dec,0,0.168
mystery3.1,11,19,func_dec->compound->switch->compound->for->compound->dec->var_dec,2,dec,3,0.171
mystery2.1,9,17,func_dec->compound->switch->compound->dec->var_dec,1,dec,0,0.175
mystery3.1,11,19,func_dec->compound->switch->compound->for->compound->dec->var_dec,2,dec,3,0.178
mystery2.1,9,17,func_dec->compound->switch->compound->dec->var_dec,1,dec,0,0.182
n.3,10,23,func_dec->compound->switch->compound->for->bi_op,2,cal,2,0.185
++i.1,10,26,func_dec->compound->switch->compound->for->bi_op,2,cal,2,0.189
mystery1.2,11,28,func_dec->compound->switch->compound->for->compound->dec->var_dec,2,dec,3,0.192
++i.1,10,26,func_dec->compound->switch->compound->for->bi_op,2,cal,2,0.196
mystery1.2,11,28,func_dec->compound->switch->compound->for->compound->dec->var_dec,2,dec,3,0.199
++i.1,10,26,func_dec->compound->switch->compound->for->bi_op,2,cal,2,0.203
mystery1.2,11,28,func_dec->compound->switch->compound->for->compound->dec->var_dec,2,dec,3,0.206
++i.1,10,26,func_dec->compound->switch->compound->for->bi_op,2,cal,2,0.21
mystery1.2,11,28,func_dec->compound->switch->compound->for->compound->dec->var_dec,2,dec,3,0.213
mystery3.1,11,19,func_dec->compound->switch->compound->for->compound->dec->var_dec,2,dec,3,0.217
mystery2.3,15,14,func_dec->compound->switch->compound->return,1,return,0,0.22
mystery3.1,11,19,func_dec->compound->switch->compound->for->compound->dec->var_dec,2,dec,3,0.224
i.2,10,21,func_dec->compound->switch->compound->for->bi_op,2,cal,2,0.227
mystery3.1,11,19,func_dec->compound->switch->compound->for->compound->dec->var_dec,2,dec,3,0.231
2.1,10,18,func_dec->compound->switch->compound->for->bi_op,2,cal,2,0.234
mystery2.1,9,17,func_dec->compound->switch->compound->dec->var_dec,1,dec,0,0.238
mystery1.1,8,17,func_dec->compound->switch->compound->default->dec->var_dec,1,dec,0,0.241
mystery2.1,9,17,func_dec->compound->switch->compound->dec->var_dec,1,dec,0,0.245
i.2,10,21,func_dec->compound->switch->compound->for->bi_op,2,cal,2,0.248
mystery3.1,11,19,func_dec->compound->switch->compound->for->compound->dec->var_dec,2,dec,3,0.252
i.2,10,21,func_dec->compound->switch->compound->for->bi_op,2,cal,2,0.255
mystery3.1,11,19,func_dec->compound->switch->compound->for->compound->dec->var_dec,2,dec,3,0.259
mystery3.1,11,19,func_dec->compound->switch->compound->for->compound->dec->var_dec,2,dec,3,0.262
++i.1,10,26,func_dec->compound->switch->compound->for->bi_op,2,cal,2,0.266
n.3,10,23,func_dec->compound->switch->compound->for->bi_op,2,cal,2,0.269
1.3,9,26,func_dec->compound->switch->compound->dec->var_dec,1,dec,0,0.273
mystery1.2,11,28,func_dec->compound->switch->compound->for->compound->dec->var_dec,2,dec,3,0.276
mystery3.1,11,19,func_dec->compound->switch->compound->for->compound->dec->var_dec,2,dec,3,0.28
n.3,10,23,func_dec->compound->switch->compound->for->bi_op,2,cal,2,0.283
mystery3.1,11,19,func_dec->compound->switch->compound->for->compound->dec->var_dec,2,dec,3,0.287
1.3_=.2,9,26,func_dec->compound->switch->compound->dec->var_dec,1,dec,0,0.29
0.3,8,26,func_dec->compound->switch->compound->default->dec->var_dec,1,dec,0,0.294
++i.1,10,26,func_dec->compound->switch->compound->for->bi_op,2,cal,2,0.297
mystery1.2_=.4,11,28,func_dec->compound->switch->compound->for->compound->dec->var_dec,2,dec,3,0.301
mystery3.1,11,19,func_dec->compound->switch->compound->for->compound->dec->var_dec,2,dec,3,0.304
mystery2.3,15,14,func_dec->compound->switch->compound->return,1,return,0,0.308
mystery3.1,11,19,func_dec->compound->switch->compound->for->compound->dec->var_dec,2,dec,3,0.311
mystery1.2,11,28,func_dec->compound->switch->compound->for->compound->dec->var_dec,2,dec,3,0.315
++i.1_+.1,10,26,func_dec->compound->switch->compound->for->bi_op,2,cal,2,0.318
mystery2.2,13,9,func_dec->compound->switch->compound->for->compound->bi_op,2,cal,3,0.322
mystery1.1,8,17,func_dec->compound->switch->compound->default->dec->var_dec,1,dec,0,0.325
mystery2.2,13,9,func_dec->compound->switch->compound->for->compound->bi_op,2,cal,3,0.329
++i.1,10,26,func_dec->compound->switch->compound->for->bi_op,2,cal,2,0.332
mystery2.1,9,17,func_dec->compound->switch->compound->dec->var_dec,1,dec,0,0.336
n.3,10,23,func_dec->compound->switch->compound->for->bi_op,2,cal,2,0.339
mystery1.2,11,28,func_dec->compound->switch->compound->for->compound->dec->var_dec,2,dec,3,0.343
++i.1,10,26,func_dec->compound->switch->compound->for->bi_op,2,cal,2,0.346
1.3,9,26,func_dec->compound->switch->compound->dec->var_dec,1,dec,0,0.35
0.3,8,26,func_dec->compound->switch->compound->default->dec->var_dec,1,dec,0,0.353
1.3,9,26,func_dec->compound->switch->compound->dec->var_dec,1,dec,0,0.357
0.3,8,26,func_dec->compound->switch->compound->default->dec->var_dec,1,dec,0,0.36
++i.1,10,26,func_dec->compound->switch->compound->for->bi_op,2,cal,2,0.364
mystery2.2,13,9,func_dec->compound->switch->compound->for->compound->bi_op,2,cal,3,0.367
++i.1,10,26,func_dec->compound->switch->compound->for->bi_op,2,cal,2,0.371
mystery2.2,13,9,func_dec->compound->switch->compound->for->compound->bi_op,2,cal,3,0.374
mystery1.2,11,28,func_dec->compound->switch->compound->for->compound->dec->var_dec,2,dec,3,0.378
mystery3.1,11,19,func_dec->compound->switch->compound->for->compound->dec->var_dec,2,dec,3,0.381
mystery2.1,9,17,func_dec->compound->switch->compound->dec->var_dec,1,dec,0,0.385
mystery1.2,11,28,func_dec->compound->switch->compound->for->compound->dec->var_dec,2,dec,3,0.388
mystery2.2,13,9,func_dec->compound->switch->compound->for->compound->bi_op,2,cal,3,0.392
mystery1.2_=.4,11,28,func_dec->compound->switch->compound->for->compound->dec->var_dec,2,dec,3,0.395
mystery3.1,11,19,func_dec->compound->switch->compound->for->compound->dec->var_dec,2,dec,3,0.399
mystery2.1,9,17,func_dec->compound->switch->compound->dec->var_dec,1,dec,0,0.402
mystery1.1,8,17,func_dec->compound->switch->compound->default->dec->var_dec,1,dec,0,0.406
mystery1.2,11,28,func_dec->compound->switch->compound->for->compound->dec->var_dec,2,dec,3,0.409
1.3,9,26,func_dec->compound->switch->compound->dec->var_dec,1,dec,0,0.413
n.3,10,23,func_dec->compound->switch->compound->for->bi_op,2,cal,2,0.416
2.1,10,18,func_dec->compound->switch->compound->for->bi_op,2,cal,2,0.42
mystery3.1,11,19,func_dec->compound->switch->compound->for->compound->dec->var_dec,2,dec,3,0.423
n.3,10,23,func_dec->compound->switch->compound->for->bi_op,2,cal,2,0.427
mystery2.2,13,9,func_dec->compound->switch->compound->for->compound->bi_op,2,cal,3,0.43
0.3,8,26,func_dec->compound->switch->compound->default->dec->var_dec,1,dec,0,0.434
1.3,9,26,func_dec->compound->switch->compound->dec->var_dec,1,dec,0,0.437
mystery2.3,15,14,func_dec->compound->switch->compound->return,1,return,0,0.441
mystery3.2,13,18,func_dec->compound->switch->compound->for->compound->bi_op,2,cal,3,0.444
mystery2.3,15,14,func_dec->compound->switch->compound->return,1,return,0,0.448
mystery1.2,11,28,func_dec->compound->switch->compound->for->compound->dec->var_dec,2,dec,3,0.451
++i.1,10,26,func_dec->compound->switch->compound->for->bi_op,2,cal,2,0.455
mystery2.3_mystery2.4,15,14,func_dec->compound->switch->compound->return,1,return,0,0.458
mystery2.3,15,14,func_dec->compound->switch->compound->return,1,return,0,0.462
mystery3.1,11,19,func_dec->compound->switch->compound->for->compound->dec->var_dec,2,dec,3,0.465
++i.1,10,26,func_dec->compound->switch->compound->for->bi_op,2,cal,2,0.469
mystery3.1,11,19,func_dec->compound->switch->compound->for->compound->dec->var_dec,2,dec,3,0.472
mystery1.2,11,28,func_dec->compound->switch->compound->for->compound->dec->var_dec,2,dec,3,0.476
mystery2.2,13,9,func_dec->compound->switch->compound->for->compound->bi_op,2,cal,3,0.479
mystery1.2_=.4,11,28,func_dec->compound->switch->compound->for->compound->dec->var_dec,2,dec,3,0.483
mystery1.2,11,28,func_dec->compound->switch->compound->for->compound->dec->var_dec,2,dec,3,0.486
mystery2.2,13,9,func_dec->compound->switch->compound->for->compound->bi_op,2,cal,3,0.49
1.3,9,26,func_dec->compound->switch->compound->dec->var_dec,1,dec,0,0.493
0.3,8,26,func_dec->compound->switch->compound->default->dec->var_dec,1,dec,0,0.497
mystery3.2,13,18,func_dec->compound->switch->compound->for->compound->bi_op,2,cal,3,0.5
mystery2.3,15,14,func_dec->compound->switch->compound->return,1,return,0,0.503
mystery3.2,13,18,func_dec->compound->switch->compound->for->compound->bi_op,2,cal,3,0.507
mystery3.1,11,19,func_dec->compound->switch->compound->for->compound->dec->var_dec,2,dec,3,0.51
mystery3.2,13,18,func_dec->compound->switch->compound->for->compound->bi_op,2,cal,3,0.514
mystery3.2,13,18,func_dec->compound->switch->compound->for->compound->bi_op,2,cal,3,0.517
mystery3.1,11,19,func_dec->compound->switch->compound->for->compound->dec->var_dec,2,dec,3,0.521
mystery2.3,15,14,func_dec->compound->switch->compound->return,1,return,0,0.524
mystery3.2,13,18,func_dec->compound->switch->compound->for->compound->bi_op,2,cal,3,0.528
mystery3.1,11,19,func_dec->compound->switch->compound->for->compound->dec->var_dec,2,dec,3,0.531
mystery1.2,11,28,func_dec->compound->switch->compound->for->compound->dec->var_dec,2,dec,3,0.535
mystery3.2,13,18,func_dec->compound->switch->compound->for->compound->bi_op,2,cal,3,0.538
mystery2.3,15,14,func_dec->compound->switch->compound->return,1,return,0,0.542
mystery3.2,13,18,func_dec->compound->switch->compound->for->compound->bi_op,2,cal,3,0.545
mystery2.3,15,14,func_dec->compound->switch->compound->return,1,return,0,0.549
++i.1,10,26,func_dec->compound->switch->compound->for->bi_op,2,cal,2,0.552
0.3,8,26,func_dec->compound->switch->compound->default->dec->var_dec,1,dec,0,0.556
1.3,9,26,func_dec->compound->switch->compound->dec->var_dec,1,dec,0,0.559
0.3,8,26,func_dec->compound->switch->compound->default->dec->var_dec,1,dec,0,0.563
++i.1,10,26,func_dec->compound->switch->compound->for->bi_op,2,cal,2,0.566
mystery3.2,13,18,func_dec->compound->switch->compound->for->compound->bi_op,2,cal,3,0.57
mystery2.3,15,14,func_dec->compound->switch->compound->return,1,return,0,0.573
mystery3.2,13,18,func_dec->compound->switch->compound->for->compound->bi_op,2,cal,3,0.577
mystery2.2,13,9,func_dec->compound->switch->compound->for->compound->bi_op,2,cal,3,0.58
++i.1,10,26,func_dec->compound->switch->compound->for->bi_op,2,cal,2,0.584
mystery1.2,11,28,func_dec->compound->switch->compound->for->compound->dec->var_dec,2,dec,3,0.587
mystery3.2,13,18,func_dec->compound->switch->compound->for->compound->bi_op,2,cal,3,0.591
mystery3.1,11,19,func_dec->compound->switch->compound->for->compound->dec->var_dec,2,dec,3,0.594
mystery2.3,15,14,func_dec->compound->switch->compound->return,1,return,0,0.598
mystery3.1,11,19,func_dec->compound->switch->compound->for->compound->dec->var_dec,2,dec,3,0.601
mystery2.3,15,14,func_dec->compound->switch->compound->return,1,return,0,0.605
mystery3.1,11,19,func_dec->compound->switch->compound->for->compound->dec->var_dec,2,dec,3,0.608
mystery2.3,15,14,func_dec->compound->switch->compound->return,1,return,0,0.612
mystery3.1,11,19,func_dec->compound->switch->compound->for->compound->dec->var_dec,2,dec,3,0.615
mystery3.2,13,18,func_dec->compound->switch->compound->for->compound->bi_op,2,cal,3,0.619
mystery2.3,15,14,func_dec->compound->switch->compound->return,1,return,0,0.622
mystery3.1,11,19,func_dec->compound->switch->compound->for->compound->dec->var_dec,2,dec,3,0.626
mystery2.3,15,14,func_dec->compound->switch->compound->return,1,return,0,0.629
mystery3.1,11,19,func_dec->compound->switch->compound->for->compound->dec->var_dec,2,dec,3,0.633
mystery2.2,13,9,func_dec->compound->switch->compound->for->compound->bi_op,2,cal,3,0.636
mystery2.3,15,14,func_dec->compound->switch->compound->return,1,return,0,0.64
mystery3.2,13,18,func_dec->compound->switch->compound->for->compound->bi_op,2,cal,3,0.643
mystery2.3,15,14,func_dec->compound->switch->compound->return,1,return,0,0.647
mystery1.2,11,28,func_dec->compound->switch->compound->for->compound->dec->var_dec,2,dec,3,0.65
mystery3.2,13,18,func_dec->compound->switch->compound->for->compound->bi_op,2,cal,3,0.654
mystery3.1,11,19,func_dec->compound->switch->compound->for->compound->dec->var_dec,2,dec,3,0.657
mystery2.3,15,14,func_dec->compound->switch->compound->return,1,return,0,0.661
++i.1,10,26,func_dec->compound->switch->compound->for->bi_op,2,cal,2,0.664
mystery1.2,11,28,func_dec->compound->switch->compound->for->compound->dec->var_dec,2,dec,3,0.668
++i.1,10,26,func_dec->compound->switch->compound->for->bi_op,2,cal,2,0.671
mystery1.2_=.4,11,28,func_dec->compound->switch->compound->for->compound->dec->var_dec,2,dec,3,0.675
++i.1,10,26,func_dec->compound->switch->compound->for->bi_op,2,cal,2,0.678
mystery2.3,15,14,func_dec->compound->switch->compound->return,1,return,0,0.682
mystery1.2,11,28,func_dec->compound->switch->compound->for->compound->dec->var_dec,2,dec,3,0.685
mystery3.2,13,18,func_dec->compound->switch->compound->for->compound->bi_op,2,cal,3,0.689
mystery2.3,15,14,func_dec->compound->switch->compound->return,1,return,0,0.692
mystery3.2,13,18,func_dec->compound->switch->compound->for->compound->bi_op,2,cal,3,0.696
mystery2.3,15,14,func_dec->compound->switch->compound->return,1,return,0,0.699
mystery3.1,11,19,func_dec->compound->switch->compound->for->compound->dec->var_dec,2,dec,3,0.703
n.3,10,23,func_dec->compound->switch->compound->for->bi_op,2,cal,2,0.706
1.3,9,26,func_dec->compound->switch->compound->dec->var_dec,1,dec,0,0.71
n.3,10,23,func_dec->compound->switch->compound->for->bi_op,2,cal,2,0.713
1.3,9,26,func_dec->compound->switch->compound->dec->var_dec,1,dec,0,0.717
n.3,10,23,func_dec->compound->switch->compound->for->bi_op,2,cal,2,0.72
0.3,8,26,func_dec->compound->switch->compound->default->dec->var_dec,1,dec,0,0.724
n.3,10,23,func_dec->compound->switch->compound->for->bi_op,2,cal,2,0.727
mystery1.2,11,28,func_dec->compound->switch->compound->for->compound->dec->var_dec,2,dec,3,0.731
mystery3.2,13,18,func_dec->compound->switch->compound->for->compound->bi_op,2,cal,3,0.734
mystery2.3,15,14,func_dec->compound->switch->compound->return,1,return,0,0.738
mystery3.2,13,18,func_dec->compound->switch->compound->for->compound->bi_op,2,cal,3,0.741
mystery2.3,15,14,func_dec->compound->switch->compound->return,1,return,0,0.745
mystery3.1,11,19,func_dec->compound->switch->compound->for->compound->dec->var_dec,2,dec,3,0.748
mystery2.3,15,14,func_dec->compound->switch->compound->return,1,return,0,0.752
mystery1.2,11,28,func_dec->compound->switch->compound->for->compound->dec->var_dec,2,dec,3,0.755
mystery2.3,15,14,func_dec->compound->switch->compound->return,1,return,0,0.759
mystery3.2,13,18,func_dec->compound->switch->compound->for->compound->bi_op,2,cal,3,0.762
mystery2.3,15,14,func_dec->compound->switch->compound->return,1,return,0,0.766
mystery3.2,13,18,func_dec->compound->switch->compound->for->compound->bi_op,2,cal,3,0.769
mystery3.1,11,19,func_dec->compound->switch->compound->for->compound->dec->var_dec,2,dec,3,0.773
mystery3.2,13,18,func_dec->compound->switch->compound->for->compound->bi_op,2,cal,3,0.776
mystery2.3,15,14,func_dec->compound->switch->compound->return,1,return,0,0.78
mystery3.2,13,18,func_dec->compound->switch->compound->for->compound->bi_op,2,cal,3,0.783
mystery2.3,15,14,func_dec->compound->switch->compound->return,1,return,0,0.787
mystery1.2,11,28,func_dec->compound->switch->compound->for->compound->dec->var_dec,2,dec,3,0.79
++i.1,10,26,func_dec->compound->switch->compound->for->bi_op,2,cal,2,0.794
mystery1.2,11,28,func_dec->compound->switch->compound->for->compound->dec->var_dec,2,dec,3,0.797
mystery2.3,15,14,func_dec->compound->switch->compound->return,1,return,0,0.801
mystery3.2,13,18,func_dec->compound->switch->compound->for->compound->bi_op,2,cal,3,0.804
mystery2.3,15,14,func_dec->compound->switch->compound->return,1,return,0,0.808
mystery3.2,13,18,func_dec->compound->switch->compound->for->compound->bi_op,2,cal,3,0.811
mystery2.3,15,14,func_dec->compound->switch->compound->return,1,return,0,0.815
mystery3.2,13,18,func_dec->compound->switch->compound->for->compound->bi_op,2,cal,3,0.818
mystery2.3,15,14,func_dec->compound->switch->compound->return,1,return,0,0.822
mystery3.2,13,18,func_dec->compound->switch->compound->for->compound->bi_op,2,cal,3,0.825
mystery2.3,15,14,func_dec->compound->switch->compound->return,1,return,0,0.829
mystery3.2,13,18,func_dec->compound->switch->compound->for->compound->bi_op,2,cal,3,0.832
mystery2.3,15,14,func_dec->compound->switch->compound->return,1,return,0,0.836
mystery3.2,13,18,func_dec->compound->switch->compound->for->compound->bi_op,2,cal,3,0.839
mystery2.3,15,14,func_dec->compound->switch->compound->return,1,return,0,0.843
mystery1.2,11,28,func_dec->compound->switch->compound->for->compound->dec->var_dec,2,dec,3,0.846
mystery3.2,13,18,func_dec->compound->switch->compound->for->compound->bi_op,2,cal,3,0.85
mystery3.1,11,19,func_dec->compound->switch->compound->for->compound->dec->var_dec,2,dec,3,0.853
mystery2.3,15,14,func_dec->compound->switch->compound->return,1,return,0,0.857
mystery3.1,11,19,func_dec->compound->switch->compound->for->compound->dec->var_dec,2,dec,3,0.86
n.3,10,23,func_dec->compound->switch->compound->for->bi_op,2,cal,2,0.864
1.3,9,26,func_dec->compound->switch->compound->dec->var_dec,1,dec,0,0.867
n.3,10,23,func_dec->compound->switch->compound->for->bi_op,2,cal,2,0.871
mystery1.2,11,28,func_dec->compound->switch->compound->for->compound->dec->var_dec,2,dec,3,0.874
mystery2.3,15,14,func_dec->compound->switch->compound->return,1,return,0,0.878
mystery3.2,13,18,func_dec->compound->switch->compound->for->compound->bi_op,2,cal,3,0.881
mystery2.3,15,14,func_dec->compound->switch->compound->return,1,return,0,0.885
mystery3.2,13,18,func_dec->compound->switch->compound->for->compound->bi_op,2,cal,3,0.888
mystery2.3,15,14,func_dec->compound->switch->compound->return,1,return,0,0.892
n.3,10,23,func_dec->compound->switch->compound->for->bi_op,2,cal,2,0.895
mystery3.1,11,19,func_dec->compound->switch->compound->for->compound->dec->var_dec,2,dec,3,0.899
mystery1.2,11,28,func_dec->compound->switch->compound->for->compound->dec->var_dec,2,dec,3,0.902
++i.1,10,26,func_dec->compound->switch->compound->for->bi_op,2,cal,2,0.906
mystery1.2,11,28,func_dec->compound->switch->compound->for->compound->dec->var_dec,2,dec,3,0.909
n.3,10,23,func_dec->compound->switch->compound->for->bi_op,2,cal,2,0.913
mystery3.1,11,19,func_dec->compound->switch->compound->for->compound->dec->var_dec,2,dec,3,0.916
mystery1.2,11,28,func_dec->compound->switch->compound->for->compound->dec->var_dec,2,dec,3,0.92
n.1,1,23,func_dec,0,dec,1,0.923
mystery1.2,11,28,func_dec->compound->switch->compound->for->compound->dec->var_dec,2,dec,3,0.927
++i.1,10,26,func_dec->compound->switch->compound->for->bi_op,2,cal,2,0.93
mystery1.2,11,28,func_dec->compound->switch->compound->for->compound->dec->var_dec,2,dec,3,0.934
++i.1,10,26,func_dec->compound->switch->compound->for->bi_op,2,cal,2,0.937
mystery1.2,11,28,func_dec->compound->switch->compound->for->compound->dec->var_dec,2,dec,3,0.941
mystery1.2,11,28,func_dec->compound->switch->compound->for->compound->dec->var_dec,2,dec,3,0.944
mystery3.2,13,18,func_dec->compound->switch->compound->for->compound->bi_op,2,cal,3,0.948
mystery2.3,15,14,func_dec->compound->switch->compound->return,1,return,0,0.951
mystery3.1,11,19,func_dec->compound->switch->compound->for->compound->dec->var_dec,2,dec,3,0.955
mystery2.3,15,14,func_dec->compound->switch->compound->return,1,return,0,0.958
mystery3.2,13,18,func_dec->compound->switch->compound->for->compound->bi_op,2,cal,3,0.962
mystery2.3,15,14,func_dec->compound->switch->compound->return,1,return,0,0.965
mystery3.1,11,19,func_dec->compound->switch->compound->for->compound->dec->var_dec,2,dec,3,0.969
mystery2.3,15,14,func_dec->compound->switch->compound->return,1,return,0,0.972
mystery3.1,11,19,func_dec->compound->switch->compound->for->compound->dec->var_dec,2,dec,3,0.976
mystery2.3,15,14,func_dec->compound->switch->compound->return,1,return,0,0.979
mystery1.2,11,28,func_dec->compound->switch->compound->for->compound->dec->var_dec,2,dec,3,0.983
mystery2.3,15,14,func_dec->compound->switch->compound->return,1,return,0,0.986
mystery1.2,11,28,func_dec->compound->switch->compound->for->compound->dec->var_dec,2,dec,3,0.99
++i.1,10,26,func_dec->compound->switch->compound->for->bi_op,2,cal,2,0.993
mystery1.2,11,28,func_dec->compound->switch->compound->for->compound->dec->var_dec,2,dec,3,0.997
mystery3.2,13,18,func_dec->compound->switch->compound->for->compound->bi_op,2,cal,3,1.0
