token,line,column,semantic,controlnum,feature,complexity,section
std.3_std::vector<int>.2,5,3,func_dec->compound->dec->var_dec,0,dec,1,0.032
std.2_std::vector<int>.1,4,1,func_dec,0,dec,2,0.065
std.3_std::vector<int>.2,5,3,func_dec->compound->dec->var_dec,0,dec,1,0.097
std.2_std::vector<int>.1,4,1,func_dec,0,dec,2,0.129
diff.1,4,51,func_dec,0,dec,2,0.161
end.1,4,42,func_dec,0,dec,2,0.194
start.3,9,10,func_dec->compound->if->compound->while,2,control,1,0.226
result.3,10,3,func_dec->compound->if->compound->while->compound->call_exp,2,dec,1,0.258
start.3,9,10,func_dec->compound->if->compound->while,2,control,1,0.29
result.3,10,3,func_dec->compound->if->compound->while->compound->call_exp,2,dec,1,0.323
start.3,9,10,func_dec->compound->if->compound->while,2,control,1,0.355
result.3,10,3,func_dec->compound->if->compound->while->compound->call_exp,2,dec,1,0.387
start.3,9,10,func_dec->compound->if->compound->while,2,control,1,0.419
diff.2_-=.1,11,10,func_dec->compound->if->compound->while->compound->coumpund_assign->ref_dec,2,dec,1,0.452
result.3,10,3,func_dec->compound->if->compound->while->compound->call_exp,2,dec,1,0.484
diff.2,11,10,func_dec->compound->if->compound->while->compound->coumpund_assign->ref_dec,2,dec,1,0.516
start.1_int.2,4,31,func_dec,0,dec,2,0.548
diff.2,11,10,func_dec->compound->if->compound->while->compound->coumpund_assign->ref_dec,2,dec,1,0.581
end.5,11,3,func_dec->compound->if->compound->while->compound->coumpund_assign->ref_dec,2,dec,1,0.613
result.3,10,3,func_dec->compound->if->compound->while->compound->call_exp,2,dec,1,0.645
end.3_<=.1,9,19,func_dec->compound->if->compound->while,2,control,1,0.677
result.3,10,3,func_dec->compound->if->compound->while->compound->call_exp,2,dec,1,0.71
end.3_<=.1,9,19,func_dec->compound->if->compound->while,2,control,1,0.742
start.3,9,10,func_dec->compound->if->compound->while,2,control,1,0.774
end.3,9,19,func_dec->compound->if->compound->while,2,control,1,0.806
result.3,10,3,func_dec->compound->if->compound->while->compound->call_exp,2,dec,1,0.839
start.3,9,10,func_dec->compound->if->compound->while,2,control,1,0.871
result.3,10,3,func_dec->compound->if->compound->while->compound->call_exp,2,dec,1,0.903
diff.2,11,10,func_dec->compound->if->compound->while->compound->coumpund_assign->ref_dec,2,dec,1,0.935
end.1_int.3,4,42,func_dec,0,dec,2,0.968
diff.2,11,10,func_dec->compound->if->compound->while->compound->coumpund_assign->ref_dec,2,dec,1,1.0
