token,line,column,semantic,controlnum,feature,complexity,section,stimuli,pid
>.1,3,9,func_dec->compound->while,1,control,1,0.022,2,1
mysteryOp.1,1,5,func_dec,0,dec,1,0.044,2,1
result.1,2,7,func_dec->compound->dec->var_dec,0,dec,0,0.067,2,1
0.2,3,11,func_dec->compound->while,1,control,1,0.089,2,1
2.1,4,8,func_dec->compound->while->compound->if,2,control,4,0.111,2,1
0.2,3,11,func_dec->compound->while,1,control,1,0.133,2,1
mysteryOp.1_int.1,1,5,func_dec,0,dec,1,0.156,2,1
y.1,1,26,func_dec,0,dec,1,0.178,2,1
0.2,3,11,func_dec->compound->while,1,control,1,0.2,2,1
0.3,4,11,func_dec->compound->while->compound->if,2,control,4,0.222,2,1
!=.1,4,6,func_dec->compound->while->compound->if,2,control,4,0.244,2,1
2.1,4,8,func_dec->compound->while->compound->if,2,control,4,0.267,2,1
x.3,6,3,func_dec->compound->while->compound->coumpund_assign,1,cal,2,0.289,2,1
!=.1,4,6,func_dec->compound->while->compound->if,2,control,4,0.311,2,1
x.2,5,11,func_dec->compound->while->compound->if->compound->coumpund_assign,2,cal,2,0.333,2,1
0.3,4,11,func_dec->compound->while->compound->if,2,control,4,0.356,2,1
x.3,6,3,func_dec->compound->while->compound->coumpund_assign,1,cal,2,0.378,2,1
2.2,6,6,func_dec->compound->while->compound->coumpund_assign,1,cal,2,0.4,2,1
x.3,6,3,func_dec->compound->while->compound->coumpund_assign,1,cal,2,0.422,2,1
+=.1,5,3,func_dec->compound->while->compound->if->compound->coumpund_assign,2,cal,2,0.444,2,1
2.1,4,8,func_dec->compound->while->compound->if,2,control,4,0.467,2,1
0.2,3,11,func_dec->compound->while,1,control,1,0.489,2,1
result.1,2,7,func_dec->compound->dec->var_dec,0,dec,0,0.511,2,1
y.2,3,9,func_dec->compound->while,1,control,1,0.533,2,1
result.1,2,7,func_dec->compound->dec->var_dec,0,dec,0,0.556,2,1
y.2,3,9,func_dec->compound->while,1,control,1,0.578,2,1
0.1,2,14,func_dec->compound->dec->var_dec,0,dec,0,0.6,2,1
x.2,5,11,func_dec->compound->while->compound->if->compound->coumpund_assign,2,cal,2,0.622,2,1
0.3,4,11,func_dec->compound->while->compound->if,2,control,4,0.644,2,1
0.1_=.1,2,14,func_dec->compound->dec->var_dec,0,dec,0,0.667,2,1
0.2,3,11,func_dec->compound->while,1,control,1,0.689,2,1
2.1,4,8,func_dec->compound->while->compound->if,2,control,4,0.711,2,1
+=.1,5,3,func_dec->compound->while->compound->if->compound->coumpund_assign,2,cal,2,0.733,2,1
x.3,6,3,func_dec->compound->while->compound->coumpund_assign,1,cal,2,0.756,2,1
0.3,4,11,func_dec->compound->while->compound->if,2,control,4,0.778,2,1
x.3,6,3,func_dec->compound->while->compound->coumpund_assign,1,cal,2,0.8,2,1
x.2,5,11,func_dec->compound->while->compound->if->compound->coumpund_assign,2,cal,2,0.822,2,1
!=.1,4,6,func_dec->compound->while->compound->if,2,control,4,0.844,2,1
x.3,6,3,func_dec->compound->while->compound->coumpund_assign,1,cal,2,0.867,2,1
0.3,4,11,func_dec->compound->while->compound->if,2,control,4,0.889,2,1
x.3,6,3,func_dec->compound->while->compound->coumpund_assign,1,cal,2,0.911,2,1
0.3,4,11,func_dec->compound->while->compound->if,2,control,4,0.933,2,1
x.3,6,3,func_dec->compound->while->compound->coumpund_assign,1,cal,2,0.956,2,1
0.3,4,11,func_dec->compound->while->compound->if,2,control,4,0.978,2,1
x.2,5,11,func_dec->compound->while->compound->if->compound->coumpund_assign,2,cal,2,1.0,2,1
y.2,3,9,func_dec->compound->while,1,control,1,0.015,2,2
if.1,4,3,func_dec->compound->while->compound->if,2,control,4,0.03,2,2
0.3,4,11,func_dec->compound->while->compound->if,2,control,4,0.045,2,2
x.2,5,11,func_dec->compound->while->compound->if->compound->coumpund_assign,2,cal,2,0.061,2,2
!=.1_%.1,4,6,func_dec->compound->while->compound->if,2,control,4,0.076,2,2
0.2,3,11,func_dec->compound->while,1,control,1,0.091,2,2
y.3,4,6,func_dec->compound->while->compound->if,2,control,4,0.106,2,2
result.2,5,3,func_dec->compound->while->compound->if->compound->coumpund_assign,2,cal,2,0.121,2,2
y.3,4,6,func_dec->compound->while->compound->if,2,control,4,0.136,2,2
+=.1,5,3,func_dec->compound->while->compound->if->compound->coumpund_assign,2,cal,2,0.152,2,2
x.2,5,11,func_dec->compound->while->compound->if->compound->coumpund_assign,2,cal,2,0.167,2,2
0.3,4,11,func_dec->compound->while->compound->if,2,control,4,0.182,2,2
if.1,4,3,func_dec->compound->while->compound->if,2,control,4,0.197,2,2
0.2,3,11,func_dec->compound->while,1,control,1,0.212,2,2
2.1,4,8,func_dec->compound->while->compound->if,2,control,4,0.227,2,2
0.2,3,11,func_dec->compound->while,1,control,1,0.242,2,2
0.3,4,11,func_dec->compound->while->compound->if,2,control,4,0.258,2,2
+=.1,5,3,func_dec->compound->while->compound->if->compound->coumpund_assign,2,cal,2,0.273,2,2
2.1,4,8,func_dec->compound->while->compound->if,2,control,4,0.288,2,2
+=.1,5,3,func_dec->compound->while->compound->if->compound->coumpund_assign,2,cal,2,0.303,2,2
y.3,4,6,func_dec->compound->while->compound->if,2,control,4,0.318,2,2
result.2,5,3,func_dec->compound->while->compound->if->compound->coumpund_assign,2,cal,2,0.333,2,2
y.3,4,6,func_dec->compound->while->compound->if,2,control,4,0.348,2,2
result.2,5,3,func_dec->compound->while->compound->if->compound->coumpund_assign,2,cal,2,0.364,2,2
+=.1,5,3,func_dec->compound->while->compound->if->compound->coumpund_assign,2,cal,2,0.379,2,2
y.3,4,6,func_dec->compound->while->compound->if,2,control,4,0.394,2,2
0.1,2,14,func_dec->compound->dec->var_dec,0,dec,0,0.409,2,2
mysteryOp.1,1,5,func_dec,0,dec,1,0.424,2,2
result.1,2,7,func_dec->compound->dec->var_dec,0,dec,0,0.439,2,2
mysteryOp.1,1,5,func_dec,0,dec,1,0.455,2,2
2.1,4,8,func_dec->compound->while->compound->if,2,control,4,0.47,2,2
+=.1,5,3,func_dec->compound->while->compound->if->compound->coumpund_assign,2,cal,2,0.485,2,2
2.1,4,8,func_dec->compound->while->compound->if,2,control,4,0.5,2,2
x.2,5,11,func_dec->compound->while->compound->if->compound->coumpund_assign,2,cal,2,0.515,2,2
!=.1,4,6,func_dec->compound->while->compound->if,2,control,4,0.53,2,2
x.2,5,11,func_dec->compound->while->compound->if->compound->coumpund_assign,2,cal,2,0.545,2,2
!=.1_%.1,4,6,func_dec->compound->while->compound->if,2,control,4,0.561,2,2
!=.1,4,6,func_dec->compound->while->compound->if,2,control,4,0.576,2,2
x.2,5,11,func_dec->compound->while->compound->if->compound->coumpund_assign,2,cal,2,0.591,2,2
!=.1_%.1,4,6,func_dec->compound->while->compound->if,2,control,4,0.606,2,2
2.2,6,6,func_dec->compound->while->compound->coumpund_assign,1,cal,2,0.621,2,2
x.2,5,11,func_dec->compound->while->compound->if->compound->coumpund_assign,2,cal,2,0.636,2,2
x.3,6,3,func_dec->compound->while->compound->coumpund_assign,1,cal,2,0.652,2,2
x.2,5,11,func_dec->compound->while->compound->if->compound->coumpund_assign,2,cal,2,0.667,2,2
x.3,6,3,func_dec->compound->while->compound->coumpund_assign,1,cal,2,0.682,2,2
+=.1,5,3,func_dec->compound->while->compound->if->compound->coumpund_assign,2,cal,2,0.697,2,2
x.3,6,3,func_dec->compound->while->compound->coumpund_assign,1,cal,2,0.712,2,2
x.2,5,11,func_dec->compound->while->compound->if->compound->coumpund_assign,2,cal,2,0.727,2,2
0.3,4,11,func_dec->compound->while->compound->if,2,control,4,0.742,2,2
!=.1,4,6,func_dec->compound->while->compound->if,2,control,4,0.758,2,2
x.2,5,11,func_dec->compound->while->compound->if->compound->coumpund_assign,2,cal,2,0.773,2,2
!=.1,4,6,func_dec->compound->while->compound->if,2,control,4,0.788,2,2
x.2,5,11,func_dec->compound->while->compound->if->compound->coumpund_assign,2,cal,2,0.803,2,2
!=.1,4,6,func_dec->compound->while->compound->if,2,control,4,0.818,2,2
x.2,5,11,func_dec->compound->while->compound->if->compound->coumpund_assign,2,cal,2,0.833,2,2
0.3,4,11,func_dec->compound->while->compound->if,2,control,4,0.848,2,2
x.3,6,3,func_dec->compound->while->compound->coumpund_assign,1,cal,2,0.864,2,2
0.3,4,11,func_dec->compound->while->compound->if,2,control,4,0.879,2,2
!=.1,4,6,func_dec->compound->while->compound->if,2,control,4,0.894,2,2
+=.1,5,3,func_dec->compound->while->compound->if->compound->coumpund_assign,2,cal,2,0.909,2,2
0.3,4,11,func_dec->compound->while->compound->if,2,control,4,0.924,2,2
x.3,6,3,func_dec->compound->while->compound->coumpund_assign,1,cal,2,0.939,2,2
x.2,5,11,func_dec->compound->while->compound->if->compound->coumpund_assign,2,cal,2,0.955,2,2
!=.1,4,6,func_dec->compound->while->compound->if,2,control,4,0.97,2,2
result.2,5,3,func_dec->compound->while->compound->if->compound->coumpund_assign,2,cal,2,0.985,2,2
0.3_=.2,4,11,func_dec->compound->while->compound->if,2,control,4,1.0,2,2
2.3,7,6,func_dec->compound->while->compound->coumpund_assign,1,cal,2,0.056,2,4
!=.1_%.1,4,6,func_dec->compound->while->compound->if,2,control,4,0.111,2,4
y.3,4,6,func_dec->compound->while->compound->if,2,control,4,0.167,2,4
0.3,4,11,func_dec->compound->while->compound->if,2,control,4,0.222,2,4
x.3,6,3,func_dec->compound->while->compound->coumpund_assign,1,cal,2,0.278,2,4
result.2,5,3,func_dec->compound->while->compound->if->compound->coumpund_assign,2,cal,2,0.333,2,4
result.1,2,7,func_dec->compound->dec->var_dec,0,dec,0,0.389,2,4
+=.1,5,3,func_dec->compound->while->compound->if->compound->coumpund_assign,2,cal,2,0.444,2,4
x.2,5,11,func_dec->compound->while->compound->if->compound->coumpund_assign,2,cal,2,0.5,2,4
2.2,6,6,func_dec->compound->while->compound->coumpund_assign,1,cal,2,0.556,2,4
+=.1,5,3,func_dec->compound->while->compound->if->compound->coumpund_assign,2,cal,2,0.611,2,4
2.2,6,6,func_dec->compound->while->compound->coumpund_assign,1,cal,2,0.667,2,4
2.3,7,6,func_dec->compound->while->compound->coumpund_assign,1,cal,2,0.722,2,4
0.3,4,11,func_dec->compound->while->compound->if,2,control,4,0.778,2,4
x.3,6,3,func_dec->compound->while->compound->coumpund_assign,1,cal,2,0.833,2,4
2.2,6,6,func_dec->compound->while->compound->coumpund_assign,1,cal,2,0.889,2,4
x.2,5,11,func_dec->compound->while->compound->if->compound->coumpund_assign,2,cal,2,0.944,2,4
2.2,6,6,func_dec->compound->while->compound->coumpund_assign,1,cal,2,1.0,2,4
+=.1,5,3,func_dec->compound->while->compound->if->compound->coumpund_assign,2,cal,2,0.333,2,6
x.2,5,11,func_dec->compound->while->compound->if->compound->coumpund_assign,2,cal,2,0.667,2,6
x.3,6,3,func_dec->compound->while->compound->coumpund_assign,1,cal,2,1.0,2,6
!=.1,4,6,func_dec->compound->while->compound->if,2,control,4,0.008,2,7
mysteryOp.1,1,5,func_dec,0,dec,1,0.015,2,7
x.1,1,19,func_dec,0,dec,1,0.023,2,7
y.1,1,26,func_dec,0,dec,1,0.031,2,7
mysteryOp.1,1,5,func_dec,0,dec,1,0.038,2,7
x.1,1,19,func_dec,0,dec,1,0.046,2,7
0.1,2,14,func_dec->compound->dec->var_dec,0,dec,0,0.054,2,7
0.2,3,11,func_dec->compound->while,1,control,1,0.062,2,7
0.1,2,14,func_dec->compound->dec->var_dec,0,dec,0,0.069,2,7
x.1,1,19,func_dec,0,dec,1,0.077,2,7
y.1,1,26,func_dec,0,dec,1,0.085,2,7
mysteryOp.1,1,5,func_dec,0,dec,1,0.092,2,7
x.1,1,19,func_dec,0,dec,1,0.1,2,7
0.1,2,14,func_dec->compound->dec->var_dec,0,dec,0,0.108,2,7
x.1_int.3,1,19,func_dec,0,dec,1,0.115,2,7
2.1,4,8,func_dec->compound->while->compound->if,2,control,4,0.123,2,7
0.1,2,14,func_dec->compound->dec->var_dec,0,dec,0,0.131,2,7
x.1_int.3,1,19,func_dec,0,dec,1,0.138,2,7
0.3,4,11,func_dec->compound->while->compound->if,2,control,4,0.146,2,7
2.1,4,8,func_dec->compound->while->compound->if,2,control,4,0.154,2,7
x.1_int.3,1,19,func_dec,0,dec,1,0.162,2,7
x.1,1,19,func_dec,0,dec,1,0.169,2,7
x.2,5,11,func_dec->compound->while->compound->if->compound->coumpund_assign,2,cal,2,0.177,2,7
!=.1,4,6,func_dec->compound->while->compound->if,2,control,4,0.185,2,7
x.2,5,11,func_dec->compound->while->compound->if->compound->coumpund_assign,2,cal,2,0.192,2,7
0.2,3,11,func_dec->compound->while,1,control,1,0.2,2,7
2.1,4,8,func_dec->compound->while->compound->if,2,control,4,0.208,2,7
+=.1,5,3,func_dec->compound->while->compound->if->compound->coumpund_assign,2,cal,2,0.215,2,7
2.1,4,8,func_dec->compound->while->compound->if,2,control,4,0.223,2,7
!=.1,4,6,func_dec->compound->while->compound->if,2,control,4,0.231,2,7
x.2,5,11,func_dec->compound->while->compound->if->compound->coumpund_assign,2,cal,2,0.238,2,7
!=.1,4,6,func_dec->compound->while->compound->if,2,control,4,0.246,2,7
x.2,5,11,func_dec->compound->while->compound->if->compound->coumpund_assign,2,cal,2,0.254,2,7
!=.1,4,6,func_dec->compound->while->compound->if,2,control,4,0.262,2,7
x.2,5,11,func_dec->compound->while->compound->if->compound->coumpund_assign,2,cal,2,0.269,2,7
!=.1,4,6,func_dec->compound->while->compound->if,2,control,4,0.277,2,7
x.2,5,11,func_dec->compound->while->compound->if->compound->coumpund_assign,2,cal,2,0.285,2,7
!=.1,4,6,func_dec->compound->while->compound->if,2,control,4,0.292,2,7
x.2,5,11,func_dec->compound->while->compound->if->compound->coumpund_assign,2,cal,2,0.3,2,7
!=.1,4,6,func_dec->compound->while->compound->if,2,control,4,0.308,2,7
0.2,3,11,func_dec->compound->while,1,control,1,0.315,2,7
+=.1,5,3,func_dec->compound->while->compound->if->compound->coumpund_assign,2,cal,2,0.323,2,7
2.1,4,8,func_dec->compound->while->compound->if,2,control,4,0.331,2,7
+=.1,5,3,func_dec->compound->while->compound->if->compound->coumpund_assign,2,cal,2,0.338,2,7
2.3,7,6,func_dec->compound->while->compound->coumpund_assign,1,cal,2,0.346,2,7
0.2,3,11,func_dec->compound->while,1,control,1,0.354,2,7
0.1_=.1,2,14,func_dec->compound->dec->var_dec,0,dec,0,0.362,2,7
0.2,3,11,func_dec->compound->while,1,control,1,0.369,2,7
!=.1_%.1,4,6,func_dec->compound->while->compound->if,2,control,4,0.377,2,7
0.2,3,11,func_dec->compound->while,1,control,1,0.385,2,7
/=.1_/.1,7,3,func_dec->compound->while->compound->coumpund_assign,1,cal,2,0.392,2,7
x.1,1,19,func_dec,0,dec,1,0.4,2,7
x.1,1,19,func_dec,0,dec,1,0.408,2,7
0.1_=.1,2,14,func_dec->compound->dec->var_dec,0,dec,0,0.415,2,7
x.1,1,19,func_dec,0,dec,1,0.423,2,7
x.2,5,11,func_dec->compound->while->compound->if->compound->coumpund_assign,2,cal,2,0.431,2,7
!=.1,4,6,func_dec->compound->while->compound->if,2,control,4,0.438,2,7
x.1_int.3,1,19,func_dec,0,dec,1,0.446,2,7
y.1,1,26,func_dec,0,dec,1,0.454,2,7
0.1,2,14,func_dec->compound->dec->var_dec,0,dec,0,0.462,2,7
mysteryOp.1,1,5,func_dec,0,dec,1,0.469,2,7
x.1,1,19,func_dec,0,dec,1,0.477,2,7
y.1,1,26,func_dec,0,dec,1,0.485,2,7
y.1,1,26,func_dec,0,dec,1,0.492,2,7
!=.1,4,6,func_dec->compound->while->compound->if,2,control,4,0.5,2,7
x.2,5,11,func_dec->compound->while->compound->if->compound->coumpund_assign,2,cal,2,0.508,2,7
0.2,3,11,func_dec->compound->while,1,control,1,0.515,2,7
0.1,2,14,func_dec->compound->dec->var_dec,0,dec,0,0.523,2,7
!=.1,4,6,func_dec->compound->while->compound->if,2,control,4,0.531,2,7
x.1_int.3,1,19,func_dec,0,dec,1,0.538,2,7
0.1,2,14,func_dec->compound->dec->var_dec,0,dec,0,0.546,2,7
x.2,5,11,func_dec->compound->while->compound->if->compound->coumpund_assign,2,cal,2,0.554,2,7
!=.1,4,6,func_dec->compound->while->compound->if,2,control,4,0.562,2,7
0.1,2,14,func_dec->compound->dec->var_dec,0,dec,0,0.569,2,7
!=.1,4,6,func_dec->compound->while->compound->if,2,control,4,0.577,2,7
+=.1,5,3,func_dec->compound->while->compound->if->compound->coumpund_assign,2,cal,2,0.585,2,7
2.1,4,8,func_dec->compound->while->compound->if,2,control,4,0.592,2,7
+=.1,5,3,func_dec->compound->while->compound->if->compound->coumpund_assign,2,cal,2,0.6,2,7
0.2,3,11,func_dec->compound->while,1,control,1,0.608,2,7
!=.1,4,6,func_dec->compound->while->compound->if,2,control,4,0.615,2,7
x.2,5,11,func_dec->compound->while->compound->if->compound->coumpund_assign,2,cal,2,0.623,2,7
!=.1,4,6,func_dec->compound->while->compound->if,2,control,4,0.631,2,7
x.2,5,11,func_dec->compound->while->compound->if->compound->coumpund_assign,2,cal,2,0.638,2,7
!=.1,4,6,func_dec->compound->while->compound->if,2,control,4,0.646,2,7
2.1,4,8,func_dec->compound->while->compound->if,2,control,4,0.654,2,7
0.1,2,14,func_dec->compound->dec->var_dec,0,dec,0,0.662,2,7
x.1_int.3,1,19,func_dec,0,dec,1,0.669,2,7
0.1,2,14,func_dec->compound->dec->var_dec,0,dec,0,0.677,2,7
y.1,1,26,func_dec,0,dec,1,0.685,2,7
0.1,2,14,func_dec->compound->dec->var_dec,0,dec,0,0.692,2,7
x.1,1,19,func_dec,0,dec,1,0.7,2,7
2.1,4,8,func_dec->compound->while->compound->if,2,control,4,0.708,2,7
0.2,3,11,func_dec->compound->while,1,control,1,0.715,2,7
2.1,4,8,func_dec->compound->while->compound->if,2,control,4,0.723,2,7
0.2,3,11,func_dec->compound->while,1,control,1,0.731,2,7
!=.1_%.1,4,6,func_dec->compound->while->compound->if,2,control,4,0.738,2,7
0.2,3,11,func_dec->compound->while,1,control,1,0.746,2,7
!=.1_%.1,4,6,func_dec->compound->while->compound->if,2,control,4,0.754,2,7
0.2,3,11,func_dec->compound->while,1,control,1,0.762,2,7
!=.1,4,6,func_dec->compound->while->compound->if,2,control,4,0.769,2,7
x.2,5,11,func_dec->compound->while->compound->if->compound->coumpund_assign,2,cal,2,0.777,2,7
!=.1,4,6,func_dec->compound->while->compound->if,2,control,4,0.785,2,7
0.2,3,11,func_dec->compound->while,1,control,1,0.792,2,7
2.1,4,8,func_dec->compound->while->compound->if,2,control,4,0.8,2,7
y.1,1,26,func_dec,0,dec,1,0.808,2,7
!=.1,4,6,func_dec->compound->while->compound->if,2,control,4,0.815,2,7
x.2,5,11,func_dec->compound->while->compound->if->compound->coumpund_assign,2,cal,2,0.823,2,7
x.1,1,19,func_dec,0,dec,1,0.831,2,7
0.1,2,14,func_dec->compound->dec->var_dec,0,dec,0,0.838,2,7
x.1,1,19,func_dec,0,dec,1,0.846,2,7
2.1,4,8,func_dec->compound->while->compound->if,2,control,4,0.854,2,7
0.1,2,14,func_dec->compound->dec->var_dec,0,dec,0,0.862,2,7
x.2,5,11,func_dec->compound->while->compound->if->compound->coumpund_assign,2,cal,2,0.869,2,7
!=.1,4,6,func_dec->compound->while->compound->if,2,control,4,0.877,2,7
y.1,1,26,func_dec,0,dec,1,0.885,2,7
!=.1,4,6,func_dec->compound->while->compound->if,2,control,4,0.892,2,7
0.1,2,14,func_dec->compound->dec->var_dec,0,dec,0,0.9,2,7
!=.1,4,6,func_dec->compound->while->compound->if,2,control,4,0.908,2,7
x.1_int.3,1,19,func_dec,0,dec,1,0.915,2,7
!=.1,4,6,func_dec->compound->while->compound->if,2,control,4,0.923,2,7
x.1,1,19,func_dec,0,dec,1,0.931,2,7
!=.1,4,6,func_dec->compound->while->compound->if,2,control,4,0.938,2,7
x.1_int.3,1,19,func_dec,0,dec,1,0.946,2,7
y.1,1,26,func_dec,0,dec,1,0.954,2,7
!=.1,4,6,func_dec->compound->while->compound->if,2,control,4,0.962,2,7
x.2,5,11,func_dec->compound->while->compound->if->compound->coumpund_assign,2,cal,2,0.969,2,7
+=.1,5,3,func_dec->compound->while->compound->if->compound->coumpund_assign,2,cal,2,0.977,2,7
0.3,4,11,func_dec->compound->while->compound->if,2,control,4,0.985,2,7
result.1,2,7,func_dec->compound->dec->var_dec,0,dec,0,0.992,2,7
mysteryOp.1,1,5,func_dec,0,dec,1,1.0,2,7
!=.1_%.1,4,6,func_dec->compound->while->compound->if,2,control,4,0.018,2,9
x.1_int.3,1,19,func_dec,0,dec,1,0.036,2,9
mysteryOp.1,1,5,func_dec,0,dec,1,0.054,2,9
x.1,1,19,func_dec,0,dec,1,0.071,2,9
0.1,2,14,func_dec->compound->dec->var_dec,0,dec,0,0.089,2,9
result.1,2,7,func_dec->compound->dec->var_dec,0,dec,0,0.107,2,9
mysteryOp.1,1,5,func_dec,0,dec,1,0.125,2,9
!=.1,4,6,func_dec->compound->while->compound->if,2,control,4,0.143,2,9
x.1,1,19,func_dec,0,dec,1,0.161,2,9
!=.1,4,6,func_dec->compound->while->compound->if,2,control,4,0.179,2,9
0.1,2,14,func_dec->compound->dec->var_dec,0,dec,0,0.196,2,9
x.2,5,11,func_dec->compound->while->compound->if->compound->coumpund_assign,2,cal,2,0.214,2,9
x.1,1,19,func_dec,0,dec,1,0.232,2,9
mysteryOp.1,1,5,func_dec,0,dec,1,0.25,2,9
y.1,1,26,func_dec,0,dec,1,0.268,2,9
0.1,2,14,func_dec->compound->dec->var_dec,0,dec,0,0.286,2,9
x.1_int.3,1,19,func_dec,0,dec,1,0.304,2,9
0.3,4,11,func_dec->compound->while->compound->if,2,control,4,0.321,2,9
x.2,5,11,func_dec->compound->while->compound->if->compound->coumpund_assign,2,cal,2,0.339,2,9
!=.1,4,6,func_dec->compound->while->compound->if,2,control,4,0.357,2,9
0.3,4,11,func_dec->compound->while->compound->if,2,control,4,0.375,2,9
x.2,5,11,func_dec->compound->while->compound->if->compound->coumpund_assign,2,cal,2,0.393,2,9
0.3,4,11,func_dec->compound->while->compound->if,2,control,4,0.411,2,9
2.1,4,8,func_dec->compound->while->compound->if,2,control,4,0.429,2,9
x.2,5,11,func_dec->compound->while->compound->if->compound->coumpund_assign,2,cal,2,0.446,2,9
x.3,6,3,func_dec->compound->while->compound->coumpund_assign,1,cal,2,0.464,2,9
0.2,3,11,func_dec->compound->while,1,control,1,0.482,2,9
+=.1,5,3,func_dec->compound->while->compound->if->compound->coumpund_assign,2,cal,2,0.5,2,9
x.2,5,11,func_dec->compound->while->compound->if->compound->coumpund_assign,2,cal,2,0.518,2,9
x.3,6,3,func_dec->compound->while->compound->coumpund_assign,1,cal,2,0.536,2,9
0.3,4,11,func_dec->compound->while->compound->if,2,control,4,0.554,2,9
x.3,6,3,func_dec->compound->while->compound->coumpund_assign,1,cal,2,0.571,2,9
y.1,1,26,func_dec,0,dec,1,0.589,2,9
0.3,4,11,func_dec->compound->while->compound->if,2,control,4,0.607,2,9
y.1,1,26,func_dec,0,dec,1,0.625,2,9
0.3,4,11,func_dec->compound->while->compound->if,2,control,4,0.643,2,9
!=.1,4,6,func_dec->compound->while->compound->if,2,control,4,0.661,2,9
y.1,1,26,func_dec,0,dec,1,0.679,2,9
0.3,4,11,func_dec->compound->while->compound->if,2,control,4,0.696,2,9
!=.1,4,6,func_dec->compound->while->compound->if,2,control,4,0.714,2,9
0.2,3,11,func_dec->compound->while,1,control,1,0.732,2,9
2.1,4,8,func_dec->compound->while->compound->if,2,control,4,0.75,2,9
0.2,3,11,func_dec->compound->while,1,control,1,0.768,2,9
0.3,4,11,func_dec->compound->while->compound->if,2,control,4,0.786,2,9
x.1_int.3,1,19,func_dec,0,dec,1,0.804,2,9
0.3,4,11,func_dec->compound->while->compound->if,2,control,4,0.821,2,9
x.3,6,3,func_dec->compound->while->compound->coumpund_assign,1,cal,2,0.839,2,9
0.3,4,11,func_dec->compound->while->compound->if,2,control,4,0.857,2,9
x.3,6,3,func_dec->compound->while->compound->coumpund_assign,1,cal,2,0.875,2,9
x.1_int.3,1,19,func_dec,0,dec,1,0.893,2,9
y.1,1,26,func_dec,0,dec,1,0.911,2,9
x.2,5,11,func_dec->compound->while->compound->if->compound->coumpund_assign,2,cal,2,0.929,2,9
x.3,6,3,func_dec->compound->while->compound->coumpund_assign,1,cal,2,0.946,2,9
0.3,4,11,func_dec->compound->while->compound->if,2,control,4,0.964,2,9
x.3,6,3,func_dec->compound->while->compound->coumpund_assign,1,cal,2,0.982,2,9
0.3,4,11,func_dec->compound->while->compound->if,2,control,4,1.0,2,9
result.2,5,3,func_dec->compound->while->compound->if->compound->coumpund_assign,2,cal,2,0.062,2,10
if.1,4,3,func_dec->compound->while->compound->if,2,control,4,0.125,2,10
result.2,5,3,func_dec->compound->while->compound->if->compound->coumpund_assign,2,cal,2,0.188,2,10
if.1,4,3,func_dec->compound->while->compound->if,2,control,4,0.25,2,10
*=.1_*.1,6,3,func_dec->compound->while->compound->coumpund_assign,1,cal,2,0.312,2,10
x.2,5,11,func_dec->compound->while->compound->if->compound->coumpund_assign,2,cal,2,0.375,2,10
!=.1,4,6,func_dec->compound->while->compound->if,2,control,4,0.438,2,10
+=.1,5,3,func_dec->compound->while->compound->if->compound->coumpund_assign,2,cal,2,0.5,2,10
0.3_=.2,4,11,func_dec->compound->while->compound->if,2,control,4,0.562,2,10
result.2,5,3,func_dec->compound->while->compound->if->compound->coumpund_assign,2,cal,2,0.625,2,10
0.3_=.2,4,11,func_dec->compound->while->compound->if,2,control,4,0.688,2,10
x.3,6,3,func_dec->compound->while->compound->coumpund_assign,1,cal,2,0.75,2,10
0.3,4,11,func_dec->compound->while->compound->if,2,control,4,0.812,2,10
2.2,6,6,func_dec->compound->while->compound->coumpund_assign,1,cal,2,0.875,2,10
result.2,5,3,func_dec->compound->while->compound->if->compound->coumpund_assign,2,cal,2,0.938,2,10
2.2,6,6,func_dec->compound->while->compound->coumpund_assign,1,cal,2,1.0,2,10
x.1,1,19,func_dec,0,dec,1,0.025,2,22
x.2,5,11,func_dec->compound->while->compound->if->compound->coumpund_assign,2,cal,2,0.05,2,22
0.1,2,14,func_dec->compound->dec->var_dec,0,dec,0,0.075,2,22
!=.1,4,6,func_dec->compound->while->compound->if,2,control,4,0.1,2,22
0.1,2,14,func_dec->compound->dec->var_dec,0,dec,0,0.125,2,22
0.3,4,11,func_dec->compound->while->compound->if,2,control,4,0.15,2,22
x.3,6,3,func_dec->compound->while->compound->coumpund_assign,1,cal,2,0.175,2,22
0.3,4,11,func_dec->compound->while->compound->if,2,control,4,0.2,2,22
!=.1,4,6,func_dec->compound->while->compound->if,2,control,4,0.225,2,22
0.3,4,11,func_dec->compound->while->compound->if,2,control,4,0.25,2,22
2.1,4,8,func_dec->compound->while->compound->if,2,control,4,0.275,2,22
0.2,3,11,func_dec->compound->while,1,control,1,0.3,2,22
0.3,4,11,func_dec->compound->while->compound->if,2,control,4,0.325,2,22
!=.1,4,6,func_dec->compound->while->compound->if,2,control,4,0.35,2,22
x.2,5,11,func_dec->compound->while->compound->if->compound->coumpund_assign,2,cal,2,0.375,2,22
!=.1,4,6,func_dec->compound->while->compound->if,2,control,4,0.4,2,22
x.3,6,3,func_dec->compound->while->compound->coumpund_assign,1,cal,2,0.425,2,22
0.3,4,11,func_dec->compound->while->compound->if,2,control,4,0.45,2,22
x.3,6,3,func_dec->compound->while->compound->coumpund_assign,1,cal,2,0.475,2,22
0.3,4,11,func_dec->compound->while->compound->if,2,control,4,0.5,2,22
!=.1,4,6,func_dec->compound->while->compound->if,2,control,4,0.525,2,22
x.3,6,3,func_dec->compound->while->compound->coumpund_assign,1,cal,2,0.55,2,22
0.3,4,11,func_dec->compound->while->compound->if,2,control,4,0.575,2,22
0.2,3,11,func_dec->compound->while,1,control,1,0.6,2,22
!=.1,4,6,func_dec->compound->while->compound->if,2,control,4,0.625,2,22
2.1,4,8,func_dec->compound->while->compound->if,2,control,4,0.65,2,22
0.2,3,11,func_dec->compound->while,1,control,1,0.675,2,22
2.1,4,8,func_dec->compound->while->compound->if,2,control,4,0.7,2,22
0.2,3,11,func_dec->compound->while,1,control,1,0.725,2,22
2.1,4,8,func_dec->compound->while->compound->if,2,control,4,0.75,2,22
!=.1,4,6,func_dec->compound->while->compound->if,2,control,4,0.775,2,22
0.3,4,11,func_dec->compound->while->compound->if,2,control,4,0.8,2,22
!=.1,4,6,func_dec->compound->while->compound->if,2,control,4,0.825,2,22
x.2,5,11,func_dec->compound->while->compound->if->compound->coumpund_assign,2,cal,2,0.85,2,22
0.3,4,11,func_dec->compound->while->compound->if,2,control,4,0.875,2,22
x.2,5,11,func_dec->compound->while->compound->if->compound->coumpund_assign,2,cal,2,0.9,2,22
0.3,4,11,func_dec->compound->while->compound->if,2,control,4,0.925,2,22
x.3,6,3,func_dec->compound->while->compound->coumpund_assign,1,cal,2,0.95,2,22
x.2,5,11,func_dec->compound->while->compound->if->compound->coumpund_assign,2,cal,2,0.975,2,22
x.1_int.3,1,19,func_dec,0,dec,1,1.0,2,22
x.2,5,11,func_dec->compound->while->compound->if->compound->coumpund_assign,2,cal,2,0.037,2,23
x.3,6,3,func_dec->compound->while->compound->coumpund_assign,1,cal,2,0.074,2,23
2.1,4,8,func_dec->compound->while->compound->if,2,control,4,0.111,2,23
x.2,5,11,func_dec->compound->while->compound->if->compound->coumpund_assign,2,cal,2,0.148,2,23
0.3,4,11,func_dec->compound->while->compound->if,2,control,4,0.185,2,23
x.3,6,3,func_dec->compound->while->compound->coumpund_assign,1,cal,2,0.222,2,23
0.3,4,11,func_dec->compound->while->compound->if,2,control,4,0.259,2,23
x.3,6,3,func_dec->compound->while->compound->coumpund_assign,1,cal,2,0.296,2,23
2.1,4,8,func_dec->compound->while->compound->if,2,control,4,0.333,2,23
0.2,3,11,func_dec->compound->while,1,control,1,0.37,2,23
0.3,4,11,func_dec->compound->while->compound->if,2,control,4,0.407,2,23
x.3,6,3,func_dec->compound->while->compound->coumpund_assign,1,cal,2,0.444,2,23
!=.1,4,6,func_dec->compound->while->compound->if,2,control,4,0.481,2,23
0.1_=.1,2,14,func_dec->compound->dec->var_dec,0,dec,0,0.519,2,23
0.3,4,11,func_dec->compound->while->compound->if,2,control,4,0.556,2,23
+=.1,5,3,func_dec->compound->while->compound->if->compound->coumpund_assign,2,cal,2,0.593,2,23
x.2,5,11,func_dec->compound->while->compound->if->compound->coumpund_assign,2,cal,2,0.63,2,23
0.3,4,11,func_dec->compound->while->compound->if,2,control,4,0.667,2,23
x.3,6,3,func_dec->compound->while->compound->coumpund_assign,1,cal,2,0.704,2,23
0.3,4,11,func_dec->compound->while->compound->if,2,control,4,0.741,2,23
x.3,6,3,func_dec->compound->while->compound->coumpund_assign,1,cal,2,0.778,2,23
x.2,5,11,func_dec->compound->while->compound->if->compound->coumpund_assign,2,cal,2,0.815,2,23
0.3,4,11,func_dec->compound->while->compound->if,2,control,4,0.852,2,23
x.3,6,3,func_dec->compound->while->compound->coumpund_assign,1,cal,2,0.889,2,23
0.3,4,11,func_dec->compound->while->compound->if,2,control,4,0.926,2,23
x.3,6,3,func_dec->compound->while->compound->coumpund_assign,1,cal,2,0.963,2,23
0.3,4,11,func_dec->compound->while->compound->if,2,control,4,1.0,2,23
mysteryOp.1,1,5,func_dec,0,dec,1,0.002,2,25
0.1_=.1,2,14,func_dec->compound->dec->var_dec,0,dec,0,0.005,2,25
mysteryOp.1,1,5,func_dec,0,dec,1,0.007,2,25
mysteryOp.1,1,5,func_dec,0,dec,1,0.01,2,25
x.1,1,19,func_dec,0,dec,1,0.012,2,25
mysteryOp.1,1,5,func_dec,0,dec,1,0.015,2,25
>.1,3,9,func_dec->compound->while,1,control,1,0.017,2,25
0.1,2,14,func_dec->compound->dec->var_dec,0,dec,0,0.02,2,25
0.2,3,11,func_dec->compound->while,1,control,1,0.022,2,25
2.1,4,8,func_dec->compound->while->compound->if,2,control,4,0.025,2,25
0.2,3,11,func_dec->compound->while,1,control,1,0.027,2,25
!=.1,4,6,func_dec->compound->while->compound->if,2,control,4,0.029,2,25
0.3,4,11,func_dec->compound->while->compound->if,2,control,4,0.032,2,25
+=.1,5,3,func_dec->compound->while->compound->if->compound->coumpund_assign,2,cal,2,0.034,2,25
2.1,4,8,func_dec->compound->while->compound->if,2,control,4,0.037,2,25
+=.1,5,3,func_dec->compound->while->compound->if->compound->coumpund_assign,2,cal,2,0.039,2,25
!=.1,4,6,func_dec->compound->while->compound->if,2,control,4,0.042,2,25
>.1,3,9,func_dec->compound->while,1,control,1,0.044,2,25
0.1,2,14,func_dec->compound->dec->var_dec,0,dec,0,0.047,2,25
0.2,3,11,func_dec->compound->while,1,control,1,0.049,2,25
mysteryOp.1,1,5,func_dec,0,dec,1,0.052,2,25
0.1,2,14,func_dec->compound->dec->var_dec,0,dec,0,0.054,2,25
!=.1,4,6,func_dec->compound->while->compound->if,2,control,4,0.057,2,25
0.2,3,11,func_dec->compound->while,1,control,1,0.059,2,25
x.2,5,11,func_dec->compound->while->compound->if->compound->coumpund_assign,2,cal,2,0.061,2,25
0.3,4,11,func_dec->compound->while->compound->if,2,control,4,0.064,2,25
!=.1,4,6,func_dec->compound->while->compound->if,2,control,4,0.066,2,25
+=.1,5,3,func_dec->compound->while->compound->if->compound->coumpund_assign,2,cal,2,0.069,2,25
2.1,4,8,func_dec->compound->while->compound->if,2,control,4,0.071,2,25
+=.1,5,3,func_dec->compound->while->compound->if->compound->coumpund_assign,2,cal,2,0.074,2,25
0.3,4,11,func_dec->compound->while->compound->if,2,control,4,0.076,2,25
0.1,2,14,func_dec->compound->dec->var_dec,0,dec,0,0.079,2,25
x.1,1,19,func_dec,0,dec,1,0.081,2,25
0.1,2,14,func_dec->compound->dec->var_dec,0,dec,0,0.084,2,25
x.1_int.3,1,19,func_dec,0,dec,1,0.086,2,25
0.2,3,11,func_dec->compound->while,1,control,1,0.088,2,25
0.1,2,14,func_dec->compound->dec->var_dec,0,dec,0,0.091,2,25
0.2,3,11,func_dec->compound->while,1,control,1,0.093,2,25
2.1,4,8,func_dec->compound->while->compound->if,2,control,4,0.096,2,25
0.2,3,11,func_dec->compound->while,1,control,1,0.098,2,25
2.1,4,8,func_dec->compound->while->compound->if,2,control,4,0.101,2,25
0.2,3,11,func_dec->compound->while,1,control,1,0.103,2,25
x.3,6,3,func_dec->compound->while->compound->coumpund_assign,1,cal,2,0.106,2,25
0.3,4,11,func_dec->compound->while->compound->if,2,control,4,0.108,2,25
+=.1,5,3,func_dec->compound->while->compound->if->compound->coumpund_assign,2,cal,2,0.111,2,25
0.3_=.2,4,11,func_dec->compound->while->compound->if,2,control,4,0.113,2,25
2.2,6,6,func_dec->compound->while->compound->coumpund_assign,1,cal,2,0.115,2,25
2.3,7,6,func_dec->compound->while->compound->coumpund_assign,1,cal,2,0.118,2,25
2.2,6,6,func_dec->compound->while->compound->coumpund_assign,1,cal,2,0.12,2,25
result.1,2,7,func_dec->compound->dec->var_dec,0,dec,0,0.123,2,25
mysteryOp.1,1,5,func_dec,0,dec,1,0.125,2,25
result.2,5,3,func_dec->compound->while->compound->if->compound->coumpund_assign,2,cal,2,0.128,2,25
2.2,6,6,func_dec->compound->while->compound->coumpund_assign,1,cal,2,0.13,2,25
+=.1,5,3,func_dec->compound->while->compound->if->compound->coumpund_assign,2,cal,2,0.133,2,25
2.1,4,8,func_dec->compound->while->compound->if,2,control,4,0.135,2,25
2.2,6,6,func_dec->compound->while->compound->coumpund_assign,1,cal,2,0.138,2,25
y.3,4,6,func_dec->compound->while->compound->if,2,control,4,0.14,2,25
+=.1,5,3,func_dec->compound->while->compound->if->compound->coumpund_assign,2,cal,2,0.143,2,25
2.1,4,8,func_dec->compound->while->compound->if,2,control,4,0.145,2,25
x.3,6,3,func_dec->compound->while->compound->coumpund_assign,1,cal,2,0.147,2,25
0.3,4,11,func_dec->compound->while->compound->if,2,control,4,0.15,2,25
x.3,6,3,func_dec->compound->while->compound->coumpund_assign,1,cal,2,0.152,2,25
0.3,4,11,func_dec->compound->while->compound->if,2,control,4,0.155,2,25
x.3,6,3,func_dec->compound->while->compound->coumpund_assign,1,cal,2,0.157,2,25
0.3,4,11,func_dec->compound->while->compound->if,2,control,4,0.16,2,25
+=.1,5,3,func_dec->compound->while->compound->if->compound->coumpund_assign,2,cal,2,0.162,2,25
2.2,6,6,func_dec->compound->while->compound->coumpund_assign,1,cal,2,0.165,2,25
!=.1,4,6,func_dec->compound->while->compound->if,2,control,4,0.167,2,25
x.2,5,11,func_dec->compound->while->compound->if->compound->coumpund_assign,2,cal,2,0.17,2,25
0.3,4,11,func_dec->compound->while->compound->if,2,control,4,0.172,2,25
x.2,5,11,func_dec->compound->while->compound->if->compound->coumpund_assign,2,cal,2,0.174,2,25
2.2,6,6,func_dec->compound->while->compound->coumpund_assign,1,cal,2,0.177,2,25
2.3,7,6,func_dec->compound->while->compound->coumpund_assign,1,cal,2,0.179,2,25
2.2,6,6,func_dec->compound->while->compound->coumpund_assign,1,cal,2,0.182,2,25
+=.1,5,3,func_dec->compound->while->compound->if->compound->coumpund_assign,2,cal,2,0.184,2,25
0.3,4,11,func_dec->compound->while->compound->if,2,control,4,0.187,2,25
!=.1,4,6,func_dec->compound->while->compound->if,2,control,4,0.189,2,25
x.3,6,3,func_dec->compound->while->compound->coumpund_assign,1,cal,2,0.192,2,25
!=.1,4,6,func_dec->compound->while->compound->if,2,control,4,0.194,2,25
0.3,4,11,func_dec->compound->while->compound->if,2,control,4,0.197,2,25
+=.1,5,3,func_dec->compound->while->compound->if->compound->coumpund_assign,2,cal,2,0.199,2,25
x.2,5,11,func_dec->compound->while->compound->if->compound->coumpund_assign,2,cal,2,0.201,2,25
!=.1,4,6,func_dec->compound->while->compound->if,2,control,4,0.204,2,25
x.2,5,11,func_dec->compound->while->compound->if->compound->coumpund_assign,2,cal,2,0.206,2,25
+=.1,5,3,func_dec->compound->while->compound->if->compound->coumpund_assign,2,cal,2,0.209,2,25
!=.1_%.1,4,6,func_dec->compound->while->compound->if,2,control,4,0.211,2,25
+=.1,5,3,func_dec->compound->while->compound->if->compound->coumpund_assign,2,cal,2,0.214,2,25
!=.1_%.1,4,6,func_dec->compound->while->compound->if,2,control,4,0.216,2,25
0.2,3,11,func_dec->compound->while,1,control,1,0.219,2,25
0.3,4,11,func_dec->compound->while->compound->if,2,control,4,0.221,2,25
x.3,6,3,func_dec->compound->while->compound->coumpund_assign,1,cal,2,0.224,2,25
!=.1_%.1,4,6,func_dec->compound->while->compound->if,2,control,4,0.226,2,25
2.2,6,6,func_dec->compound->while->compound->coumpund_assign,1,cal,2,0.229,2,25
2.1,4,8,func_dec->compound->while->compound->if,2,control,4,0.231,2,25
+=.1,5,3,func_dec->compound->while->compound->if->compound->coumpund_assign,2,cal,2,0.233,2,25
2.1,4,8,func_dec->compound->while->compound->if,2,control,4,0.236,2,25
+=.1,5,3,func_dec->compound->while->compound->if->compound->coumpund_assign,2,cal,2,0.238,2,25
2.1,4,8,func_dec->compound->while->compound->if,2,control,4,0.241,2,25
2.2,6,6,func_dec->compound->while->compound->coumpund_assign,1,cal,2,0.243,2,25
+=.1,5,3,func_dec->compound->while->compound->if->compound->coumpund_assign,2,cal,2,0.246,2,25
!=.1,4,6,func_dec->compound->while->compound->if,2,control,4,0.248,2,25
x.1,1,19,func_dec,0,dec,1,0.251,2,25
y.1,1,26,func_dec,0,dec,1,0.253,2,25
0.2,3,11,func_dec->compound->while,1,control,1,0.256,2,25
+=.1,5,3,func_dec->compound->while->compound->if->compound->coumpund_assign,2,cal,2,0.258,2,25
2.1,4,8,func_dec->compound->while->compound->if,2,control,4,0.26,2,25
+=.1,5,3,func_dec->compound->while->compound->if->compound->coumpund_assign,2,cal,2,0.263,2,25
2.3,7,6,func_dec->compound->while->compound->coumpund_assign,1,cal,2,0.265,2,25
+=.1,5,3,func_dec->compound->while->compound->if->compound->coumpund_assign,2,cal,2,0.268,2,25
result.2,5,3,func_dec->compound->while->compound->if->compound->coumpund_assign,2,cal,2,0.27,2,25
2.1,4,8,func_dec->compound->while->compound->if,2,control,4,0.273,2,25
+=.1,5,3,func_dec->compound->while->compound->if->compound->coumpund_assign,2,cal,2,0.275,2,25
!=.1_%.1,4,6,func_dec->compound->while->compound->if,2,control,4,0.278,2,25
!=.1,4,6,func_dec->compound->while->compound->if,2,control,4,0.28,2,25
x.2,5,11,func_dec->compound->while->compound->if->compound->coumpund_assign,2,cal,2,0.283,2,25
!=.1,4,6,func_dec->compound->while->compound->if,2,control,4,0.285,2,25
result.2,5,3,func_dec->compound->while->compound->if->compound->coumpund_assign,2,cal,2,0.287,2,25
y.3,4,6,func_dec->compound->while->compound->if,2,control,4,0.29,2,25
!=.1,4,6,func_dec->compound->while->compound->if,2,control,4,0.292,2,25
x.1,1,19,func_dec,0,dec,1,0.295,2,25
x.2,5,11,func_dec->compound->while->compound->if->compound->coumpund_assign,2,cal,2,0.297,2,25
!=.1,4,6,func_dec->compound->while->compound->if,2,control,4,0.3,2,25
2.1,4,8,func_dec->compound->while->compound->if,2,control,4,0.302,2,25
+=.1,5,3,func_dec->compound->while->compound->if->compound->coumpund_assign,2,cal,2,0.305,2,25
2.1,4,8,func_dec->compound->while->compound->if,2,control,4,0.307,2,25
+=.1,5,3,func_dec->compound->while->compound->if->compound->coumpund_assign,2,cal,2,0.31,2,25
x.2,5,11,func_dec->compound->while->compound->if->compound->coumpund_assign,2,cal,2,0.312,2,25
!=.1,4,6,func_dec->compound->while->compound->if,2,control,4,0.314,2,25
0.2,3,11,func_dec->compound->while,1,control,1,0.317,2,25
!=.1_%.1,4,6,func_dec->compound->while->compound->if,2,control,4,0.319,2,25
0.2,3,11,func_dec->compound->while,1,control,1,0.322,2,25
!=.1,4,6,func_dec->compound->while->compound->if,2,control,4,0.324,2,25
x.2,5,11,func_dec->compound->while->compound->if->compound->coumpund_assign,2,cal,2,0.327,2,25
!=.1,4,6,func_dec->compound->while->compound->if,2,control,4,0.329,2,25
2.1,4,8,func_dec->compound->while->compound->if,2,control,4,0.332,2,25
+=.1,5,3,func_dec->compound->while->compound->if->compound->coumpund_assign,2,cal,2,0.334,2,25
0.1,2,14,func_dec->compound->dec->var_dec,0,dec,0,0.337,2,25
2.1,4,8,func_dec->compound->while->compound->if,2,control,4,0.339,2,25
result.2,5,3,func_dec->compound->while->compound->if->compound->coumpund_assign,2,cal,2,0.342,2,25
2.2,6,6,func_dec->compound->while->compound->coumpund_assign,1,cal,2,0.344,2,25
y.3,4,6,func_dec->compound->while->compound->if,2,control,4,0.346,2,25
+=.1,5,3,func_dec->compound->while->compound->if->compound->coumpund_assign,2,cal,2,0.349,2,25
!=.1_%.1,4,6,func_dec->compound->while->compound->if,2,control,4,0.351,2,25
mysteryOp.1,1,5,func_dec,0,dec,1,0.354,2,25
>.1,3,9,func_dec->compound->while,1,control,1,0.356,2,25
mysteryOp.1,1,5,func_dec,0,dec,1,0.359,2,25
!=.1,4,6,func_dec->compound->while->compound->if,2,control,4,0.361,2,25
0.1_=.1,2,14,func_dec->compound->dec->var_dec,0,dec,0,0.364,2,25
!=.1_%.1,4,6,func_dec->compound->while->compound->if,2,control,4,0.366,2,25
0.2,3,11,func_dec->compound->while,1,control,1,0.369,2,25
2.1,4,8,func_dec->compound->while->compound->if,2,control,4,0.371,2,25
0.2,3,11,func_dec->compound->while,1,control,1,0.373,2,25
mysteryOp.1,1,5,func_dec,0,dec,1,0.376,2,25
>.1,3,9,func_dec->compound->while,1,control,1,0.378,2,25
x.1,1,19,func_dec,0,dec,1,0.381,2,25
0.1,2,14,func_dec->compound->dec->var_dec,0,dec,0,0.383,2,25
0.2,3,11,func_dec->compound->while,1,control,1,0.386,2,25
!=.1,4,6,func_dec->compound->while->compound->if,2,control,4,0.388,2,25
0.2,3,11,func_dec->compound->while,1,control,1,0.391,2,25
2.1,4,8,func_dec->compound->while->compound->if,2,control,4,0.393,2,25
!=.1,4,6,func_dec->compound->while->compound->if,2,control,4,0.396,2,25
0.3,4,11,func_dec->compound->while->compound->if,2,control,4,0.398,2,25
!=.1,4,6,func_dec->compound->while->compound->if,2,control,4,0.4,2,25
0.3,4,11,func_dec->compound->while->compound->if,2,control,4,0.403,2,25
!=.1,4,6,func_dec->compound->while->compound->if,2,control,4,0.405,2,25
x.2,5,11,func_dec->compound->while->compound->if->compound->coumpund_assign,2,cal,2,0.408,2,25
!=.1,4,6,func_dec->compound->while->compound->if,2,control,4,0.41,2,25
x.2,5,11,func_dec->compound->while->compound->if->compound->coumpund_assign,2,cal,2,0.413,2,25
!=.1,4,6,func_dec->compound->while->compound->if,2,control,4,0.415,2,25
0.3,4,11,func_dec->compound->while->compound->if,2,control,4,0.418,2,25
!=.1,4,6,func_dec->compound->while->compound->if,2,control,4,0.42,2,25
0.3,4,11,func_dec->compound->while->compound->if,2,control,4,0.423,2,25
x.1_int.3,1,19,func_dec,0,dec,1,0.425,2,25
!=.1,4,6,func_dec->compound->while->compound->if,2,control,4,0.428,2,25
x.2,5,11,func_dec->compound->while->compound->if->compound->coumpund_assign,2,cal,2,0.43,2,25
!=.1,4,6,func_dec->compound->while->compound->if,2,control,4,0.432,2,25
x.2,5,11,func_dec->compound->while->compound->if->compound->coumpund_assign,2,cal,2,0.435,2,25
!=.1,4,6,func_dec->compound->while->compound->if,2,control,4,0.437,2,25
x.2,5,11,func_dec->compound->while->compound->if->compound->coumpund_assign,2,cal,2,0.44,2,25
!=.1,4,6,func_dec->compound->while->compound->if,2,control,4,0.442,2,25
x.2,5,11,func_dec->compound->while->compound->if->compound->coumpund_assign,2,cal,2,0.445,2,25
!=.1,4,6,func_dec->compound->while->compound->if,2,control,4,0.447,2,25
x.2,5,11,func_dec->compound->while->compound->if->compound->coumpund_assign,2,cal,2,0.45,2,25
x.3,6,3,func_dec->compound->while->compound->coumpund_assign,1,cal,2,0.452,2,25
+=.1,5,3,func_dec->compound->while->compound->if->compound->coumpund_assign,2,cal,2,0.455,2,25
0.2,3,11,func_dec->compound->while,1,control,1,0.457,2,25
+=.1,5,3,func_dec->compound->while->compound->if->compound->coumpund_assign,2,cal,2,0.459,2,25
2.2,6,6,func_dec->compound->while->compound->coumpund_assign,1,cal,2,0.462,2,25
+=.1,5,3,func_dec->compound->while->compound->if->compound->coumpund_assign,2,cal,2,0.464,2,25
x.2,5,11,func_dec->compound->while->compound->if->compound->coumpund_assign,2,cal,2,0.467,2,25
2.1,4,8,func_dec->compound->while->compound->if,2,control,4,0.469,2,25
!=.1,4,6,func_dec->compound->while->compound->if,2,control,4,0.472,2,25
0.3,4,11,func_dec->compound->while->compound->if,2,control,4,0.474,2,25
x.2,5,11,func_dec->compound->while->compound->if->compound->coumpund_assign,2,cal,2,0.477,2,25
0.3,4,11,func_dec->compound->while->compound->if,2,control,4,0.479,2,25
!=.1,4,6,func_dec->compound->while->compound->if,2,control,4,0.482,2,25
0.3,4,11,func_dec->compound->while->compound->if,2,control,4,0.484,2,25
!=.1,4,6,func_dec->compound->while->compound->if,2,control,4,0.486,2,25
x.2,5,11,func_dec->compound->while->compound->if->compound->coumpund_assign,2,cal,2,0.489,2,25
!=.1,4,6,func_dec->compound->while->compound->if,2,control,4,0.491,2,25
+=.1,5,3,func_dec->compound->while->compound->if->compound->coumpund_assign,2,cal,2,0.494,2,25
2.1,4,8,func_dec->compound->while->compound->if,2,control,4,0.496,2,25
+=.1,5,3,func_dec->compound->while->compound->if->compound->coumpund_assign,2,cal,2,0.499,2,25
!=.1,4,6,func_dec->compound->while->compound->if,2,control,4,0.501,2,25
x.1_int.3,1,19,func_dec,0,dec,1,0.504,2,25
0.1,2,14,func_dec->compound->dec->var_dec,0,dec,0,0.506,2,25
2.1,4,8,func_dec->compound->while->compound->if,2,control,4,0.509,2,25
+=.1,5,3,func_dec->compound->while->compound->if->compound->coumpund_assign,2,cal,2,0.511,2,25
2.1,4,8,func_dec->compound->while->compound->if,2,control,4,0.514,2,25
+=.1,5,3,func_dec->compound->while->compound->if->compound->coumpund_assign,2,cal,2,0.516,2,25
2.1,4,8,func_dec->compound->while->compound->if,2,control,4,0.518,2,25
0.2,3,11,func_dec->compound->while,1,control,1,0.521,2,25
0.3,4,11,func_dec->compound->while->compound->if,2,control,4,0.523,2,25
x.2,5,11,func_dec->compound->while->compound->if->compound->coumpund_assign,2,cal,2,0.526,2,25
!=.1,4,6,func_dec->compound->while->compound->if,2,control,4,0.528,2,25
x.2,5,11,func_dec->compound->while->compound->if->compound->coumpund_assign,2,cal,2,0.531,2,25
!=.1,4,6,func_dec->compound->while->compound->if,2,control,4,0.533,2,25
x.2,5,11,func_dec->compound->while->compound->if->compound->coumpund_assign,2,cal,2,0.536,2,25
0.3,4,11,func_dec->compound->while->compound->if,2,control,4,0.538,2,25
x.3,6,3,func_dec->compound->while->compound->coumpund_assign,1,cal,2,0.541,2,25
0.3,4,11,func_dec->compound->while->compound->if,2,control,4,0.543,2,25
+=.1,5,3,func_dec->compound->while->compound->if->compound->coumpund_assign,2,cal,2,0.545,2,25
2.2,6,6,func_dec->compound->while->compound->coumpund_assign,1,cal,2,0.548,2,25
result.2,5,3,func_dec->compound->while->compound->if->compound->coumpund_assign,2,cal,2,0.55,2,25
2.2,6,6,func_dec->compound->while->compound->coumpund_assign,1,cal,2,0.553,2,25
>.1,3,9,func_dec->compound->while,1,control,1,0.555,2,25
2.2,6,6,func_dec->compound->while->compound->coumpund_assign,1,cal,2,0.558,2,25
2.1,4,8,func_dec->compound->while->compound->if,2,control,4,0.56,2,25
0.3,4,11,func_dec->compound->while->compound->if,2,control,4,0.563,2,25
x.3,6,3,func_dec->compound->while->compound->coumpund_assign,1,cal,2,0.565,2,25
0.3,4,11,func_dec->compound->while->compound->if,2,control,4,0.568,2,25
x.2,5,11,func_dec->compound->while->compound->if->compound->coumpund_assign,2,cal,2,0.57,2,25
0.1_=.1,2,14,func_dec->compound->dec->var_dec,0,dec,0,0.572,2,25
mysteryOp.1,1,5,func_dec,0,dec,1,0.575,2,25
0.1_=.1,2,14,func_dec->compound->dec->var_dec,0,dec,0,0.577,2,25
mysteryOp.1,1,5,func_dec,0,dec,1,0.58,2,25
0.1_=.1,2,14,func_dec->compound->dec->var_dec,0,dec,0,0.582,2,25
x.2,5,11,func_dec->compound->while->compound->if->compound->coumpund_assign,2,cal,2,0.585,2,25
+=.1,5,3,func_dec->compound->while->compound->if->compound->coumpund_assign,2,cal,2,0.587,2,25
2.1,4,8,func_dec->compound->while->compound->if,2,control,4,0.59,2,25
+=.1,5,3,func_dec->compound->while->compound->if->compound->coumpund_assign,2,cal,2,0.592,2,25
0.1,2,14,func_dec->compound->dec->var_dec,0,dec,0,0.595,2,25
2.3,7,6,func_dec->compound->while->compound->coumpund_assign,1,cal,2,0.597,2,25
2.2,6,6,func_dec->compound->while->compound->coumpund_assign,1,cal,2,0.6,2,25
2.3,7,6,func_dec->compound->while->compound->coumpund_assign,1,cal,2,0.602,2,25
!=.1_%.1,4,6,func_dec->compound->while->compound->if,2,control,4,0.604,2,25
>.1,3,9,func_dec->compound->while,1,control,1,0.607,2,25
0.3,4,11,func_dec->compound->while->compound->if,2,control,4,0.609,2,25
x.3,6,3,func_dec->compound->while->compound->coumpund_assign,1,cal,2,0.612,2,25
0.3,4,11,func_dec->compound->while->compound->if,2,control,4,0.614,2,25
x.2,5,11,func_dec->compound->while->compound->if->compound->coumpund_assign,2,cal,2,0.617,2,25
+=.1,5,3,func_dec->compound->while->compound->if->compound->coumpund_assign,2,cal,2,0.619,2,25
x.2,5,11,func_dec->compound->while->compound->if->compound->coumpund_assign,2,cal,2,0.622,2,25
!=.1,4,6,func_dec->compound->while->compound->if,2,control,4,0.624,2,25
+=.1,5,3,func_dec->compound->while->compound->if->compound->coumpund_assign,2,cal,2,0.627,2,25
x.3,6,3,func_dec->compound->while->compound->coumpund_assign,1,cal,2,0.629,2,25
0.3,4,11,func_dec->compound->while->compound->if,2,control,4,0.631,2,25
x.3,6,3,func_dec->compound->while->compound->coumpund_assign,1,cal,2,0.634,2,25
!=.1,4,6,func_dec->compound->while->compound->if,2,control,4,0.636,2,25
y.1,1,26,func_dec,0,dec,1,0.639,2,25
2.1,4,8,func_dec->compound->while->compound->if,2,control,4,0.641,2,25
+=.1,5,3,func_dec->compound->while->compound->if->compound->coumpund_assign,2,cal,2,0.644,2,25
x.1,1,19,func_dec,0,dec,1,0.646,2,25
mysteryOp.1,1,5,func_dec,0,dec,1,0.649,2,25
0.1_=.1,2,14,func_dec->compound->dec->var_dec,0,dec,0,0.651,2,25
+=.1,5,3,func_dec->compound->while->compound->if->compound->coumpund_assign,2,cal,2,0.654,2,25
x.2,5,11,func_dec->compound->while->compound->if->compound->coumpund_assign,2,cal,2,0.656,2,25
2.2,6,6,func_dec->compound->while->compound->coumpund_assign,1,cal,2,0.658,2,25
result.2,5,3,func_dec->compound->while->compound->if->compound->coumpund_assign,2,cal,2,0.661,2,25
!=.1_%.1,4,6,func_dec->compound->while->compound->if,2,control,4,0.663,2,25
0.2,3,11,func_dec->compound->while,1,control,1,0.666,2,25
!=.1,4,6,func_dec->compound->while->compound->if,2,control,4,0.668,2,25
0.1,2,14,func_dec->compound->dec->var_dec,0,dec,0,0.671,2,25
!=.1,4,6,func_dec->compound->while->compound->if,2,control,4,0.673,2,25
x.2,5,11,func_dec->compound->while->compound->if->compound->coumpund_assign,2,cal,2,0.676,2,25
!=.1,4,6,func_dec->compound->while->compound->if,2,control,4,0.678,2,25
x.3,6,3,func_dec->compound->while->compound->coumpund_assign,1,cal,2,0.681,2,25
!=.1,4,6,func_dec->compound->while->compound->if,2,control,4,0.683,2,25
x.2,5,11,func_dec->compound->while->compound->if->compound->coumpund_assign,2,cal,2,0.686,2,25
!=.1,4,6,func_dec->compound->while->compound->if,2,control,4,0.688,2,25
0.3,4,11,func_dec->compound->while->compound->if,2,control,4,0.69,2,25
!=.1,4,6,func_dec->compound->while->compound->if,2,control,4,0.693,2,25
x.2,5,11,func_dec->compound->while->compound->if->compound->coumpund_assign,2,cal,2,0.695,2,25
!=.1,4,6,func_dec->compound->while->compound->if,2,control,4,0.698,2,25
x.2,5,11,func_dec->compound->while->compound->if->compound->coumpund_assign,2,cal,2,0.7,2,25
+=.1,5,3,func_dec->compound->while->compound->if->compound->coumpund_assign,2,cal,2,0.703,2,25
2.1,4,8,func_dec->compound->while->compound->if,2,control,4,0.705,2,25
+=.1,5,3,func_dec->compound->while->compound->if->compound->coumpund_assign,2,cal,2,0.708,2,25
2.1,4,8,func_dec->compound->while->compound->if,2,control,4,0.71,2,25
0.2,3,11,func_dec->compound->while,1,control,1,0.713,2,25
+=.1,5,3,func_dec->compound->while->compound->if->compound->coumpund_assign,2,cal,2,0.715,2,25
0.2,3,11,func_dec->compound->while,1,control,1,0.717,2,25
2.3,7,6,func_dec->compound->while->compound->coumpund_assign,1,cal,2,0.72,2,25
+=.1,5,3,func_dec->compound->while->compound->if->compound->coumpund_assign,2,cal,2,0.722,2,25
2.2,6,6,func_dec->compound->while->compound->coumpund_assign,1,cal,2,0.725,2,25
+=.1,5,3,func_dec->compound->while->compound->if->compound->coumpund_assign,2,cal,2,0.727,2,25
2.2,6,6,func_dec->compound->while->compound->coumpund_assign,1,cal,2,0.73,2,25
y.3,4,6,func_dec->compound->while->compound->if,2,control,4,0.732,2,25
result.2,5,3,func_dec->compound->while->compound->if->compound->coumpund_assign,2,cal,2,0.735,2,25
y.3,4,6,func_dec->compound->while->compound->if,2,control,4,0.737,2,25
2.1,4,8,func_dec->compound->while->compound->if,2,control,4,0.74,2,25
0.1,2,14,func_dec->compound->dec->var_dec,0,dec,0,0.742,2,25
0.3,4,11,func_dec->compound->while->compound->if,2,control,4,0.744,2,25
2.2,6,6,func_dec->compound->while->compound->coumpund_assign,1,cal,2,0.747,2,25
result.2,5,3,func_dec->compound->while->compound->if->compound->coumpund_assign,2,cal,2,0.749,2,25
!=.1,4,6,func_dec->compound->while->compound->if,2,control,4,0.752,2,25
x.2,5,11,func_dec->compound->while->compound->if->compound->coumpund_assign,2,cal,2,0.754,2,25
!=.1,4,6,func_dec->compound->while->compound->if,2,control,4,0.757,2,25
2.2,6,6,func_dec->compound->while->compound->coumpund_assign,1,cal,2,0.759,2,25
2.3,7,6,func_dec->compound->while->compound->coumpund_assign,1,cal,2,0.762,2,25
2.2,6,6,func_dec->compound->while->compound->coumpund_assign,1,cal,2,0.764,2,25
2.3,7,6,func_dec->compound->while->compound->coumpund_assign,1,cal,2,0.767,2,25
2.2,6,6,func_dec->compound->while->compound->coumpund_assign,1,cal,2,0.769,2,25
2.3,7,6,func_dec->compound->while->compound->coumpund_assign,1,cal,2,0.771,2,25
2.2,6,6,func_dec->compound->while->compound->coumpund_assign,1,cal,2,0.774,2,25
2.1,4,8,func_dec->compound->while->compound->if,2,control,4,0.776,2,25
!=.1,4,6,func_dec->compound->while->compound->if,2,control,4,0.779,2,25
2.1,4,8,func_dec->compound->while->compound->if,2,control,4,0.781,2,25
!=.1,4,6,func_dec->compound->while->compound->if,2,control,4,0.784,2,25
0.3,4,11,func_dec->compound->while->compound->if,2,control,4,0.786,2,25
!=.1,4,6,func_dec->compound->while->compound->if,2,control,4,0.789,2,25
0.3,4,11,func_dec->compound->while->compound->if,2,control,4,0.791,2,25
x.3,6,3,func_dec->compound->while->compound->coumpund_assign,1,cal,2,0.794,2,25
0.3,4,11,func_dec->compound->while->compound->if,2,control,4,0.796,2,25
2.1,4,8,func_dec->compound->while->compound->if,2,control,4,0.799,2,25
+=.1,5,3,func_dec->compound->while->compound->if->compound->coumpund_assign,2,cal,2,0.801,2,25
0.3,4,11,func_dec->compound->while->compound->if,2,control,4,0.803,2,25
2.1,4,8,func_dec->compound->while->compound->if,2,control,4,0.806,2,25
0.2,3,11,func_dec->compound->while,1,control,1,0.808,2,25
2.1,4,8,func_dec->compound->while->compound->if,2,control,4,0.811,2,25
+=.1,5,3,func_dec->compound->while->compound->if->compound->coumpund_assign,2,cal,2,0.813,2,25
2.1,4,8,func_dec->compound->while->compound->if,2,control,4,0.816,2,25
+=.1,5,3,func_dec->compound->while->compound->if->compound->coumpund_assign,2,cal,2,0.818,2,25
0.2,3,11,func_dec->compound->while,1,control,1,0.821,2,25
+=.1,5,3,func_dec->compound->while->compound->if->compound->coumpund_assign,2,cal,2,0.823,2,25
!=.1,4,6,func_dec->compound->while->compound->if,2,control,4,0.826,2,25
x.2,5,11,func_dec->compound->while->compound->if->compound->coumpund_assign,2,cal,2,0.828,2,25
!=.1,4,6,func_dec->compound->while->compound->if,2,control,4,0.83,2,25
x.2,5,11,func_dec->compound->while->compound->if->compound->coumpund_assign,2,cal,2,0.833,2,25
mysteryOp.1,1,5,func_dec,0,dec,1,0.835,2,25
>.1,3,9,func_dec->compound->while,1,control,1,0.838,2,25
mysteryOp.1,1,5,func_dec,0,dec,1,0.84,2,25
0.1,2,14,func_dec->compound->dec->var_dec,0,dec,0,0.843,2,25
0.2,3,11,func_dec->compound->while,1,control,1,0.845,2,25
0.1,2,14,func_dec->compound->dec->var_dec,0,dec,0,0.848,2,25
0.3,4,11,func_dec->compound->while->compound->if,2,control,4,0.85,2,25
!=.1,4,6,func_dec->compound->while->compound->if,2,control,4,0.853,2,25
0.3,4,11,func_dec->compound->while->compound->if,2,control,4,0.855,2,25
x.2,5,11,func_dec->compound->while->compound->if->compound->coumpund_assign,2,cal,2,0.857,2,25
+=.1,5,3,func_dec->compound->while->compound->if->compound->coumpund_assign,2,cal,2,0.86,2,25
x.2,5,11,func_dec->compound->while->compound->if->compound->coumpund_assign,2,cal,2,0.862,2,25
!=.1,4,6,func_dec->compound->while->compound->if,2,control,4,0.865,2,25
x.2,5,11,func_dec->compound->while->compound->if->compound->coumpund_assign,2,cal,2,0.867,2,25
2.1,4,8,func_dec->compound->while->compound->if,2,control,4,0.87,2,25
+=.1,5,3,func_dec->compound->while->compound->if->compound->coumpund_assign,2,cal,2,0.872,2,25
2.1,4,8,func_dec->compound->while->compound->if,2,control,4,0.875,2,25
0.3,4,11,func_dec->compound->while->compound->if,2,control,4,0.877,2,25
x.3,6,3,func_dec->compound->while->compound->coumpund_assign,1,cal,2,0.88,2,25
2.2,6,6,func_dec->compound->while->compound->coumpund_assign,1,cal,2,0.882,2,25
!=.1_%.1,4,6,func_dec->compound->while->compound->if,2,control,4,0.885,2,25
x.3,6,3,func_dec->compound->while->compound->coumpund_assign,1,cal,2,0.887,2,25
0.3,4,11,func_dec->compound->while->compound->if,2,control,4,0.889,2,25
+=.1,5,3,func_dec->compound->while->compound->if->compound->coumpund_assign,2,cal,2,0.892,2,25
2.1,4,8,func_dec->compound->while->compound->if,2,control,4,0.894,2,25
+=.1,5,3,func_dec->compound->while->compound->if->compound->coumpund_assign,2,cal,2,0.897,2,25
2.1,4,8,func_dec->compound->while->compound->if,2,control,4,0.899,2,25
+=.1,5,3,func_dec->compound->while->compound->if->compound->coumpund_assign,2,cal,2,0.902,2,25
0.3,4,11,func_dec->compound->while->compound->if,2,control,4,0.904,2,25
y.1,1,26,func_dec,0,dec,1,0.907,2,25
0.2,3,11,func_dec->compound->while,1,control,1,0.909,2,25
+=.1,5,3,func_dec->compound->while->compound->if->compound->coumpund_assign,2,cal,2,0.912,2,25
!=.1_%.1,4,6,func_dec->compound->while->compound->if,2,control,4,0.914,2,25
2.2,6,6,func_dec->compound->while->compound->coumpund_assign,1,cal,2,0.916,2,25
+=.1,5,3,func_dec->compound->while->compound->if->compound->coumpund_assign,2,cal,2,0.919,2,25
result.2,5,3,func_dec->compound->while->compound->if->compound->coumpund_assign,2,cal,2,0.921,2,25
2.2,6,6,func_dec->compound->while->compound->coumpund_assign,1,cal,2,0.924,2,25
x.2,5,11,func_dec->compound->while->compound->if->compound->coumpund_assign,2,cal,2,0.926,2,25
!=.1,4,6,func_dec->compound->while->compound->if,2,control,4,0.929,2,25
x.2,5,11,func_dec->compound->while->compound->if->compound->coumpund_assign,2,cal,2,0.931,2,25
0.1,2,14,func_dec->compound->dec->var_dec,0,dec,0,0.934,2,25
x.1,1,19,func_dec,0,dec,1,0.936,2,25
x.2,5,11,func_dec->compound->while->compound->if->compound->coumpund_assign,2,cal,2,0.939,2,25
!=.1,4,6,func_dec->compound->while->compound->if,2,control,4,0.941,2,25
x.2,5,11,func_dec->compound->while->compound->if->compound->coumpund_assign,2,cal,2,0.943,2,25
2.1,4,8,func_dec->compound->while->compound->if,2,control,4,0.946,2,25
+=.1,5,3,func_dec->compound->while->compound->if->compound->coumpund_assign,2,cal,2,0.948,2,25
0.3,4,11,func_dec->compound->while->compound->if,2,control,4,0.951,2,25
x.2,5,11,func_dec->compound->while->compound->if->compound->coumpund_assign,2,cal,2,0.953,2,25
!=.1,4,6,func_dec->compound->while->compound->if,2,control,4,0.956,2,25
0.3,4,11,func_dec->compound->while->compound->if,2,control,4,0.958,2,25
!=.1,4,6,func_dec->compound->while->compound->if,2,control,4,0.961,2,25
x.2,5,11,func_dec->compound->while->compound->if->compound->coumpund_assign,2,cal,2,0.963,2,25
!=.1,4,6,func_dec->compound->while->compound->if,2,control,4,0.966,2,25
+=.1,5,3,func_dec->compound->while->compound->if->compound->coumpund_assign,2,cal,2,0.968,2,25
2.1,4,8,func_dec->compound->while->compound->if,2,control,4,0.971,2,25
x.3,6,3,func_dec->compound->while->compound->coumpund_assign,1,cal,2,0.973,2,25
x.2,5,11,func_dec->compound->while->compound->if->compound->coumpund_assign,2,cal,2,0.975,2,25
!=.1,4,6,func_dec->compound->while->compound->if,2,control,4,0.978,2,25
x.2,5,11,func_dec->compound->while->compound->if->compound->coumpund_assign,2,cal,2,0.98,2,25
2.3,7,6,func_dec->compound->while->compound->coumpund_assign,1,cal,2,0.983,2,25
2.2,6,6,func_dec->compound->while->compound->coumpund_assign,1,cal,2,0.985,2,25
2.3,7,6,func_dec->compound->while->compound->coumpund_assign,1,cal,2,0.988,2,25
+=.1,5,3,func_dec->compound->while->compound->if->compound->coumpund_assign,2,cal,2,0.99,2,25
2.1,4,8,func_dec->compound->while->compound->if,2,control,4,0.993,2,25
+=.1,5,3,func_dec->compound->while->compound->if->compound->coumpund_assign,2,cal,2,0.995,2,25
x.2,5,11,func_dec->compound->while->compound->if->compound->coumpund_assign,2,cal,2,0.998,2,25
!=.1,4,6,func_dec->compound->while->compound->if,2,control,4,1.0,2,25
0.3_=.2,4,11,func_dec->compound->while->compound->if,2,control,4,0.333,2,27
y.4,7,3,func_dec->compound->while->compound->coumpund_assign,1,cal,2,0.667,2,27
*=.1_*.1,6,3,func_dec->compound->while->compound->coumpund_assign,1,cal,2,1.0,2,27
result.2,5,3,func_dec->compound->while->compound->if->compound->coumpund_assign,2,cal,2,0.2,2,28
0.3,4,11,func_dec->compound->while->compound->if,2,control,4,0.4,2,28
y.3,4,6,func_dec->compound->while->compound->if,2,control,4,0.6,2,28
x.3,6,3,func_dec->compound->while->compound->coumpund_assign,1,cal,2,0.8,2,28
x.2,5,11,func_dec->compound->while->compound->if->compound->coumpund_assign,2,cal,2,1.0,2,28
>.1,3,9,func_dec->compound->while,1,control,1,0.029,2,33
2.1,4,8,func_dec->compound->while->compound->if,2,control,4,0.059,2,33
0.3,4,11,func_dec->compound->while->compound->if,2,control,4,0.088,2,33
x.3,6,3,func_dec->compound->while->compound->coumpund_assign,1,cal,2,0.118,2,33
2.2,6,6,func_dec->compound->while->compound->coumpund_assign,1,cal,2,0.147,2,33
result.2,5,3,func_dec->compound->while->compound->if->compound->coumpund_assign,2,cal,2,0.176,2,33
2.2,6,6,func_dec->compound->while->compound->coumpund_assign,1,cal,2,0.206,2,33
result.2,5,3,func_dec->compound->while->compound->if->compound->coumpund_assign,2,cal,2,0.235,2,33
x.2,5,11,func_dec->compound->while->compound->if->compound->coumpund_assign,2,cal,2,0.265,2,33
result.2,5,3,func_dec->compound->while->compound->if->compound->coumpund_assign,2,cal,2,0.294,2,33
0.3,4,11,func_dec->compound->while->compound->if,2,control,4,0.324,2,33
x.2,5,11,func_dec->compound->while->compound->if->compound->coumpund_assign,2,cal,2,0.353,2,33
+=.1,5,3,func_dec->compound->while->compound->if->compound->coumpund_assign,2,cal,2,0.382,2,33
2.2,6,6,func_dec->compound->while->compound->coumpund_assign,1,cal,2,0.412,2,33
!=.1,4,6,func_dec->compound->while->compound->if,2,control,4,0.441,2,33
+=.1,5,3,func_dec->compound->while->compound->if->compound->coumpund_assign,2,cal,2,0.471,2,33
2.2,6,6,func_dec->compound->while->compound->coumpund_assign,1,cal,2,0.5,2,33
+=.1,5,3,func_dec->compound->while->compound->if->compound->coumpund_assign,2,cal,2,0.529,2,33
x.2,5,11,func_dec->compound->while->compound->if->compound->coumpund_assign,2,cal,2,0.559,2,33
+=.1,5,3,func_dec->compound->while->compound->if->compound->coumpund_assign,2,cal,2,0.588,2,33
!=.1,4,6,func_dec->compound->while->compound->if,2,control,4,0.618,2,33
2.2,6,6,func_dec->compound->while->compound->coumpund_assign,1,cal,2,0.647,2,33
x.3,6,3,func_dec->compound->while->compound->coumpund_assign,1,cal,2,0.676,2,33
2.1,4,8,func_dec->compound->while->compound->if,2,control,4,0.706,2,33
+=.1,5,3,func_dec->compound->while->compound->if->compound->coumpund_assign,2,cal,2,0.735,2,33
2.3,7,6,func_dec->compound->while->compound->coumpund_assign,1,cal,2,0.765,2,33
0.3,4,11,func_dec->compound->while->compound->if,2,control,4,0.794,2,33
+=.1,5,3,func_dec->compound->while->compound->if->compound->coumpund_assign,2,cal,2,0.824,2,33
x.2,5,11,func_dec->compound->while->compound->if->compound->coumpund_assign,2,cal,2,0.853,2,33
x.3,6,3,func_dec->compound->while->compound->coumpund_assign,1,cal,2,0.882,2,33
+=.1,5,3,func_dec->compound->while->compound->if->compound->coumpund_assign,2,cal,2,0.912,2,33
!=.1_%.1,4,6,func_dec->compound->while->compound->if,2,control,4,0.941,2,33
2.2,6,6,func_dec->compound->while->compound->coumpund_assign,1,cal,2,0.971,2,33
x.3,6,3,func_dec->compound->while->compound->coumpund_assign,1,cal,2,1.0,2,33
+=.1,5,3,func_dec->compound->while->compound->if->compound->coumpund_assign,2,cal,2,0.017,2,35
2.1,4,8,func_dec->compound->while->compound->if,2,control,4,0.034,2,35
while.1,3,3,func_dec->compound->while,1,control,1,0.052,2,35
result.1,2,7,func_dec->compound->dec->var_dec,0,dec,0,0.069,2,35
y.2,3,9,func_dec->compound->while,1,control,1,0.086,2,35
0.1_=.1,2,14,func_dec->compound->dec->var_dec,0,dec,0,0.103,2,35
x.1_int.3,1,19,func_dec,0,dec,1,0.121,2,35
+=.1,5,3,func_dec->compound->while->compound->if->compound->coumpund_assign,2,cal,2,0.138,2,35
0.3,4,11,func_dec->compound->while->compound->if,2,control,4,0.155,2,35
+=.1,5,3,func_dec->compound->while->compound->if->compound->coumpund_assign,2,cal,2,0.172,2,35
x.2,5,11,func_dec->compound->while->compound->if->compound->coumpund_assign,2,cal,2,0.19,2,35
+=.1,5,3,func_dec->compound->while->compound->if->compound->coumpund_assign,2,cal,2,0.207,2,35
result.2,5,3,func_dec->compound->while->compound->if->compound->coumpund_assign,2,cal,2,0.224,2,35
x.2,5,11,func_dec->compound->while->compound->if->compound->coumpund_assign,2,cal,2,0.241,2,35
+=.1,5,3,func_dec->compound->while->compound->if->compound->coumpund_assign,2,cal,2,0.259,2,35
result.1,2,7,func_dec->compound->dec->var_dec,0,dec,0,0.276,2,35
y.2,3,9,func_dec->compound->while,1,control,1,0.293,2,35
result.1,2,7,func_dec->compound->dec->var_dec,0,dec,0,0.31,2,35
if.1,4,3,func_dec->compound->while->compound->if,2,control,4,0.328,2,35
result.1_int.4,2,7,func_dec->compound->dec->var_dec,0,dec,0,0.345,2,35
while.1,3,3,func_dec->compound->while,1,control,1,0.362,2,35
0.1,2,14,func_dec->compound->dec->var_dec,0,dec,0,0.379,2,35
x.3,6,3,func_dec->compound->while->compound->coumpund_assign,1,cal,2,0.397,2,35
!=.1,4,6,func_dec->compound->while->compound->if,2,control,4,0.414,2,35
0.3,4,11,func_dec->compound->while->compound->if,2,control,4,0.431,2,35
+=.1,5,3,func_dec->compound->while->compound->if->compound->coumpund_assign,2,cal,2,0.448,2,35
x.3,6,3,func_dec->compound->while->compound->coumpund_assign,1,cal,2,0.466,2,35
x.2,5,11,func_dec->compound->while->compound->if->compound->coumpund_assign,2,cal,2,0.483,2,35
2.2,6,6,func_dec->compound->while->compound->coumpund_assign,1,cal,2,0.5,2,35
x.3,6,3,func_dec->compound->while->compound->coumpund_assign,1,cal,2,0.517,2,35
while.1,3,3,func_dec->compound->while,1,control,1,0.534,2,35
result.1_int.4,2,7,func_dec->compound->dec->var_dec,0,dec,0,0.552,2,35
!=.1,4,6,func_dec->compound->while->compound->if,2,control,4,0.569,2,35
0.2,3,11,func_dec->compound->while,1,control,1,0.586,2,35
!=.1,4,6,func_dec->compound->while->compound->if,2,control,4,0.603,2,35
x.2,5,11,func_dec->compound->while->compound->if->compound->coumpund_assign,2,cal,2,0.621,2,35
!=.1,4,6,func_dec->compound->while->compound->if,2,control,4,0.638,2,35
x.2,5,11,func_dec->compound->while->compound->if->compound->coumpund_assign,2,cal,2,0.655,2,35
+=.1,5,3,func_dec->compound->while->compound->if->compound->coumpund_assign,2,cal,2,0.672,2,35
x.3,6,3,func_dec->compound->while->compound->coumpund_assign,1,cal,2,0.69,2,35
+=.1,5,3,func_dec->compound->while->compound->if->compound->coumpund_assign,2,cal,2,0.707,2,35
x.3,6,3,func_dec->compound->while->compound->coumpund_assign,1,cal,2,0.724,2,35
result.1,2,7,func_dec->compound->dec->var_dec,0,dec,0,0.741,2,35
y.2,3,9,func_dec->compound->while,1,control,1,0.759,2,35
while.1,3,3,func_dec->compound->while,1,control,1,0.776,2,35
y.2,3,9,func_dec->compound->while,1,control,1,0.793,2,35
result.1,2,7,func_dec->compound->dec->var_dec,0,dec,0,0.81,2,35
0.1,2,14,func_dec->compound->dec->var_dec,0,dec,0,0.828,2,35
!=.1,4,6,func_dec->compound->while->compound->if,2,control,4,0.845,2,35
x.3,6,3,func_dec->compound->while->compound->coumpund_assign,1,cal,2,0.862,2,35
x.2,5,11,func_dec->compound->while->compound->if->compound->coumpund_assign,2,cal,2,0.879,2,35
+=.1,5,3,func_dec->compound->while->compound->if->compound->coumpund_assign,2,cal,2,0.897,2,35
x.3,6,3,func_dec->compound->while->compound->coumpund_assign,1,cal,2,0.914,2,35
x.2,5,11,func_dec->compound->while->compound->if->compound->coumpund_assign,2,cal,2,0.931,2,35
result.1,2,7,func_dec->compound->dec->var_dec,0,dec,0,0.948,2,35
0.3,4,11,func_dec->compound->while->compound->if,2,control,4,0.966,2,35
x.2,5,11,func_dec->compound->while->compound->if->compound->coumpund_assign,2,cal,2,0.983,2,35
x.3,6,3,func_dec->compound->while->compound->coumpund_assign,1,cal,2,1.0,2,35
2.3,7,6,func_dec->compound->while->compound->coumpund_assign,1,cal,2,0.04,2,37
y.3,4,6,func_dec->compound->while->compound->if,2,control,4,0.08,2,37
x.2,5,11,func_dec->compound->while->compound->if->compound->coumpund_assign,2,cal,2,0.12,2,37
2.3,7,6,func_dec->compound->while->compound->coumpund_assign,1,cal,2,0.16,2,37
result.1,2,7,func_dec->compound->dec->var_dec,0,dec,0,0.2,2,37
result.2,5,3,func_dec->compound->while->compound->if->compound->coumpund_assign,2,cal,2,0.24,2,37
2.2,6,6,func_dec->compound->while->compound->coumpund_assign,1,cal,2,0.28,2,37
x.3,6,3,func_dec->compound->while->compound->coumpund_assign,1,cal,2,0.32,2,37
+=.1,5,3,func_dec->compound->while->compound->if->compound->coumpund_assign,2,cal,2,0.36,2,37
x.2,5,11,func_dec->compound->while->compound->if->compound->coumpund_assign,2,cal,2,0.4,2,37
2.2,6,6,func_dec->compound->while->compound->coumpund_assign,1,cal,2,0.44,2,37
!=.1_%.1,4,6,func_dec->compound->while->compound->if,2,control,4,0.48,2,37
2.2,6,6,func_dec->compound->while->compound->coumpund_assign,1,cal,2,0.52,2,37
2.3,7,6,func_dec->compound->while->compound->coumpund_assign,1,cal,2,0.56,2,37
2.2,6,6,func_dec->compound->while->compound->coumpund_assign,1,cal,2,0.6,2,37
result.2,5,3,func_dec->compound->while->compound->if->compound->coumpund_assign,2,cal,2,0.64,2,37
2.2,6,6,func_dec->compound->while->compound->coumpund_assign,1,cal,2,0.68,2,37
2.3,7,6,func_dec->compound->while->compound->coumpund_assign,1,cal,2,0.72,2,37
x.2,5,11,func_dec->compound->while->compound->if->compound->coumpund_assign,2,cal,2,0.76,2,37
0.3,4,11,func_dec->compound->while->compound->if,2,control,4,0.8,2,37
x.3,6,3,func_dec->compound->while->compound->coumpund_assign,1,cal,2,0.84,2,37
+=.1,5,3,func_dec->compound->while->compound->if->compound->coumpund_assign,2,cal,2,0.88,2,37
x.2,5,11,func_dec->compound->while->compound->if->compound->coumpund_assign,2,cal,2,0.92,2,37
2.3,7,6,func_dec->compound->while->compound->coumpund_assign,1,cal,2,0.96,2,37
x.2,5,11,func_dec->compound->while->compound->if->compound->coumpund_assign,2,cal,2,1.0,2,37
0.3_=.2,4,11,func_dec->compound->while->compound->if,2,control,4,0.014,2,44
while.1,3,3,func_dec->compound->while,1,control,1,0.029,2,44
y.2,3,9,func_dec->compound->while,1,control,1,0.043,2,44
while.1,3,3,func_dec->compound->while,1,control,1,0.058,2,44
result.1,2,7,func_dec->compound->dec->var_dec,0,dec,0,0.072,2,44
x.1_int.3,1,19,func_dec,0,dec,1,0.087,2,44
0.3,4,11,func_dec->compound->while->compound->if,2,control,4,0.101,2,44
x.1,1,19,func_dec,0,dec,1,0.116,2,44
0.2,3,11,func_dec->compound->while,1,control,1,0.13,2,44
!=.1_%.1,4,6,func_dec->compound->while->compound->if,2,control,4,0.145,2,44
mysteryOp.1,1,5,func_dec,0,dec,1,0.159,2,44
result.1,2,7,func_dec->compound->dec->var_dec,0,dec,0,0.174,2,44
mysteryOp.1,1,5,func_dec,0,dec,1,0.188,2,44
result.1,2,7,func_dec->compound->dec->var_dec,0,dec,0,0.203,2,44
mysteryOp.1,1,5,func_dec,0,dec,1,0.217,2,44
while.1,3,3,func_dec->compound->while,1,control,1,0.232,2,44
0.1,2,14,func_dec->compound->dec->var_dec,0,dec,0,0.246,2,44
x.1,1,19,func_dec,0,dec,1,0.261,2,44
/=.1_/.1,7,3,func_dec->compound->while->compound->coumpund_assign,1,cal,2,0.275,2,44
+=.1,5,3,func_dec->compound->while->compound->if->compound->coumpund_assign,2,cal,2,0.29,2,44
!=.1_%.1,4,6,func_dec->compound->while->compound->if,2,control,4,0.304,2,44
2.1,4,8,func_dec->compound->while->compound->if,2,control,4,0.319,2,44
+=.1,5,3,func_dec->compound->while->compound->if->compound->coumpund_assign,2,cal,2,0.333,2,44
0.2,3,11,func_dec->compound->while,1,control,1,0.348,2,44
x.2,5,11,func_dec->compound->while->compound->if->compound->coumpund_assign,2,cal,2,0.362,2,44
x.3,6,3,func_dec->compound->while->compound->coumpund_assign,1,cal,2,0.377,2,44
0.3,4,11,func_dec->compound->while->compound->if,2,control,4,0.391,2,44
x.3,6,3,func_dec->compound->while->compound->coumpund_assign,1,cal,2,0.406,2,44
0.3,4,11,func_dec->compound->while->compound->if,2,control,4,0.42,2,44
2.2,6,6,func_dec->compound->while->compound->coumpund_assign,1,cal,2,0.435,2,44
+=.1,5,3,func_dec->compound->while->compound->if->compound->coumpund_assign,2,cal,2,0.449,2,44
0.3,4,11,func_dec->compound->while->compound->if,2,control,4,0.464,2,44
+=.1,5,3,func_dec->compound->while->compound->if->compound->coumpund_assign,2,cal,2,0.478,2,44
2.1,4,8,func_dec->compound->while->compound->if,2,control,4,0.493,2,44
+=.1,5,3,func_dec->compound->while->compound->if->compound->coumpund_assign,2,cal,2,0.507,2,44
2.2,6,6,func_dec->compound->while->compound->coumpund_assign,1,cal,2,0.522,2,44
0.3,4,11,func_dec->compound->while->compound->if,2,control,4,0.536,2,44
x.3,6,3,func_dec->compound->while->compound->coumpund_assign,1,cal,2,0.551,2,44
0.3,4,11,func_dec->compound->while->compound->if,2,control,4,0.565,2,44
x.3,6,3,func_dec->compound->while->compound->coumpund_assign,1,cal,2,0.58,2,44
0.3,4,11,func_dec->compound->while->compound->if,2,control,4,0.594,2,44
x.3,6,3,func_dec->compound->while->compound->coumpund_assign,1,cal,2,0.609,2,44
0.3,4,11,func_dec->compound->while->compound->if,2,control,4,0.623,2,44
x.2,5,11,func_dec->compound->while->compound->if->compound->coumpund_assign,2,cal,2,0.638,2,44
x.3,6,3,func_dec->compound->while->compound->coumpund_assign,1,cal,2,0.652,2,44
x.2,5,11,func_dec->compound->while->compound->if->compound->coumpund_assign,2,cal,2,0.667,2,44
x.3,6,3,func_dec->compound->while->compound->coumpund_assign,1,cal,2,0.681,2,44
0.3,4,11,func_dec->compound->while->compound->if,2,control,4,0.696,2,44
x.3,6,3,func_dec->compound->while->compound->coumpund_assign,1,cal,2,0.71,2,44
!=.1,4,6,func_dec->compound->while->compound->if,2,control,4,0.725,2,44
x.3,6,3,func_dec->compound->while->compound->coumpund_assign,1,cal,2,0.739,2,44
x.2,5,11,func_dec->compound->while->compound->if->compound->coumpund_assign,2,cal,2,0.754,2,44
x.3,6,3,func_dec->compound->while->compound->coumpund_assign,1,cal,2,0.768,2,44
x.2,5,11,func_dec->compound->while->compound->if->compound->coumpund_assign,2,cal,2,0.783,2,44
2.1,4,8,func_dec->compound->while->compound->if,2,control,4,0.797,2,44
+=.1,5,3,func_dec->compound->while->compound->if->compound->coumpund_assign,2,cal,2,0.812,2,44
x.3,6,3,func_dec->compound->while->compound->coumpund_assign,1,cal,2,0.826,2,44
x.2,5,11,func_dec->compound->while->compound->if->compound->coumpund_assign,2,cal,2,0.841,2,44
!=.1_%.1,4,6,func_dec->compound->while->compound->if,2,control,4,0.855,2,44
+=.1,5,3,func_dec->compound->while->compound->if->compound->coumpund_assign,2,cal,2,0.87,2,44
!=.1_%.1,4,6,func_dec->compound->while->compound->if,2,control,4,0.884,2,44
2.3,7,6,func_dec->compound->while->compound->coumpund_assign,1,cal,2,0.899,2,44
x.2,5,11,func_dec->compound->while->compound->if->compound->coumpund_assign,2,cal,2,0.913,2,44
0.3,4,11,func_dec->compound->while->compound->if,2,control,4,0.928,2,44
x.3,6,3,func_dec->compound->while->compound->coumpund_assign,1,cal,2,0.942,2,44
0.3,4,11,func_dec->compound->while->compound->if,2,control,4,0.957,2,44
x.3,6,3,func_dec->compound->while->compound->coumpund_assign,1,cal,2,0.971,2,44
0.3,4,11,func_dec->compound->while->compound->if,2,control,4,0.986,2,44
x.3,6,3,func_dec->compound->while->compound->coumpund_assign,1,cal,2,1.0,2,44
>.1,3,9,func_dec->compound->while,1,control,1,0.007,2,45
mysteryOp.1,1,5,func_dec,0,dec,1,0.013,2,45
>.1,3,9,func_dec->compound->while,1,control,1,0.02,2,45
result.1,2,7,func_dec->compound->dec->var_dec,0,dec,0,0.026,2,45
>.1,3,9,func_dec->compound->while,1,control,1,0.033,2,45
2.2,6,6,func_dec->compound->while->compound->coumpund_assign,1,cal,2,0.039,2,45
while.1,3,3,func_dec->compound->while,1,control,1,0.046,2,45
result.2,5,3,func_dec->compound->while->compound->if->compound->coumpund_assign,2,cal,2,0.052,2,45
if.1,4,3,func_dec->compound->while->compound->if,2,control,4,0.059,2,45
2.3,7,6,func_dec->compound->while->compound->coumpund_assign,1,cal,2,0.065,2,45
y.2,3,9,func_dec->compound->while,1,control,1,0.072,2,45
result.2,5,3,func_dec->compound->while->compound->if->compound->coumpund_assign,2,cal,2,0.078,2,45
y.2,3,9,func_dec->compound->while,1,control,1,0.085,2,45
result.1,2,7,func_dec->compound->dec->var_dec,0,dec,0,0.092,2,45
y.2,3,9,func_dec->compound->while,1,control,1,0.098,2,45
result.2,5,3,func_dec->compound->while->compound->if->compound->coumpund_assign,2,cal,2,0.105,2,45
2.1,4,8,func_dec->compound->while->compound->if,2,control,4,0.111,2,45
x.1,1,19,func_dec,0,dec,1,0.118,2,45
if.1,4,3,func_dec->compound->while->compound->if,2,control,4,0.124,2,45
!=.1,4,6,func_dec->compound->while->compound->if,2,control,4,0.131,2,45
0.1,2,14,func_dec->compound->dec->var_dec,0,dec,0,0.137,2,45
>.1,3,9,func_dec->compound->while,1,control,1,0.144,2,45
y.3,4,6,func_dec->compound->while->compound->if,2,control,4,0.15,2,45
result.1,2,7,func_dec->compound->dec->var_dec,0,dec,0,0.157,2,45
y.3,4,6,func_dec->compound->while->compound->if,2,control,4,0.163,2,45
result.2,5,3,func_dec->compound->while->compound->if->compound->coumpund_assign,2,cal,2,0.17,2,45
if.1,4,3,func_dec->compound->while->compound->if,2,control,4,0.176,2,45
result.2,5,3,func_dec->compound->while->compound->if->compound->coumpund_assign,2,cal,2,0.183,2,45
!=.1,4,6,func_dec->compound->while->compound->if,2,control,4,0.19,2,45
x.2,5,11,func_dec->compound->while->compound->if->compound->coumpund_assign,2,cal,2,0.196,2,45
+=.1,5,3,func_dec->compound->while->compound->if->compound->coumpund_assign,2,cal,2,0.203,2,45
2.1,4,8,func_dec->compound->while->compound->if,2,control,4,0.209,2,45
+=.1,5,3,func_dec->compound->while->compound->if->compound->coumpund_assign,2,cal,2,0.216,2,45
2.1,4,8,func_dec->compound->while->compound->if,2,control,4,0.222,2,45
+=.1,5,3,func_dec->compound->while->compound->if->compound->coumpund_assign,2,cal,2,0.229,2,45
mysteryOp.1,1,5,func_dec,0,dec,1,0.235,2,45
result.1,2,7,func_dec->compound->dec->var_dec,0,dec,0,0.242,2,45
!=.1_%.1,4,6,func_dec->compound->while->compound->if,2,control,4,0.248,2,45
>.1,3,9,func_dec->compound->while,1,control,1,0.255,2,45
y.3,4,6,func_dec->compound->while->compound->if,2,control,4,0.261,2,45
result.1,2,7,func_dec->compound->dec->var_dec,0,dec,0,0.268,2,45
2.1,4,8,func_dec->compound->while->compound->if,2,control,4,0.275,2,45
0.2,3,11,func_dec->compound->while,1,control,1,0.281,2,45
0.1_=.1,2,14,func_dec->compound->dec->var_dec,0,dec,0,0.288,2,45
result.1,2,7,func_dec->compound->dec->var_dec,0,dec,0,0.294,2,45
y.3,4,6,func_dec->compound->while->compound->if,2,control,4,0.301,2,45
result.1,2,7,func_dec->compound->dec->var_dec,0,dec,0,0.307,2,45
x.1_int.3,1,19,func_dec,0,dec,1,0.314,2,45
y.1,1,26,func_dec,0,dec,1,0.32,2,45
result.1,2,7,func_dec->compound->dec->var_dec,0,dec,0,0.327,2,45
mysteryOp.1,1,5,func_dec,0,dec,1,0.333,2,45
>.1,3,9,func_dec->compound->while,1,control,1,0.34,2,45
y.2,3,9,func_dec->compound->while,1,control,1,0.346,2,45
y.3,4,6,func_dec->compound->while->compound->if,2,control,4,0.353,2,45
!=.1,4,6,func_dec->compound->while->compound->if,2,control,4,0.359,2,45
x.3,6,3,func_dec->compound->while->compound->coumpund_assign,1,cal,2,0.366,2,45
!=.1,4,6,func_dec->compound->while->compound->if,2,control,4,0.373,2,45
y.1,1,26,func_dec,0,dec,1,0.379,2,45
0.3,4,11,func_dec->compound->while->compound->if,2,control,4,0.386,2,45
x.3,6,3,func_dec->compound->while->compound->coumpund_assign,1,cal,2,0.392,2,45
0.3,4,11,func_dec->compound->while->compound->if,2,control,4,0.399,2,45
x.3,6,3,func_dec->compound->while->compound->coumpund_assign,1,cal,2,0.405,2,45
y.1,1,26,func_dec,0,dec,1,0.412,2,45
x.2,5,11,func_dec->compound->while->compound->if->compound->coumpund_assign,2,cal,2,0.418,2,45
0.3_=.2,4,11,func_dec->compound->while->compound->if,2,control,4,0.425,2,45
y.2,3,9,func_dec->compound->while,1,control,1,0.431,2,45
y.3,4,6,func_dec->compound->while->compound->if,2,control,4,0.438,2,45
result.2,5,3,func_dec->compound->while->compound->if->compound->coumpund_assign,2,cal,2,0.444,2,45
2.3,7,6,func_dec->compound->while->compound->coumpund_assign,1,cal,2,0.451,2,45
2.2,6,6,func_dec->compound->while->compound->coumpund_assign,1,cal,2,0.458,2,45
2.3,7,6,func_dec->compound->while->compound->coumpund_assign,1,cal,2,0.464,2,45
result.2,5,3,func_dec->compound->while->compound->if->compound->coumpund_assign,2,cal,2,0.471,2,45
2.2,6,6,func_dec->compound->while->compound->coumpund_assign,1,cal,2,0.477,2,45
2.3,7,6,func_dec->compound->while->compound->coumpund_assign,1,cal,2,0.484,2,45
0.3,4,11,func_dec->compound->while->compound->if,2,control,4,0.49,2,45
+=.1,5,3,func_dec->compound->while->compound->if->compound->coumpund_assign,2,cal,2,0.497,2,45
0.3_=.2,4,11,func_dec->compound->while->compound->if,2,control,4,0.503,2,45
/=.1_/.1,7,3,func_dec->compound->while->compound->coumpund_assign,1,cal,2,0.51,2,45
0.3_=.2,4,11,func_dec->compound->while->compound->if,2,control,4,0.516,2,45
2.3,7,6,func_dec->compound->while->compound->coumpund_assign,1,cal,2,0.523,2,45
2.2,6,6,func_dec->compound->while->compound->coumpund_assign,1,cal,2,0.529,2,45
0.3_=.2,4,11,func_dec->compound->while->compound->if,2,control,4,0.536,2,45
2.3,7,6,func_dec->compound->while->compound->coumpund_assign,1,cal,2,0.542,2,45
result.2,5,3,func_dec->compound->while->compound->if->compound->coumpund_assign,2,cal,2,0.549,2,45
0.3_=.2,4,11,func_dec->compound->while->compound->if,2,control,4,0.556,2,45
2.3,7,6,func_dec->compound->while->compound->coumpund_assign,1,cal,2,0.562,2,45
result.2,5,3,func_dec->compound->while->compound->if->compound->coumpund_assign,2,cal,2,0.569,2,45
x.3,6,3,func_dec->compound->while->compound->coumpund_assign,1,cal,2,0.575,2,45
2.3,7,6,func_dec->compound->while->compound->coumpund_assign,1,cal,2,0.582,2,45
2.2,6,6,func_dec->compound->while->compound->coumpund_assign,1,cal,2,0.588,2,45
2.3,7,6,func_dec->compound->while->compound->coumpund_assign,1,cal,2,0.595,2,45
result.2,5,3,func_dec->compound->while->compound->if->compound->coumpund_assign,2,cal,2,0.601,2,45
2.2,6,6,func_dec->compound->while->compound->coumpund_assign,1,cal,2,0.608,2,45
2.3,7,6,func_dec->compound->while->compound->coumpund_assign,1,cal,2,0.614,2,45
2.2,6,6,func_dec->compound->while->compound->coumpund_assign,1,cal,2,0.621,2,45
+=.1,5,3,func_dec->compound->while->compound->if->compound->coumpund_assign,2,cal,2,0.627,2,45
result.2,5,3,func_dec->compound->while->compound->if->compound->coumpund_assign,2,cal,2,0.634,2,45
2.2,6,6,func_dec->compound->while->compound->coumpund_assign,1,cal,2,0.641,2,45
result.2,5,3,func_dec->compound->while->compound->if->compound->coumpund_assign,2,cal,2,0.647,2,45
!=.1_%.1,4,6,func_dec->compound->while->compound->if,2,control,4,0.654,2,45
+=.1,5,3,func_dec->compound->while->compound->if->compound->coumpund_assign,2,cal,2,0.66,2,45
y.3,4,6,func_dec->compound->while->compound->if,2,control,4,0.667,2,45
2.2,6,6,func_dec->compound->while->compound->coumpund_assign,1,cal,2,0.673,2,45
result.2,5,3,func_dec->compound->while->compound->if->compound->coumpund_assign,2,cal,2,0.68,2,45
2.2,6,6,func_dec->compound->while->compound->coumpund_assign,1,cal,2,0.686,2,45
x.2,5,11,func_dec->compound->while->compound->if->compound->coumpund_assign,2,cal,2,0.693,2,45
!=.1,4,6,func_dec->compound->while->compound->if,2,control,4,0.699,2,45
2.1,4,8,func_dec->compound->while->compound->if,2,control,4,0.706,2,45
/=.1_/.1,7,3,func_dec->compound->while->compound->coumpund_assign,1,cal,2,0.712,2,45
2.3,7,6,func_dec->compound->while->compound->coumpund_assign,1,cal,2,0.719,2,45
+=.1,5,3,func_dec->compound->while->compound->if->compound->coumpund_assign,2,cal,2,0.725,2,45
2.2,6,6,func_dec->compound->while->compound->coumpund_assign,1,cal,2,0.732,2,45
2.3,7,6,func_dec->compound->while->compound->coumpund_assign,1,cal,2,0.739,2,45
2.2,6,6,func_dec->compound->while->compound->coumpund_assign,1,cal,2,0.745,2,45
2.3,7,6,func_dec->compound->while->compound->coumpund_assign,1,cal,2,0.752,2,45
2.2,6,6,func_dec->compound->while->compound->coumpund_assign,1,cal,2,0.758,2,45
2.3,7,6,func_dec->compound->while->compound->coumpund_assign,1,cal,2,0.765,2,45
2.2,6,6,func_dec->compound->while->compound->coumpund_assign,1,cal,2,0.771,2,45
2.3,7,6,func_dec->compound->while->compound->coumpund_assign,1,cal,2,0.778,2,45
2.3,7,6,func_dec->compound->while->compound->coumpund_assign,1,cal,2,0.784,2,45
2.2,6,6,func_dec->compound->while->compound->coumpund_assign,1,cal,2,0.791,2,45
2.3,7,6,func_dec->compound->while->compound->coumpund_assign,1,cal,2,0.797,2,45
2.2,6,6,func_dec->compound->while->compound->coumpund_assign,1,cal,2,0.804,2,45
2.3,7,6,func_dec->compound->while->compound->coumpund_assign,1,cal,2,0.81,2,45
result.2,5,3,func_dec->compound->while->compound->if->compound->coumpund_assign,2,cal,2,0.817,2,45
2.3,7,6,func_dec->compound->while->compound->coumpund_assign,1,cal,2,0.824,2,45
2.2,6,6,func_dec->compound->while->compound->coumpund_assign,1,cal,2,0.83,2,45
2.3,7,6,func_dec->compound->while->compound->coumpund_assign,1,cal,2,0.837,2,45
x.3,6,3,func_dec->compound->while->compound->coumpund_assign,1,cal,2,0.843,2,45
>.1,3,9,func_dec->compound->while,1,control,1,0.85,2,45
2.1,4,8,func_dec->compound->while->compound->if,2,control,4,0.856,2,45
+=.1,5,3,func_dec->compound->while->compound->if->compound->coumpund_assign,2,cal,2,0.863,2,45
x.3,6,3,func_dec->compound->while->compound->coumpund_assign,1,cal,2,0.869,2,45
2.2,6,6,func_dec->compound->while->compound->coumpund_assign,1,cal,2,0.876,2,45
2.3,7,6,func_dec->compound->while->compound->coumpund_assign,1,cal,2,0.882,2,45
2.2,6,6,func_dec->compound->while->compound->coumpund_assign,1,cal,2,0.889,2,45
2.3,7,6,func_dec->compound->while->compound->coumpund_assign,1,cal,2,0.895,2,45
x.2,5,11,func_dec->compound->while->compound->if->compound->coumpund_assign,2,cal,2,0.902,2,45
result.2,5,3,func_dec->compound->while->compound->if->compound->coumpund_assign,2,cal,2,0.908,2,45
y.3,4,6,func_dec->compound->while->compound->if,2,control,4,0.915,2,45
2.2,6,6,func_dec->compound->while->compound->coumpund_assign,1,cal,2,0.922,2,45
2.3,7,6,func_dec->compound->while->compound->coumpund_assign,1,cal,2,0.928,2,45
2.2,6,6,func_dec->compound->while->compound->coumpund_assign,1,cal,2,0.935,2,45
2.3,7,6,func_dec->compound->while->compound->coumpund_assign,1,cal,2,0.941,2,45
+=.1,5,3,func_dec->compound->while->compound->if->compound->coumpund_assign,2,cal,2,0.948,2,45
2.3,7,6,func_dec->compound->while->compound->coumpund_assign,1,cal,2,0.954,2,45
0.3,4,11,func_dec->compound->while->compound->if,2,control,4,0.961,2,45
2.2,6,6,func_dec->compound->while->compound->coumpund_assign,1,cal,2,0.967,2,45
y.3,4,6,func_dec->compound->while->compound->if,2,control,4,0.974,2,45
result.2,5,3,func_dec->compound->while->compound->if->compound->coumpund_assign,2,cal,2,0.98,2,45
x.2,5,11,func_dec->compound->while->compound->if->compound->coumpund_assign,2,cal,2,0.987,2,45
2.3,7,6,func_dec->compound->while->compound->coumpund_assign,1,cal,2,0.993,2,45
x.2,5,11,func_dec->compound->while->compound->if->compound->coumpund_assign,2,cal,2,1.0,2,45
while.1,3,3,func_dec->compound->while,1,control,1,0.032,2,56
if.1,4,3,func_dec->compound->while->compound->if,2,control,4,0.065,2,56
while.1,3,3,func_dec->compound->while,1,control,1,0.097,2,56
0.3,4,11,func_dec->compound->while->compound->if,2,control,4,0.129,2,56
2.1,4,8,func_dec->compound->while->compound->if,2,control,4,0.161,2,56
0.2,3,11,func_dec->compound->while,1,control,1,0.194,2,56
2.1,4,8,func_dec->compound->while->compound->if,2,control,4,0.226,2,56
result.2,5,3,func_dec->compound->while->compound->if->compound->coumpund_assign,2,cal,2,0.258,2,56
2.3,7,6,func_dec->compound->while->compound->coumpund_assign,1,cal,2,0.29,2,56
2.2,6,6,func_dec->compound->while->compound->coumpund_assign,1,cal,2,0.323,2,56
2.3,7,6,func_dec->compound->while->compound->coumpund_assign,1,cal,2,0.355,2,56
x.3,6,3,func_dec->compound->while->compound->coumpund_assign,1,cal,2,0.387,2,56
y.3,4,6,func_dec->compound->while->compound->if,2,control,4,0.419,2,56
0.3,4,11,func_dec->compound->while->compound->if,2,control,4,0.452,2,56
0.2,3,11,func_dec->compound->while,1,control,1,0.484,2,56
if.1,4,3,func_dec->compound->while->compound->if,2,control,4,0.516,2,56
2.1,4,8,func_dec->compound->while->compound->if,2,control,4,0.548,2,56
result.2,5,3,func_dec->compound->while->compound->if->compound->coumpund_assign,2,cal,2,0.581,2,56
while.1,3,3,func_dec->compound->while,1,control,1,0.613,2,56
0.3,4,11,func_dec->compound->while->compound->if,2,control,4,0.645,2,56
y.2,3,9,func_dec->compound->while,1,control,1,0.677,2,56
!=.1_%.1,4,6,func_dec->compound->while->compound->if,2,control,4,0.71,2,56
>.1,3,9,func_dec->compound->while,1,control,1,0.742,2,56
2.3,7,6,func_dec->compound->while->compound->coumpund_assign,1,cal,2,0.774,2,56
x.3,6,3,func_dec->compound->while->compound->coumpund_assign,1,cal,2,0.806,2,56
2.2,6,6,func_dec->compound->while->compound->coumpund_assign,1,cal,2,0.839,2,56
x.3,6,3,func_dec->compound->while->compound->coumpund_assign,1,cal,2,0.871,2,56
+=.1,5,3,func_dec->compound->while->compound->if->compound->coumpund_assign,2,cal,2,0.903,2,56
2.3,7,6,func_dec->compound->while->compound->coumpund_assign,1,cal,2,0.935,2,56
0.3_=.2,4,11,func_dec->compound->while->compound->if,2,control,4,0.968,2,56
/=.1_/.1,7,3,func_dec->compound->while->compound->coumpund_assign,1,cal,2,1.0,2,56
result.2,5,3,func_dec->compound->while->compound->if->compound->coumpund_assign,2,cal,2,0.025,2,59
y.3,4,6,func_dec->compound->while->compound->if,2,control,4,0.05,2,59
result.2,5,3,func_dec->compound->while->compound->if->compound->coumpund_assign,2,cal,2,0.075,2,59
y.3,4,6,func_dec->compound->while->compound->if,2,control,4,0.1,2,59
result.2,5,3,func_dec->compound->while->compound->if->compound->coumpund_assign,2,cal,2,0.125,2,59
y.3,4,6,func_dec->compound->while->compound->if,2,control,4,0.15,2,59
result.2,5,3,func_dec->compound->while->compound->if->compound->coumpund_assign,2,cal,2,0.175,2,59
if.1,4,3,func_dec->compound->while->compound->if,2,control,4,0.2,2,59
result.2,5,3,func_dec->compound->while->compound->if->compound->coumpund_assign,2,cal,2,0.225,2,59
!=.1_%.1,4,6,func_dec->compound->while->compound->if,2,control,4,0.25,2,59
+=.1,5,3,func_dec->compound->while->compound->if->compound->coumpund_assign,2,cal,2,0.275,2,59
x.2,5,11,func_dec->compound->while->compound->if->compound->coumpund_assign,2,cal,2,0.3,2,59
!=.1,4,6,func_dec->compound->while->compound->if,2,control,4,0.325,2,59
x.2,5,11,func_dec->compound->while->compound->if->compound->coumpund_assign,2,cal,2,0.35,2,59
0.3_=.2,4,11,func_dec->compound->while->compound->if,2,control,4,0.375,2,59
result.2,5,3,func_dec->compound->while->compound->if->compound->coumpund_assign,2,cal,2,0.4,2,59
0.3_=.2,4,11,func_dec->compound->while->compound->if,2,control,4,0.425,2,59
result.2,5,3,func_dec->compound->while->compound->if->compound->coumpund_assign,2,cal,2,0.45,2,59
0.3_=.2,4,11,func_dec->compound->while->compound->if,2,control,4,0.475,2,59
0.2,3,11,func_dec->compound->while,1,control,1,0.5,2,59
!=.1,4,6,func_dec->compound->while->compound->if,2,control,4,0.525,2,59
2.2,6,6,func_dec->compound->while->compound->coumpund_assign,1,cal,2,0.55,2,59
2.3,7,6,func_dec->compound->while->compound->coumpund_assign,1,cal,2,0.575,2,59
0.3_=.2,4,11,func_dec->compound->while->compound->if,2,control,4,0.6,2,59
/=.1_/.1,7,3,func_dec->compound->while->compound->coumpund_assign,1,cal,2,0.625,2,59
0.3_=.2,4,11,func_dec->compound->while->compound->if,2,control,4,0.65,2,59
/=.1_/.1,7,3,func_dec->compound->while->compound->coumpund_assign,1,cal,2,0.675,2,59
2.3,7,6,func_dec->compound->while->compound->coumpund_assign,1,cal,2,0.7,2,59
!=.1_%.1,4,6,func_dec->compound->while->compound->if,2,control,4,0.725,2,59
+=.1,5,3,func_dec->compound->while->compound->if->compound->coumpund_assign,2,cal,2,0.75,2,59
0.3_=.2,4,11,func_dec->compound->while->compound->if,2,control,4,0.775,2,59
/=.1_/.1,7,3,func_dec->compound->while->compound->coumpund_assign,1,cal,2,0.8,2,59
0.3_=.2,4,11,func_dec->compound->while->compound->if,2,control,4,0.825,2,59
2.3,7,6,func_dec->compound->while->compound->coumpund_assign,1,cal,2,0.85,2,59
2.3,7,6,func_dec->compound->while->compound->coumpund_assign,1,cal,2,0.875,2,59
x.2,5,11,func_dec->compound->while->compound->if->compound->coumpund_assign,2,cal,2,0.9,2,59
2.2,6,6,func_dec->compound->while->compound->coumpund_assign,1,cal,2,0.925,2,59
x.3,6,3,func_dec->compound->while->compound->coumpund_assign,1,cal,2,0.95,2,59
2.3,7,6,func_dec->compound->while->compound->coumpund_assign,1,cal,2,0.975,2,59
2.2,6,6,func_dec->compound->while->compound->coumpund_assign,1,cal,2,1.0,2,59
