token,line,column,semantic,controlnum,feature,complexity,section
mystery1.1,8,17,func_dec->compound->switch->compound->default->dec->var_dec,1,dec,0,0.004
1.2,6,14,func_dec->compound->switch->compound->case->return,1,return,0,0.009
mystery1.1_long.3,8,17,func_dec->compound->switch->compound->default->dec->var_dec,1,dec,0,0.013
return.2_default.1,6,7,func_dec->compound->switch->compound->case->return,1,return,0,0.017
mystery1.1_long.4,8,17,func_dec->compound->switch->compound->default->dec->var_dec,1,dec,0,0.022
=.1_mystery1.3,13,9,func_dec->compound->switch->compound->for->compound->bi_op,2,cal,3,0.026
mystery1.1_long.4,8,17,func_dec->compound->switch->compound->default->dec->var_dec,1,dec,0,0.031
mystery2.1_long.6,9,17,func_dec->compound->switch->compound->dec->var_dec,1,dec,0,0.035
mystery1.1_long.3,8,17,func_dec->compound->switch->compound->default->dec->var_dec,1,dec,0,0.039
return.2_default.1,6,7,func_dec->compound->switch->compound->case->return,1,return,0,0.044
return.2,6,7,func_dec->compound->switch->compound->case->return,1,return,0,0.048
mystery1.1_long.3,8,17,func_dec->compound->switch->compound->default->dec->var_dec,1,dec,0,0.052
return.2_default.1,6,7,func_dec->compound->switch->compound->case->return,1,return,0,0.057
mystery2.1_long.6,9,17,func_dec->compound->switch->compound->dec->var_dec,1,dec,0,0.061
mystery1.1_long.4,8,17,func_dec->compound->switch->compound->default->dec->var_dec,1,dec,0,0.066
mystery2.1_long.6,9,17,func_dec->compound->switch->compound->dec->var_dec,1,dec,0,0.07
mystery1.1_long.4,8,17,func_dec->compound->switch->compound->default->dec->var_dec,1,dec,0,0.074
return.2_default.1,6,7,func_dec->compound->switch->compound->case->return,1,return,0,0.079
return.2,6,7,func_dec->compound->switch->compound->case->return,1,return,0,0.083
mystery1.1_long.3,8,17,func_dec->compound->switch->compound->default->dec->var_dec,1,dec,0,0.087
mystery2.1_long.5,9,17,func_dec->compound->switch->compound->dec->var_dec,1,dec,0,0.092
mystery1.1_long.3,8,17,func_dec->compound->switch->compound->default->dec->var_dec,1,dec,0,0.096
mystery2.1_long.6,9,17,func_dec->compound->switch->compound->dec->var_dec,1,dec,0,0.1
mystery1.1_long.4,8,17,func_dec->compound->switch->compound->default->dec->var_dec,1,dec,0,0.105
mystery2.1_long.6,9,17,func_dec->compound->switch->compound->dec->var_dec,1,dec,0,0.109
mystery1.1_long.4,8,17,func_dec->compound->switch->compound->default->dec->var_dec,1,dec,0,0.114
1.3,9,26,func_dec->compound->switch->compound->dec->var_dec,1,dec,0,0.118
mystery2.1,9,17,func_dec->compound->switch->compound->dec->var_dec,1,dec,0,0.122
mystery1.1,8,17,func_dec->compound->switch->compound->default->dec->var_dec,1,dec,0,0.127
mystery2.1,9,17,func_dec->compound->switch->compound->dec->var_dec,1,dec,0,0.131
mystery1.1,8,17,func_dec->compound->switch->compound->default->dec->var_dec,1,dec,0,0.135
mystery2.1,9,17,func_dec->compound->switch->compound->dec->var_dec,1,dec,0,0.14
1.3,9,26,func_dec->compound->switch->compound->dec->var_dec,1,dec,0,0.144
++i.1,10,26,func_dec->compound->switch->compound->for->bi_op,2,cal,2,0.148
i.2,10,21,func_dec->compound->switch->compound->for->bi_op,2,cal,2,0.153
2.1,10,18,func_dec->compound->switch->compound->for->bi_op,2,cal,2,0.157
return.2,6,7,func_dec->compound->switch->compound->case->return,1,return,0,0.162
mystery1.1_long.3,8,17,func_dec->compound->switch->compound->default->dec->var_dec,1,dec,0,0.166
mystery3.2_=.5,13,18,func_dec->compound->switch->compound->for->compound->bi_op,2,cal,3,0.17
mystery2.3,15,14,func_dec->compound->switch->compound->return,1,return,0,0.175
mystery3.1,11,19,func_dec->compound->switch->compound->for->compound->dec->var_dec,2,dec,3,0.179
1.3_=.2,9,26,func_dec->compound->switch->compound->dec->var_dec,1,dec,0,0.183
2.1,10,18,func_dec->compound->switch->compound->for->bi_op,2,cal,2,0.188
i.1,10,16,func_dec->compound->switch->compound->for->bi_op,2,cal,2,0.192
mystery3.1_long.8,11,19,func_dec->compound->switch->compound->for->compound->dec->var_dec,2,dec,3,0.197
2.1,10,18,func_dec->compound->switch->compound->for->bi_op,2,cal,2,0.201
i.2,10,21,func_dec->compound->switch->compound->for->bi_op,2,cal,2,0.205
++i.1,10,26,func_dec->compound->switch->compound->for->bi_op,2,cal,2,0.21
mystery1.2,11,28,func_dec->compound->switch->compound->for->compound->dec->var_dec,2,dec,3,0.214
mystery2.3,15,14,func_dec->compound->switch->compound->return,1,return,0,0.218
++i.1,10,26,func_dec->compound->switch->compound->for->bi_op,2,cal,2,0.223
mystery1.2,11,28,func_dec->compound->switch->compound->for->compound->dec->var_dec,2,dec,3,0.227
mystery3.1,11,19,func_dec->compound->switch->compound->for->compound->dec->var_dec,2,dec,3,0.231
mystery2.3,15,14,func_dec->compound->switch->compound->return,1,return,0,0.236
mystery3.1,11,19,func_dec->compound->switch->compound->for->compound->dec->var_dec,2,dec,3,0.24
mystery1.1,8,17,func_dec->compound->switch->compound->default->dec->var_dec,1,dec,0,0.245
mystery2.1,9,17,func_dec->compound->switch->compound->dec->var_dec,1,dec,0,0.249
1.3,9,26,func_dec->compound->switch->compound->dec->var_dec,1,dec,0,0.253
n.3,10,23,func_dec->compound->switch->compound->for->bi_op,2,cal,2,0.258
mystery2.1,9,17,func_dec->compound->switch->compound->dec->var_dec,1,dec,0,0.262
mystery1.1_long.4,8,17,func_dec->compound->switch->compound->default->dec->var_dec,1,dec,0,0.266
mystery2.1_long.6,9,17,func_dec->compound->switch->compound->dec->var_dec,1,dec,0,0.271
mystery2.1,9,17,func_dec->compound->switch->compound->dec->var_dec,1,dec,0,0.275
mystery3.1,11,19,func_dec->compound->switch->compound->for->compound->dec->var_dec,2,dec,3,0.279
mystery1.2,11,28,func_dec->compound->switch->compound->for->compound->dec->var_dec,2,dec,3,0.284
mystery2.2,13,9,func_dec->compound->switch->compound->for->compound->bi_op,2,cal,3,0.288
mystery3.1,11,19,func_dec->compound->switch->compound->for->compound->dec->var_dec,2,dec,3,0.293
n.3,10,23,func_dec->compound->switch->compound->for->bi_op,2,cal,2,0.297
mystery3.1,11,19,func_dec->compound->switch->compound->for->compound->dec->var_dec,2,dec,3,0.301
mystery3.2_=.5,13,18,func_dec->compound->switch->compound->for->compound->bi_op,2,cal,3,0.306
mystery3.1,11,19,func_dec->compound->switch->compound->for->compound->dec->var_dec,2,dec,3,0.31
++i.1,10,26,func_dec->compound->switch->compound->for->bi_op,2,cal,2,0.314
mystery1.2,11,28,func_dec->compound->switch->compound->for->compound->dec->var_dec,2,dec,3,0.319
mystery3.1,11,19,func_dec->compound->switch->compound->for->compound->dec->var_dec,2,dec,3,0.323
mystery1.2,11,28,func_dec->compound->switch->compound->for->compound->dec->var_dec,2,dec,3,0.328
mystery2.3,15,14,func_dec->compound->switch->compound->return,1,return,0,0.332
mystery3.1,11,19,func_dec->compound->switch->compound->for->compound->dec->var_dec,2,dec,3,0.336
mystery2.3,15,14,func_dec->compound->switch->compound->return,1,return,0,0.341
mystery1.2,11,28,func_dec->compound->switch->compound->for->compound->dec->var_dec,2,dec,3,0.345
++i.1,10,26,func_dec->compound->switch->compound->for->bi_op,2,cal,2,0.349
mystery1.2,11,28,func_dec->compound->switch->compound->for->compound->dec->var_dec,2,dec,3,0.354
++i.1,10,26,func_dec->compound->switch->compound->for->bi_op,2,cal,2,0.358
mystery1.2,11,28,func_dec->compound->switch->compound->for->compound->dec->var_dec,2,dec,3,0.362
0.2,4,14,func_dec->compound->switch->compound->case->return,1,return,0,0.367
return.1,4,7,func_dec->compound->switch->compound->case->return,1,return,0,0.371
mystery1.2,11,28,func_dec->compound->switch->compound->for->compound->dec->var_dec,2,dec,3,0.376
mystery3.1,11,19,func_dec->compound->switch->compound->for->compound->dec->var_dec,2,dec,3,0.38
mystery2.3,15,14,func_dec->compound->switch->compound->return,1,return,0,0.384
mystery3.1,11,19,func_dec->compound->switch->compound->for->compound->dec->var_dec,2,dec,3,0.389
mystery2.3,15,14,func_dec->compound->switch->compound->return,1,return,0,0.393
mystery3.1,11,19,func_dec->compound->switch->compound->for->compound->dec->var_dec,2,dec,3,0.397
mystery2.3,15,14,func_dec->compound->switch->compound->return,1,return,0,0.402
mystery3.1,11,19,func_dec->compound->switch->compound->for->compound->dec->var_dec,2,dec,3,0.406
mystery2.3,15,14,func_dec->compound->switch->compound->return,1,return,0,0.41
mystery3.2,13,18,func_dec->compound->switch->compound->for->compound->bi_op,2,cal,3,0.415
mystery2.3_mystery2.4,15,14,func_dec->compound->switch->compound->return,1,return,0,0.419
mystery1.1_long.4,8,17,func_dec->compound->switch->compound->default->dec->var_dec,1,dec,0,0.424
mystery2.1,9,17,func_dec->compound->switch->compound->dec->var_dec,1,dec,0,0.428
mystery1.1,8,17,func_dec->compound->switch->compound->default->dec->var_dec,1,dec,0,0.432
mystery3.1,11,19,func_dec->compound->switch->compound->for->compound->dec->var_dec,2,dec,3,0.437
mystery1.2,11,28,func_dec->compound->switch->compound->for->compound->dec->var_dec,2,dec,3,0.441
mystery3.1,11,19,func_dec->compound->switch->compound->for->compound->dec->var_dec,2,dec,3,0.445
n.3,10,23,func_dec->compound->switch->compound->for->bi_op,2,cal,2,0.45
mystery1.2,11,28,func_dec->compound->switch->compound->for->compound->dec->var_dec,2,dec,3,0.454
mystery3.2,13,18,func_dec->compound->switch->compound->for->compound->bi_op,2,cal,3,0.459
mystery1.2_=.4,11,28,func_dec->compound->switch->compound->for->compound->dec->var_dec,2,dec,3,0.463
++i.1,10,26,func_dec->compound->switch->compound->for->bi_op,2,cal,2,0.467
mystery2.1,9,17,func_dec->compound->switch->compound->dec->var_dec,1,dec,0,0.472
++i.1,10,26,func_dec->compound->switch->compound->for->bi_op,2,cal,2,0.476
mystery1.2,11,28,func_dec->compound->switch->compound->for->compound->dec->var_dec,2,dec,3,0.48
mystery2.3,15,14,func_dec->compound->switch->compound->return,1,return,0,0.485
mystery3.2_=.6,13,18,func_dec->compound->switch->compound->for->compound->bi_op,2,cal,3,0.489
n.3,10,23,func_dec->compound->switch->compound->for->bi_op,2,cal,2,0.493
mystery3.2,13,18,func_dec->compound->switch->compound->for->compound->bi_op,2,cal,3,0.498
n.3,10,23,func_dec->compound->switch->compound->for->bi_op,2,cal,2,0.502
i.2,10,21,func_dec->compound->switch->compound->for->bi_op,2,cal,2,0.507
mystery1.2_=.4,11,28,func_dec->compound->switch->compound->for->compound->dec->var_dec,2,dec,3,0.511
mystery1.2,11,28,func_dec->compound->switch->compound->for->compound->dec->var_dec,2,dec,3,0.515
++i.1,10,26,func_dec->compound->switch->compound->for->bi_op,2,cal,2,0.52
n.3,10,23,func_dec->compound->switch->compound->for->bi_op,2,cal,2,0.524
mystery2.2,13,9,func_dec->compound->switch->compound->for->compound->bi_op,2,cal,3,0.528
++i.1_+.1,10,26,func_dec->compound->switch->compound->for->bi_op,2,cal,2,0.533
mystery2.2,13,9,func_dec->compound->switch->compound->for->compound->bi_op,2,cal,3,0.537
mystery1.2,11,28,func_dec->compound->switch->compound->for->compound->dec->var_dec,2,dec,3,0.541
mystery3.2,13,18,func_dec->compound->switch->compound->for->compound->bi_op,2,cal,3,0.546
mystery2.3,15,14,func_dec->compound->switch->compound->return,1,return,0,0.55
n.3,10,23,func_dec->compound->switch->compound->for->bi_op,2,cal,2,0.555
mystery3.1,11,19,func_dec->compound->switch->compound->for->compound->dec->var_dec,2,dec,3,0.559
mystery1.2,11,28,func_dec->compound->switch->compound->for->compound->dec->var_dec,2,dec,3,0.563
++i.1,10,26,func_dec->compound->switch->compound->for->bi_op,2,cal,2,0.568
mystery1.2,11,28,func_dec->compound->switch->compound->for->compound->dec->var_dec,2,dec,3,0.572
mystery1.1,8,17,func_dec->compound->switch->compound->default->dec->var_dec,1,dec,0,0.576
1.3,9,26,func_dec->compound->switch->compound->dec->var_dec,1,dec,0,0.581
n.3,10,23,func_dec->compound->switch->compound->for->bi_op,2,cal,2,0.585
++i.1,10,26,func_dec->compound->switch->compound->for->bi_op,2,cal,2,0.59
mystery2.3,15,14,func_dec->compound->switch->compound->return,1,return,0,0.594
mystery1.2,11,28,func_dec->compound->switch->compound->for->compound->dec->var_dec,2,dec,3,0.598
++i.1,10,26,func_dec->compound->switch->compound->for->bi_op,2,cal,2,0.603
mystery1.2,11,28,func_dec->compound->switch->compound->for->compound->dec->var_dec,2,dec,3,0.607
++i.1,10,26,func_dec->compound->switch->compound->for->bi_op,2,cal,2,0.611
mystery1.2,11,28,func_dec->compound->switch->compound->for->compound->dec->var_dec,2,dec,3,0.616
++i.1,10,26,func_dec->compound->switch->compound->for->bi_op,2,cal,2,0.62
mystery1.2,11,28,func_dec->compound->switch->compound->for->compound->dec->var_dec,2,dec,3,0.624
mystery2.3,15,14,func_dec->compound->switch->compound->return,1,return,0,0.629
mystery3.2,13,18,func_dec->compound->switch->compound->for->compound->bi_op,2,cal,3,0.633
mystery2.3,15,14,func_dec->compound->switch->compound->return,1,return,0,0.638
mystery3.2,13,18,func_dec->compound->switch->compound->for->compound->bi_op,2,cal,3,0.642
mystery2.3,15,14,func_dec->compound->switch->compound->return,1,return,0,0.646
mystery1.2,11,28,func_dec->compound->switch->compound->for->compound->dec->var_dec,2,dec,3,0.651
mystery2.2,13,9,func_dec->compound->switch->compound->for->compound->bi_op,2,cal,3,0.655
mystery3.1,11,19,func_dec->compound->switch->compound->for->compound->dec->var_dec,2,dec,3,0.659
mystery3.1,11,19,func_dec->compound->switch->compound->for->compound->dec->var_dec,2,dec,3,0.664
1.3_=.2,9,26,func_dec->compound->switch->compound->dec->var_dec,1,dec,0,0.668
mystery3.1,11,19,func_dec->compound->switch->compound->for->compound->dec->var_dec,2,dec,3,0.672
mystery2.3,15,14,func_dec->compound->switch->compound->return,1,return,0,0.677
++i.1,10,26,func_dec->compound->switch->compound->for->bi_op,2,cal,2,0.681
n.3,10,23,func_dec->compound->switch->compound->for->bi_op,2,cal,2,0.686
++i.1,10,26,func_dec->compound->switch->compound->for->bi_op,2,cal,2,0.69
mystery1.2,11,28,func_dec->compound->switch->compound->for->compound->dec->var_dec,2,dec,3,0.694
mystery3.2,13,18,func_dec->compound->switch->compound->for->compound->bi_op,2,cal,3,0.699
mystery2.3,15,14,func_dec->compound->switch->compound->return,1,return,0,0.703
n.3,10,23,func_dec->compound->switch->compound->for->bi_op,2,cal,2,0.707
mystery1.2,11,28,func_dec->compound->switch->compound->for->compound->dec->var_dec,2,dec,3,0.712
++i.1,10,26,func_dec->compound->switch->compound->for->bi_op,2,cal,2,0.716
mystery1.2_=.4,11,28,func_dec->compound->switch->compound->for->compound->dec->var_dec,2,dec,3,0.721
mystery3.2,13,18,func_dec->compound->switch->compound->for->compound->bi_op,2,cal,3,0.725
mystery1.2,11,28,func_dec->compound->switch->compound->for->compound->dec->var_dec,2,dec,3,0.729
mystery2.1_long.6,9,17,func_dec->compound->switch->compound->dec->var_dec,1,dec,0,0.734
i.1_int.2,10,16,func_dec->compound->switch->compound->for->bi_op,2,cal,2,0.738
mystery2.1_long.6,9,17,func_dec->compound->switch->compound->dec->var_dec,1,dec,0,0.742
mystery1.2,11,28,func_dec->compound->switch->compound->for->compound->dec->var_dec,2,dec,3,0.747
++i.1,10,26,func_dec->compound->switch->compound->for->bi_op,2,cal,2,0.751
mystery1.2,11,28,func_dec->compound->switch->compound->for->compound->dec->var_dec,2,dec,3,0.755
mystery3.2,13,18,func_dec->compound->switch->compound->for->compound->bi_op,2,cal,3,0.76
mystery3.1,11,19,func_dec->compound->switch->compound->for->compound->dec->var_dec,2,dec,3,0.764
n.3,10,23,func_dec->compound->switch->compound->for->bi_op,2,cal,2,0.769
mystery1.2,11,28,func_dec->compound->switch->compound->for->compound->dec->var_dec,2,dec,3,0.773
n.3,10,23,func_dec->compound->switch->compound->for->bi_op,2,cal,2,0.777
++i.1,10,26,func_dec->compound->switch->compound->for->bi_op,2,cal,2,0.782
mystery1.2,11,28,func_dec->compound->switch->compound->for->compound->dec->var_dec,2,dec,3,0.786
++i.1,10,26,func_dec->compound->switch->compound->for->bi_op,2,cal,2,0.79
mystery1.2,11,28,func_dec->compound->switch->compound->for->compound->dec->var_dec,2,dec,3,0.795
mystery2.3,15,14,func_dec->compound->switch->compound->return,1,return,0,0.799
mystery1.2,11,28,func_dec->compound->switch->compound->for->compound->dec->var_dec,2,dec,3,0.803
mystery2.2,13,9,func_dec->compound->switch->compound->for->compound->bi_op,2,cal,3,0.808
mystery2.3,15,14,func_dec->compound->switch->compound->return,1,return,0,0.812
mystery1.2,11,28,func_dec->compound->switch->compound->for->compound->dec->var_dec,2,dec,3,0.817
mystery2.3,15,14,func_dec->compound->switch->compound->return,1,return,0,0.821
mystery3.2,13,18,func_dec->compound->switch->compound->for->compound->bi_op,2,cal,3,0.825
mystery2.3,15,14,func_dec->compound->switch->compound->return,1,return,0,0.83
mystery3.2,13,18,func_dec->compound->switch->compound->for->compound->bi_op,2,cal,3,0.834
mystery1.2,11,28,func_dec->compound->switch->compound->for->compound->dec->var_dec,2,dec,3,0.838
++i.1,10,26,func_dec->compound->switch->compound->for->bi_op,2,cal,2,0.843
mystery1.2,11,28,func_dec->compound->switch->compound->for->compound->dec->var_dec,2,dec,3,0.847
mystery3.2,13,18,func_dec->compound->switch->compound->for->compound->bi_op,2,cal,3,0.852
mystery1.1_long.4,8,17,func_dec->compound->switch->compound->default->dec->var_dec,1,dec,0,0.856
mystery3.1,11,19,func_dec->compound->switch->compound->for->compound->dec->var_dec,2,dec,3,0.86
mystery3.2_=.5,13,18,func_dec->compound->switch->compound->for->compound->bi_op,2,cal,3,0.865
++i.1,10,26,func_dec->compound->switch->compound->for->bi_op,2,cal,2,0.869
mystery2.3,15,14,func_dec->compound->switch->compound->return,1,return,0,0.873
mystery3.1,11,19,func_dec->compound->switch->compound->for->compound->dec->var_dec,2,dec,3,0.878
mystery1.2,11,28,func_dec->compound->switch->compound->for->compound->dec->var_dec,2,dec,3,0.882
++i.1,10,26,func_dec->compound->switch->compound->for->bi_op,2,cal,2,0.886
mystery1.2,11,28,func_dec->compound->switch->compound->for->compound->dec->var_dec,2,dec,3,0.891
++i.1,10,26,func_dec->compound->switch->compound->for->bi_op,2,cal,2,0.895
mystery2.3,15,14,func_dec->compound->switch->compound->return,1,return,0,0.9
mystery3.1,11,19,func_dec->compound->switch->compound->for->compound->dec->var_dec,2,dec,3,0.904
mystery2.3,15,14,func_dec->compound->switch->compound->return,1,return,0,0.908
mystery3.1,11,19,func_dec->compound->switch->compound->for->compound->dec->var_dec,2,dec,3,0.913
mystery3.2,13,18,func_dec->compound->switch->compound->for->compound->bi_op,2,cal,3,0.917
++i.1,10,26,func_dec->compound->switch->compound->for->bi_op,2,cal,2,0.921
mystery2.1,9,17,func_dec->compound->switch->compound->dec->var_dec,1,dec,0,0.926
mystery3.1,11,19,func_dec->compound->switch->compound->for->compound->dec->var_dec,2,dec,3,0.93
++i.1,10,26,func_dec->compound->switch->compound->for->bi_op,2,cal,2,0.934
mystery3.2,13,18,func_dec->compound->switch->compound->for->compound->bi_op,2,cal,3,0.939
mystery2.3,15,14,func_dec->compound->switch->compound->return,1,return,0,0.943
mystery3.2,13,18,func_dec->compound->switch->compound->for->compound->bi_op,2,cal,3,0.948
2.1,10,18,func_dec->compound->switch->compound->for->bi_op,2,cal,2,0.952
mystery3.1,11,19,func_dec->compound->switch->compound->for->compound->dec->var_dec,2,dec,3,0.956
mystery1.2,11,28,func_dec->compound->switch->compound->for->compound->dec->var_dec,2,dec,3,0.961
++i.1,10,26,func_dec->compound->switch->compound->for->bi_op,2,cal,2,0.965
mystery1.2,11,28,func_dec->compound->switch->compound->for->compound->dec->var_dec,2,dec,3,0.969
++i.1,10,26,func_dec->compound->switch->compound->for->bi_op,2,cal,2,0.974
mystery1.2,11,28,func_dec->compound->switch->compound->for->compound->dec->var_dec,2,dec,3,0.978
++i.1,10,26,func_dec->compound->switch->compound->for->bi_op,2,cal,2,0.983
mystery1.2,11,28,func_dec->compound->switch->compound->for->compound->dec->var_dec,2,dec,3,0.987
++i.1,10,26,func_dec->compound->switch->compound->for->bi_op,2,cal,2,0.991
mystery3.2,13,18,func_dec->compound->switch->compound->for->compound->bi_op,2,cal,3,0.996
mystery2.3,15,14,func_dec->compound->switch->compound->return,1,return,0,1.0
