token,line,column,semantic,controlnum,feature,complexity,section
sequence.1_int.1,4,18,func_dec,0,dec,2,0.013
result.1,5,20,func_dec->compound->dec->var_dec,0,dec,1,0.026
sequence.1_int.1,4,18,func_dec,0,dec,2,0.038
std.3_std::vector<int>.2,5,3,func_dec->compound->dec->var_dec,0,dec,1,0.051
std.2_std::vector<int>.1,4,1,func_dec,0,dec,2,0.064
std.3_std::vector<int>.2,5,3,func_dec->compound->dec->var_dec,0,dec,1,0.077
std.2_std::vector<int>.1,4,1,func_dec,0,dec,2,0.09
std.3_std::vector<int>.2,5,3,func_dec->compound->dec->var_dec,0,dec,1,0.103
end.2,6,15,func_dec->compound->if,1,control,1,0.115
std.3_std::vector<int>.2,5,3,func_dec->compound->dec->var_dec,0,dec,1,0.128
end.2,6,15,func_dec->compound->if,1,control,1,0.141
std.3_std::vector<int>.2,5,3,func_dec->compound->dec->var_dec,0,dec,1,0.154
end.2,6,15,func_dec->compound->if,1,control,1,0.167
result.2,7,10,func_dec->compound->if->compound->return,1,return,0,0.179
end.2,6,15,func_dec->compound->if,1,control,1,0.192
result.2,7,10,func_dec->compound->if->compound->return,1,return,0,0.205
end.2,6,15,func_dec->compound->if,1,control,1,0.218
result.2,7,10,func_dec->compound->if->compound->return,1,return,0,0.231
end.2,6,15,func_dec->compound->if,1,control,1,0.244
std.3_std::vector<int>.2,5,3,func_dec->compound->dec->var_dec,0,dec,1,0.256
result.2,7,10,func_dec->compound->if->compound->return,1,return,0,0.269
end.2,6,15,func_dec->compound->if,1,control,1,0.282
result.2,7,10,func_dec->compound->if->compound->return,1,return,0,0.295
end.2,6,15,func_dec->compound->if,1,control,1,0.308
result.2,7,10,func_dec->compound->if->compound->return,1,return,0,0.321
end.2,6,15,func_dec->compound->if,1,control,1,0.333
result.2,7,10,func_dec->compound->if->compound->return,1,return,0,0.346
end.2,6,15,func_dec->compound->if,1,control,1,0.359
result.2,7,10,func_dec->compound->if->compound->return,1,return,0,0.372
end.2,6,15,func_dec->compound->if,1,control,1,0.385
std.1_>.1,3,17,USING_DIRECTIVE->ref,0,dec,0,0.397
result.2,7,10,func_dec->compound->if->compound->return,1,return,0,0.41
start.3,9,10,func_dec->compound->if->compound->while,2,control,1,0.423
result.2,7,10,func_dec->compound->if->compound->return,1,return,0,0.436
end.2,6,15,func_dec->compound->if,1,control,1,0.449
start.3,9,10,func_dec->compound->if->compound->while,2,control,1,0.462
result.2,7,10,func_dec->compound->if->compound->return,1,return,0,0.474
start.3,9,10,func_dec->compound->if->compound->while,2,control,1,0.487
result.3,10,3,func_dec->compound->if->compound->while->compound->call_exp,2,dec,1,0.5
end.3,9,19,func_dec->compound->if->compound->while,2,control,1,0.513
result.3,10,3,func_dec->compound->if->compound->while->compound->call_exp,2,dec,1,0.526
end.3_<=.1,9,19,func_dec->compound->if->compound->while,2,control,1,0.538
result.3,10,3,func_dec->compound->if->compound->while->compound->call_exp,2,dec,1,0.551
end.3,9,19,func_dec->compound->if->compound->while,2,control,1,0.564
result.3,10,3,func_dec->compound->if->compound->while->compound->call_exp,2,dec,1,0.577
diff.2,11,10,func_dec->compound->if->compound->while->compound->coumpund_assign->ref_dec,2,dec,1,0.59
end.3_<=.1,9,19,func_dec->compound->if->compound->while,2,control,1,0.603
result.2,7,10,func_dec->compound->if->compound->return,1,return,0,0.615
result.3,10,3,func_dec->compound->if->compound->while->compound->call_exp,2,dec,1,0.628
end.3,9,19,func_dec->compound->if->compound->while,2,control,1,0.641
result.3,10,3,func_dec->compound->if->compound->while->compound->call_exp,2,dec,1,0.654
sequence.1,4,18,func_dec,0,dec,2,0.667
result.3,10,3,func_dec->compound->if->compound->while->compound->call_exp,2,dec,1,0.679
diff.2,11,10,func_dec->compound->if->compound->while->compound->coumpund_assign->ref_dec,2,dec,1,0.692
result.3,10,3,func_dec->compound->if->compound->while->compound->call_exp,2,dec,1,0.705
diff.2,11,10,func_dec->compound->if->compound->while->compound->coumpund_assign->ref_dec,2,dec,1,0.718
result.3,10,3,func_dec->compound->if->compound->while->compound->call_exp,2,dec,1,0.731
end.3,9,19,func_dec->compound->if->compound->while,2,control,1,0.744
result.3,10,3,func_dec->compound->if->compound->while->compound->call_exp,2,dec,1,0.756
std.3_std::vector<int>.2,5,3,func_dec->compound->dec->var_dec,0,dec,1,0.769
return.1,7,3,func_dec->compound->if->compound->return,1,return,0,0.782
std.3_std::vector<int>.2,5,3,func_dec->compound->dec->var_dec,0,dec,1,0.795
return.1,7,3,func_dec->compound->if->compound->return,1,return,0,0.808
result.2,7,10,func_dec->compound->if->compound->return,1,return,0,0.821
end.2,6,15,func_dec->compound->if,1,control,1,0.833
result.2,7,10,func_dec->compound->if->compound->return,1,return,0,0.846
end.2,6,15,func_dec->compound->if,1,control,1,0.859
result.2,7,10,func_dec->compound->if->compound->return,1,return,0,0.872
end.2,6,15,func_dec->compound->if,1,control,1,0.885
result.2,7,10,func_dec->compound->if->compound->return,1,return,0,0.897
end.2,6,15,func_dec->compound->if,1,control,1,0.91
result.2,7,10,func_dec->compound->if->compound->return,1,return,0,0.923
result.3,10,3,func_dec->compound->if->compound->while->compound->call_exp,2,dec,1,0.936
result.2,7,10,func_dec->compound->if->compound->return,1,return,0,0.949
start.3,9,10,func_dec->compound->if->compound->while,2,control,1,0.962
result.2,7,10,func_dec->compound->if->compound->return,1,return,0,0.974
start.3,9,10,func_dec->compound->if->compound->while,2,control,1,0.987
result.2,7,10,func_dec->compound->if->compound->return,1,return,0,1.0
