token,line,column,semantic,controlnum,feature,complexity,section
std.1_>.1,3,17,USING_DIRECTIVE->ref,0,dec,0,0.01
std.3_std::vector<int>.2,5,3,func_dec->compound->dec->var_dec,0,dec,1,0.019
std.2_std::vector<int>.1,4,1,func_dec,0,dec,2,0.029
sequence.1,4,18,func_dec,0,dec,2,0.038
diff.1,4,51,func_dec,0,dec,2,0.048
diff.1,4,51,func_dec,0,dec,2,0.058
std.3_std::vector<int>.2,5,3,func_dec->compound->dec->var_dec,0,dec,1,0.067
start.2,6,7,func_dec->compound->if,1,control,1,0.077
std.3_std::vector<int>.2,5,3,func_dec->compound->dec->var_dec,0,dec,1,0.087
start.2,6,7,func_dec->compound->if,1,control,1,0.096
result.2,7,10,func_dec->compound->if->compound->return,1,return,0,0.106
end.2,6,15,func_dec->compound->if,1,control,1,0.115
end.3_<=.1,9,19,func_dec->compound->if->compound->while,2,control,1,0.125
result.3,10,3,func_dec->compound->if->compound->while->compound->call_exp,2,dec,1,0.135
start.3,9,10,func_dec->compound->if->compound->while,2,control,1,0.144
result.3,10,3,func_dec->compound->if->compound->while->compound->call_exp,2,dec,1,0.154
start.3,9,10,func_dec->compound->if->compound->while,2,control,1,0.163
start.3,9,10,func_dec->compound->if->compound->while,2,control,1,0.173
start.3,9,10,func_dec->compound->if->compound->while,2,control,1,0.183
start.3,9,10,func_dec->compound->if->compound->while,2,control,1,0.192
result.3,10,3,func_dec->compound->if->compound->while->compound->call_exp,2,dec,1,0.202
start.3,9,10,func_dec->compound->if->compound->while,2,control,1,0.212
result.3,10,3,func_dec->compound->if->compound->while->compound->call_exp,2,dec,1,0.221
start.3,9,10,func_dec->compound->if->compound->while,2,control,1,0.231
while.1,9,3,func_dec->compound->if->compound->while,2,control,1,0.24
start.3,9,10,func_dec->compound->if->compound->while,2,control,1,0.25
result.3,10,3,func_dec->compound->if->compound->while->compound->call_exp,2,dec,1,0.26
end.3_<=.1,9,19,func_dec->compound->if->compound->while,2,control,1,0.269
result.3,10,3,func_dec->compound->if->compound->while->compound->call_exp,2,dec,1,0.279
end.3_<=.1,9,19,func_dec->compound->if->compound->while,2,control,1,0.288
result.3,10,3,func_dec->compound->if->compound->while->compound->call_exp,2,dec,1,0.298
start.3,9,10,func_dec->compound->if->compound->while,2,control,1,0.308
result.3,10,3,func_dec->compound->if->compound->while->compound->call_exp,2,dec,1,0.317
diff.2,11,10,func_dec->compound->if->compound->while->compound->coumpund_assign->ref_dec,2,dec,1,0.327
result.3,10,3,func_dec->compound->if->compound->while->compound->call_exp,2,dec,1,0.337
diff.2,11,10,func_dec->compound->if->compound->while->compound->coumpund_assign->ref_dec,2,dec,1,0.346
result.2,7,10,func_dec->compound->if->compound->return,1,return,0,0.356
end.2,6,15,func_dec->compound->if,1,control,1,0.365
result.2,7,10,func_dec->compound->if->compound->return,1,return,0,0.375
start.2,6,7,func_dec->compound->if,1,control,1,0.385
std.2_std::vector<int>.1,4,1,func_dec,0,dec,2,0.394
start.2,6,7,func_dec->compound->if,1,control,1,0.404
std.3_std::vector<int>.2,5,3,func_dec->compound->dec->var_dec,0,dec,1,0.413
start.2,6,7,func_dec->compound->if,1,control,1,0.423
std.3_std::vector<int>.2,5,3,func_dec->compound->dec->var_dec,0,dec,1,0.433
start.2,6,7,func_dec->compound->if,1,control,1,0.442
std.3_std::vector<int>.2,5,3,func_dec->compound->dec->var_dec,0,dec,1,0.452
end.2,6,15,func_dec->compound->if,1,control,1,0.462
std.3_std::vector<int>.2,5,3,func_dec->compound->dec->var_dec,0,dec,1,0.471
start.2,6,7,func_dec->compound->if,1,control,1,0.481
return.1,7,3,func_dec->compound->if->compound->return,1,return,0,0.49
start.2,6,7,func_dec->compound->if,1,control,1,0.5
return.1,7,3,func_dec->compound->if->compound->return,1,return,0,0.51
start.2,6,7,func_dec->compound->if,1,control,1,0.519
return.1,7,3,func_dec->compound->if->compound->return,1,return,0,0.529
end.2,6,15,func_dec->compound->if,1,control,1,0.538
return.1,7,3,func_dec->compound->if->compound->return,1,return,0,0.548
result.2,7,10,func_dec->compound->if->compound->return,1,return,0,0.558
start.3,9,10,func_dec->compound->if->compound->while,2,control,1,0.567
result.3,10,3,func_dec->compound->if->compound->while->compound->call_exp,2,dec,1,0.577
diff.2_-=.1,11,10,func_dec->compound->if->compound->while->compound->coumpund_assign->ref_dec,2,dec,1,0.587
start.3,9,10,func_dec->compound->if->compound->while,2,control,1,0.596
result.3,10,3,func_dec->compound->if->compound->while->compound->call_exp,2,dec,1,0.606
end.3_<=.1,9,19,func_dec->compound->if->compound->while,2,control,1,0.615
result.3,10,3,func_dec->compound->if->compound->while->compound->call_exp,2,dec,1,0.625
end.3_<=.1,9,19,func_dec->compound->if->compound->while,2,control,1,0.635
end.3,9,19,func_dec->compound->if->compound->while,2,control,1,0.644
diff.1,4,51,func_dec,0,dec,2,0.654
end.3,9,19,func_dec->compound->if->compound->while,2,control,1,0.663
result.3,10,3,func_dec->compound->if->compound->while->compound->call_exp,2,dec,1,0.673
end.3_<=.1,9,19,func_dec->compound->if->compound->while,2,control,1,0.683
result.3,10,3,func_dec->compound->if->compound->while->compound->call_exp,2,dec,1,0.692
end.3_<=.1,9,19,func_dec->compound->if->compound->while,2,control,1,0.702
result.3,10,3,func_dec->compound->if->compound->while->compound->call_exp,2,dec,1,0.712
diff.2,11,10,func_dec->compound->if->compound->while->compound->coumpund_assign->ref_dec,2,dec,1,0.721
end.3_<=.1,9,19,func_dec->compound->if->compound->while,2,control,1,0.731
result.3,10,3,func_dec->compound->if->compound->while->compound->call_exp,2,dec,1,0.74
diff.2,11,10,func_dec->compound->if->compound->while->compound->coumpund_assign->ref_dec,2,dec,1,0.75
result.3,10,3,func_dec->compound->if->compound->while->compound->call_exp,2,dec,1,0.76
end.3_<=.1,9,19,func_dec->compound->if->compound->while,2,control,1,0.769
result.3,10,3,func_dec->compound->if->compound->while->compound->call_exp,2,dec,1,0.779
end.3_<=.1,9,19,func_dec->compound->if->compound->while,2,control,1,0.788
result.3,10,3,func_dec->compound->if->compound->while->compound->call_exp,2,dec,1,0.798
diff.2,11,10,func_dec->compound->if->compound->while->compound->coumpund_assign->ref_dec,2,dec,1,0.808
result.3,10,3,func_dec->compound->if->compound->while->compound->call_exp,2,dec,1,0.817
start.3,9,10,func_dec->compound->if->compound->while,2,control,1,0.827
result.3,10,3,func_dec->compound->if->compound->while->compound->call_exp,2,dec,1,0.837
end.3_<=.1,9,19,func_dec->compound->if->compound->while,2,control,1,0.846
result.3,10,3,func_dec->compound->if->compound->while->compound->call_exp,2,dec,1,0.856
end.5,11,3,func_dec->compound->if->compound->while->compound->coumpund_assign->ref_dec,2,dec,1,0.865
return.2,13,3,func_dec->compound->if->compound->return,1,return,0,0.875
end.5,11,3,func_dec->compound->if->compound->while->compound->coumpund_assign->ref_dec,2,dec,1,0.885
result.3,10,3,func_dec->compound->if->compound->while->compound->call_exp,2,dec,1,0.894
start.3,9,10,func_dec->compound->if->compound->while,2,control,1,0.904
diff.2_-=.1,11,10,func_dec->compound->if->compound->while->compound->coumpund_assign->ref_dec,2,dec,1,0.913
result.3,10,3,func_dec->compound->if->compound->while->compound->call_exp,2,dec,1,0.923
start.3,9,10,func_dec->compound->if->compound->while,2,control,1,0.933
start.3,9,10,func_dec->compound->if->compound->while,2,control,1,0.942
start.3,9,10,func_dec->compound->if->compound->while,2,control,1,0.952
start.3,9,10,func_dec->compound->if->compound->while,2,control,1,0.962
start.3,9,10,func_dec->compound->if->compound->while,2,control,1,0.971
start.3,9,10,func_dec->compound->if->compound->while,2,control,1,0.981
start.3,9,10,func_dec->compound->if->compound->while,2,control,1,0.99
result.3,10,3,func_dec->compound->if->compound->while->compound->call_exp,2,dec,1,1.0
